line_id,transaction_id,product_code,qty,unit_price,discount_amt,line_amount
L00000001,T0000001,BEV003,1,4000,200,3800
L00000002,T0000001,DES003,1,3700,300,3400
L00000003,T0000002,BEV002,1,1600,300,1300
L00000004,T0000002,DES003,1,3500,300,3200
L00000005,T0000002,BEV003,1,4200,300,3900
L00000006,T0000002,DES002,1,5900,0,5900
L00000007,T0000003,RTE003,1,4800,0,4800
L00000008,T0000004,RTE001,1,6500,500,6000
L00000009,T0000004,BEV003,3,4300,200,12700
L00000010,T0000005,SNK002,1,4400,0,4400
L00000011,T0000005,RTE001,1,6600,0,6600
L00000012,T0000005,DES003,1,3700,0,3700
L00000013,T0000005,BEV004,2,2700,300,5100
L00000014,T0000006,HOU003,1,6700,0,6700
L00000015,T0000006,DES003,1,3300,0,3300
L00000016,T0000006,DES003,2,3500,0,7000
L00000017,T0000007,HOU002,3,2300,300,6600
L00000018,T0000007,DES003,1,3700,200,3500
L00000019,T0000008,SNK001,1,3900,0,3900
L00000020,T0000008,RTE001,2,6500,0,13000
L00000021,T0000009,BEV001,1,2700,0,2700
L00000022,T0000009,SNK004,2,2600,300,4900
L00000023,T0000010,RTE001,1,6500,300,6200
L00000024,T0000010,HOU001,1,3000,300,2700
L00000025,T0000010,BEV004,1,2700,0,2700
L00000026,T0000010,HOU003,1,6700,200,6500
L00000027,T0000011,RTE002,1,7400,300,7100
L00000028,T0000011,DES001,2,3100,200,6000
L00000029,T0000012,SNK001,1,3800,500,3300
L00000030,T0000013,HOU001,1,3000,300,2700
L00000031,T0000014,SNK003,1,5000,0,5000
L00000032,T0000014,DES003,2,3700,0,7400
L00000033,T0000014,HOU001,2,2700,200,5200
L00000034,T0000015,SNK001,1,3800,0,3800
L00000035,T0000015,HOU003,1,7100,200,6900
L00000036,T0000015,HOU002,1,2300,200,2100
L00000037,T0000016,RTE004,1,8400,0,8400
L00000038,T0000016,RTE002,1,7200,0,7200
L00000039,T0000017,RTE003,1,4800,300,4500
L00000040,T0000017,SNK001,1,3800,0,3800
L00000041,T0000017,BEV002,2,1800,0,3600
L00000042,T0000017,SNK002,2,4400,500,8300
L00000043,T0000018,RTE004,1,8400,0,8400
L00000044,T0000018,SNK001,1,3800,300,3500
L00000045,T0000019,DES003,2,3500,0,7000
L00000046,T0000019,HOU002,1,2300,0,2300
L00000047,T0000019,HOU002,2,2300,300,4300
L00000048,T0000020,SNK001,1,3900,0,3900
L00000049,T0000020,RTE004,1,8600,500,8100
L00000050,T0000021,SNK001,1,3800,200,3600
L00000051,T0000021,HOU003,1,6900,0,6900
L00000052,T0000022,SNK002,1,4000,0,4000
L00000053,T0000022,SNK003,3,5400,300,15900
L00000054,T0000022,RTE004,2,8600,500,16700
L00000055,T0000023,DES002,2,5700,0,11400
L00000056,T0000023,RTE001,1,6300,500,5800
L00000057,T0000024,RTE002,1,7000,500,6500
L00000058,T0000024,RTE001,1,6300,0,6300
L00000059,T0000024,BEV001,2,2500,0,5000
L00000060,T0000025,BEV002,2,1800,500,3100
L00000061,T0000026,RTE002,1,7300,200,7100
L00000062,T0000026,BEV003,1,4200,500,3700
L00000063,T0000026,HOU001,1,2900,0,2900
L00000064,T0000027,DES002,1,6000,0,6000
L00000065,T0000027,BEV003,1,4300,0,4300
L00000066,T0000027,HOU002,2,2500,300,4700
L00000067,T0000028,SNK001,2,3600,300,6900
L00000068,T0000028,RTE003,3,5000,0,15000
L00000069,T0000028,BEV002,1,1800,0,1800
L00000070,T0000029,SNK003,3,5400,0,16200
L00000071,T0000029,HOU001,1,2900,0,2900
L00000072,T0000029,RTE002,1,7000,0,7000
L00000073,T0000030,SNK003,2,5300,200,10400
L00000074,T0000030,RTE003,1,4600,200,4400
L00000075,T0000030,RTE001,1,6700,0,6700
L00000076,T0000030,SNK004,1,2800,500,2300
L00000077,T0000031,DES003,1,3700,0,3700
L00000078,T0000031,SNK003,1,5400,0,5400
L00000079,T0000032,DES002,3,5700,500,16600
L00000080,T0000032,SNK001,2,3600,0,7200
L00000081,T0000032,DES001,2,2900,0,5800
L00000082,T0000032,RTE003,1,4600,200,4400
L00000083,T0000032,RTE003,2,4800,200,9400
L00000084,T0000033,RTE001,1,6600,0,6600
L00000085,T0000033,RTE004,1,8600,0,8600
L00000086,T0000034,DES003,1,3300,500,2800
L00000087,T0000034,DES003,1,3500,300,3200
L00000088,T0000035,HOU002,1,2300,200,2100
L00000089,T0000035,HOU001,1,2700,200,2500
L00000090,T0000036,BEV004,1,2600,200,2400
L00000091,T0000036,DES003,1,3600,200,3400
L00000092,T0000036,SNK001,1,3900,0,3900
L00000093,T0000036,RTE003,1,4800,0,4800
L00000094,T0000037,HOU001,1,3100,0,3100
L00000095,T0000037,SNK004,1,2800,0,2800
L00000096,T0000037,RTE004,1,8600,500,8100
L00000097,T0000038,RTE004,1,8800,0,8800
L00000098,T0000038,HOU003,1,7100,300,6800
L00000099,T0000039,BEV004,1,2400,0,2400
L00000100,T0000039,HOU002,2,2400,500,4300
L00000101,T0000039,SNK004,2,3000,300,5700
L00000102,T0000040,HOU002,1,2300,200,2100
L00000103,T0000040,SNK001,1,3800,500,3300
L00000104,T0000041,DES001,1,2900,200,2700
L00000105,T0000042,BEV004,1,2700,0,2700
L00000106,T0000043,BEV004,1,2400,200,2200
L00000107,T0000043,RTE003,1,4600,0,4600
L00000108,T0000043,BEV001,1,2500,0,2500
L00000109,T0000044,DES002,1,5900,200,5700
L00000110,T0000044,RTE002,1,7000,0,7000
L00000111,T0000044,HOU003,1,6900,200,6700
L00000112,T0000044,HOU001,2,2700,300,5100
L00000113,T0000044,DES003,1,3500,0,3500
L00000114,T0000045,DES002,1,6100,300,5800
L00000115,T0000045,DES002,1,5900,0,5900
L00000116,T0000046,BEV004,1,2400,0,2400
L00000117,T0000046,DES003,1,3500,300,3200
L00000118,T0000047,BEV002,1,1900,500,1400
L00000119,T0000047,HOU003,1,7000,0,7000
L00000120,T0000047,DES001,1,3100,300,2800
L00000121,T0000048,DES002,2,6100,0,12200
L00000122,T0000048,RTE004,1,8600,0,8600
L00000123,T0000049,DES003,1,3300,500,2800
L00000124,T0000049,BEV001,1,2700,0,2700
L00000125,T0000049,RTE002,2,7200,0,14400
L00000126,T0000049,SNK003,1,5200,500,4700
L00000127,T0000050,RTE004,1,8400,300,8100
L00000128,T0000050,BEV001,1,2500,300,2200
L00000129,T0000050,BEV001,3,2500,300,7200
L00000130,T0000051,HOU003,1,7000,300,6700
L00000131,T0000051,HOU002,1,2300,200,2100
L00000132,T0000051,HOU001,1,2900,0,2900
L00000133,T0000052,HOU002,1,2300,0,2300
L00000134,T0000052,RTE001,1,6300,0,6300
L00000135,T0000052,RTE001,1,6300,500,5800
L00000136,T0000053,DES002,1,5700,500,5200
L00000137,T0000054,HOU001,1,2900,0,2900
L00000138,T0000055,BEV004,1,2800,0,2800
L00000139,T0000056,SNK004,1,2900,500,2400
L00000140,T0000056,HOU002,1,2400,200,2200
L00000141,T0000057,BEV002,1,2000,200,1800
L00000142,T0000058,HOU003,1,6700,0,6700
L00000143,T0000058,SNK004,1,2800,0,2800
L00000144,T0000059,RTE001,1,6300,0,6300
L00000145,T0000060,SNK003,1,5400,300,5100
L00000146,T0000061,BEV003,1,4400,0,4400
L00000147,T0000061,BEV003,1,4400,200,4200
L00000148,T0000061,DES001,2,2900,0,5800
L00000149,T0000061,HOU002,1,2400,200,2200
L00000150,T0000062,SNK002,1,4200,0,4200
L00000151,T0000062,BEV003,1,4300,0,4300
L00000152,T0000063,HOU001,2,2900,0,5800
L00000153,T0000063,RTE002,1,7400,200,7200
L00000154,T0000063,SNK003,1,5000,200,4800
L00000155,T0000063,RTE002,1,7400,0,7400
L00000156,T0000063,RTE003,1,4600,500,4100
L00000157,T0000064,HOU003,1,6700,0,6700
L00000158,T0000065,RTE004,1,8700,0,8700
L00000159,T0000065,SNK003,1,5200,500,4700
L00000160,T0000066,BEV002,2,2000,0,4000
L00000161,T0000067,SNK002,1,4300,200,4100
L00000162,T0000067,HOU003,1,7000,500,6500
L00000163,T0000068,RTE004,1,8400,0,8400
L00000164,T0000069,BEV001,1,2500,300,2200
L00000165,T0000069,RTE001,1,6700,500,6200
L00000166,T0000069,SNK003,3,5200,0,15600
L00000167,T0000069,HOU002,1,2300,0,2300
L00000168,T0000069,HOU002,1,2400,0,2400
L00000169,T0000070,DES002,2,6100,0,12200
L00000170,T0000070,BEV004,1,2600,300,2300
L00000171,T0000071,SNK004,1,2800,500,2300
L00000172,T0000071,BEV001,1,2300,500,1800
L00000173,T0000072,DES001,3,3300,200,9700
L00000174,T0000072,SNK002,1,4000,300,3700
L00000175,T0000073,HOU002,1,2300,0,2300
L00000176,T0000073,DES001,1,3200,0,3200
L00000177,T0000073,DES003,1,3500,300,3200
L00000178,T0000073,DES003,1,3700,0,3700
L00000179,T0000074,HOU003,1,6700,300,6400
L00000180,T0000074,SNK001,1,3800,500,3300
L00000181,T0000075,RTE004,1,8400,0,8400
L00000182,T0000075,RTE003,1,4800,0,4800
L00000183,T0000076,RTE003,1,4600,0,4600
L00000184,T0000077,RTE003,1,4800,0,4800
L00000185,T0000077,BEV001,2,2600,0,5200
L00000186,T0000078,RTE003,1,4900,300,4600
L00000187,T0000078,SNK003,1,5400,0,5400
L00000188,T0000079,RTE004,1,8400,500,7900
L00000189,T0000079,BEV001,1,2300,0,2300
L00000190,T0000079,BEV002,1,1800,300,1500
L00000191,T0000080,SNK003,1,5300,200,5100
L00000192,T0000080,BEV001,2,2300,300,4300
L00000193,T0000081,HOU002,2,2100,0,4200
L00000194,T0000081,RTE001,1,6500,500,6000
L00000195,T0000081,RTE003,1,5000,200,4800
L00000196,T0000081,HOU003,1,7000,500,6500
L00000197,T0000082,RTE003,1,4800,300,4500
L00000198,T0000082,SNK002,1,4000,500,3500
L00000199,T0000083,RTE002,1,7200,300,6900
L00000200,T0000083,HOU002,3,2300,300,6600
L00000201,T0000083,RTE003,3,4800,0,14400
L00000202,T0000084,BEV001,1,2300,200,2100
L00000203,T0000084,RTE002,1,7200,0,7200
L00000204,T0000084,SNK001,1,3800,500,3300
L00000205,T0000085,RTE002,2,7300,0,14600
L00000206,T0000085,BEV002,2,1800,200,3400
L00000207,T0000086,SNK003,2,5300,0,10600
L00000208,T0000087,DES001,1,3200,0,3200
L00000209,T0000087,HOU002,2,2100,0,4200
L00000210,T0000088,RTE003,1,4800,0,4800
L00000211,T0000088,SNK001,2,4000,200,7800
L00000212,T0000088,RTE002,1,7200,0,7200
L00000213,T0000089,SNK002,1,4200,0,4200
L00000214,T0000089,HOU002,1,2300,500,1800
L00000215,T0000090,HOU003,1,6700,500,6200
L00000216,T0000090,BEV002,1,1800,0,1800
L00000217,T0000091,BEV003,1,4200,200,4000
L00000218,T0000092,DES002,1,5900,500,5400
L00000219,T0000093,HOU002,1,2300,200,2100
L00000220,T0000093,HOU003,1,6700,500,6200
L00000221,T0000093,DES001,1,3300,0,3300
L00000222,T0000093,RTE002,1,7400,500,6900
L00000223,T0000094,HOU002,1,2500,500,2000
L00000224,T0000094,HOU003,1,6900,500,6400
L00000225,T0000095,RTE001,1,6300,200,6100
L00000226,T0000095,HOU002,2,2400,0,4800
L00000227,T0000096,SNK003,1,5000,0,5000
L00000228,T0000096,DES001,1,3100,0,3100
L00000229,T0000096,BEV002,1,1900,300,1600
L00000230,T0000096,RTE002,1,7000,500,6500
L00000231,T0000097,DES001,1,3100,0,3100
L00000232,T0000097,HOU001,1,2900,300,2600
L00000233,T0000098,RTE001,1,6700,0,6700
L00000234,T0000098,RTE002,2,7200,0,14400
L00000235,T0000099,HOU002,1,2300,0,2300
L00000236,T0000099,DES003,1,3300,0,3300
L00000237,T0000100,BEV002,1,1800,200,1600
L00000238,T0000100,HOU002,1,2100,500,1600
L00000239,T0000101,SNK001,2,3600,0,7200
L00000240,T0000101,BEV004,2,2600,0,5200
L00000241,T0000102,RTE002,2,7400,0,14800
L00000242,T0000103,HOU001,1,2900,0,2900
L00000243,T0000103,SNK004,1,3000,0,3000
L00000244,T0000104,SNK001,1,3900,0,3900
L00000245,T0000104,SNK003,1,5200,0,5200
L00000246,T0000104,BEV001,2,2500,200,4800
L00000247,T0000105,DES001,1,3100,300,2800
L00000248,T0000105,SNK003,2,5300,500,10100
L00000249,T0000105,DES002,1,6000,500,5500
L00000250,T0000106,SNK004,1,2800,0,2800
L00000251,T0000107,HOU001,1,2900,0,2900
L00000252,T0000107,RTE004,1,8700,300,8400
L00000253,T0000108,DES003,1,3500,200,3300
L00000254,T0000108,BEV003,1,4200,200,4000
L00000255,T0000109,BEV002,1,1600,0,1600
L00000256,T0000109,HOU003,1,6700,200,6500
L00000257,T0000109,BEV003,1,4000,200,3800
L00000258,T0000109,BEV001,1,2700,500,2200
L00000259,T0000110,HOU001,2,3100,0,6200
L00000260,T0000110,SNK003,1,5300,200,5100
L00000261,T0000110,HOU001,2,3100,500,5700
L00000262,T0000111,DES001,1,3300,200,3100
L00000263,T0000111,HOU001,1,3100,0,3100
L00000264,T0000112,BEV003,1,4200,0,4200
L00000265,T0000113,RTE004,1,8400,200,8200
L00000266,T0000113,RTE002,2,7200,0,14400
L00000267,T0000113,BEV004,1,2800,200,2600
L00000268,T0000114,BEV004,2,2600,300,4900
L00000269,T0000114,RTE002,1,7000,0,7000
L00000270,T0000114,HOU001,1,3000,0,3000
L00000271,T0000115,BEV002,1,1800,200,1600
L00000272,T0000115,RTE002,1,7200,500,6700
L00000273,T0000115,DES003,1,3500,200,3300
L00000274,T0000115,BEV001,1,2500,0,2500
L00000275,T0000116,BEV004,1,2700,300,2400
L00000276,T0000116,BEV002,1,1800,300,1500
L00000277,T0000116,BEV003,1,4200,0,4200
L00000278,T0000116,BEV004,1,2600,0,2600
L00000279,T0000116,DES001,1,2900,0,2900
L00000280,T0000117,BEV001,2,2500,500,4500
L00000281,T0000117,DES001,1,3200,0,3200
L00000282,T0000117,BEV003,1,4300,0,4300
L00000283,T0000117,RTE001,2,6700,500,12900
L00000284,T0000118,RTE003,1,4600,0,4600
L00000285,T0000118,SNK002,2,4300,500,8100
L00000286,T0000119,DES001,1,3100,300,2800
L00000287,T0000119,BEV003,1,4200,0,4200
L00000288,T0000120,RTE003,1,4600,500,4100
L00000289,T0000121,DES001,1,3100,200,2900
L00000290,T0000121,BEV002,1,1800,200,1600
L00000291,T0000121,DES002,1,5900,0,5900
L00000292,T0000121,SNK002,2,4200,500,7900
L00000293,T0000121,DES001,1,3100,200,2900
L00000294,T0000122,BEV002,1,1800,0,1800
L00000295,T0000122,BEV004,3,2400,0,7200
L00000296,T0000122,HOU001,1,3000,200,2800
L00000297,T0000122,DES002,1,5900,300,5600
L00000298,T0000123,SNK002,1,4400,200,4200
L00000299,T0000123,RTE001,1,6500,0,6500
L00000300,T0000124,HOU003,1,6700,0,6700
L00000301,T0000125,BEV002,1,1900,0,1900
L00000302,T0000125,HOU002,1,2300,500,1800
L00000303,T0000125,DES001,1,2900,0,2900
L00000304,T0000126,HOU003,1,6900,200,6700
L00000305,T0000127,HOU001,1,2900,500,2400
L00000306,T0000127,DES001,1,3100,500,2600
L00000307,T0000128,BEV001,1,2500,200,2300
L00000308,T0000128,SNK002,1,4200,200,4000
L00000309,T0000128,DES003,1,3300,0,3300
L00000310,T0000128,RTE004,1,8800,0,8800
L00000311,T0000128,SNK003,1,5200,0,5200
L00000312,T0000129,RTE004,1,8700,500,8200
L00000313,T0000130,DES003,1,3500,500,3000
L00000314,T0000130,RTE003,1,5000,300,4700
L00000315,T0000130,HOU001,1,2900,300,2600
L00000316,T0000130,DES002,1,6000,0,6000
L00000317,T0000131,HOU001,1,2900,0,2900
L00000318,T0000132,RTE001,1,6500,200,6300
L00000319,T0000132,RTE003,1,4900,0,4900
L00000320,T0000133,BEV001,3,2500,200,7300
L00000321,T0000134,SNK001,1,4000,300,3700
L00000322,T0000134,DES001,3,3200,0,9600
L00000323,T0000135,BEV003,1,4300,200,4100
L00000324,T0000136,DES002,1,5900,0,5900
L00000325,T0000137,BEV004,3,2800,0,8400
L00000326,T0000137,SNK001,1,3800,0,3800
L00000327,T0000137,BEV001,1,2700,300,2400
L00000328,T0000137,RTE004,1,8800,0,8800
L00000329,T0000138,DES002,1,6000,300,5700
L00000330,T0000139,RTE004,1,8600,500,8100
L00000331,T0000139,SNK003,1,5200,0,5200
L00000332,T0000139,HOU001,1,3000,0,3000
L00000333,T0000139,SNK004,2,2800,0,5600
L00000334,T0000140,SNK003,1,5300,200,5100
L00000335,T0000140,BEV004,1,2600,500,2100
L00000336,T0000140,BEV001,1,2300,300,2000
L00000337,T0000141,SNK002,1,4300,0,4300
L00000338,T0000141,DES003,1,3300,500,2800
L00000339,T0000141,RTE001,2,6700,0,13400
L00000340,T0000141,SNK002,1,4000,200,3800
L00000341,T0000142,DES003,1,3700,300,3400
L00000342,T0000142,HOU003,1,6700,200,6500
L00000343,T0000142,HOU003,1,7100,300,6800
L00000344,T0000142,SNK001,1,3900,200,3700
L00000345,T0000142,BEV003,1,4200,500,3700
L00000346,T0000143,HOU001,1,3100,0,3100
L00000347,T0000144,RTE001,1,6500,0,6500
L00000348,T0000144,BEV003,1,4200,0,4200
L00000349,T0000145,SNK003,2,5000,300,9700
L00000350,T0000145,SNK001,1,3600,200,3400
L00000351,T0000145,BEV002,2,1600,200,3000
L00000352,T0000146,RTE001,1,6600,0,6600
L00000353,T0000146,SNK002,1,4200,300,3900
L00000354,T0000147,RTE003,1,5000,200,4800
L00000355,T0000148,RTE002,2,7000,0,14000
L00000356,T0000148,HOU002,1,2100,0,2100
L00000357,T0000148,BEV001,1,2700,300,2400
L00000358,T0000149,RTE002,1,7300,0,7300
L00000359,T0000149,HOU003,2,6900,200,13600
L00000360,T0000149,SNK001,1,3800,0,3800
L00000361,T0000149,RTE002,1,7000,0,7000
L00000362,T0000150,RTE004,1,8700,0,8700
L00000363,T0000150,BEV004,1,2600,500,2100
L00000364,T0000150,RTE004,1,8400,200,8200
L00000365,T0000150,SNK002,1,4400,500,3900
L00000366,T0000150,SNK001,3,3800,0,11400
L00000367,T0000151,SNK004,1,2900,0,2900
L00000368,T0000151,BEV003,1,4400,0,4400
L00000369,T0000151,BEV001,1,2500,0,2500
L00000370,T0000151,DES001,1,3300,500,2800
L00000371,T0000152,SNK004,1,2800,0,2800
L00000372,T0000152,RTE003,3,4800,200,14200
L00000373,T0000153,BEV002,2,1800,0,3600
L00000374,T0000153,DES001,2,2900,0,5800
L00000375,T0000154,SNK004,1,3000,500,2500
L00000376,T0000154,SNK003,1,5400,0,5400
L00000377,T0000155,DES003,1,3500,200,3300
L00000378,T0000155,DES001,1,2900,0,2900
L00000379,T0000155,HOU001,1,3000,0,3000
L00000380,T0000155,RTE004,1,8600,0,8600
L00000381,T0000155,DES003,1,3300,0,3300
L00000382,T0000156,BEV004,1,2800,500,2300
L00000383,T0000156,DES002,3,5700,300,16800
L00000384,T0000157,SNK002,2,4300,300,8300
L00000385,T0000158,DES003,1,3300,0,3300
L00000386,T0000158,RTE003,1,4600,0,4600
L00000387,T0000159,DES003,1,3500,300,3200
L00000388,T0000159,RTE004,2,8600,0,17200
L00000389,T0000160,SNK004,1,2900,300,2600
L00000390,T0000160,SNK004,1,2600,300,2300
L00000391,T0000161,BEV002,1,1800,0,1800
L00000392,T0000162,DES003,1,3500,500,3000
L00000393,T0000162,RTE004,1,8400,0,8400
L00000394,T0000163,SNK004,1,2800,0,2800
L00000395,T0000164,DES001,1,3200,200,3000
L00000396,T0000164,DES002,1,5900,200,5700
L00000397,T0000164,SNK001,3,3800,200,11200
L00000398,T0000165,BEV002,1,1800,0,1800
L00000399,T0000165,BEV003,2,4200,300,8100
L00000400,T0000165,RTE004,1,8800,200,8600
L00000401,T0000166,SNK003,1,5300,500,4800
L00000402,T0000167,RTE002,1,7400,200,7200
L00000403,T0000167,BEV003,1,4000,300,3700
L00000404,T0000167,SNK004,1,2800,500,2300
L00000405,T0000167,DES001,1,3200,0,3200
L00000406,T0000167,RTE004,1,8600,300,8300
L00000407,T0000168,BEV003,1,4300,0,4300
L00000408,T0000168,DES001,1,2900,0,2900
L00000409,T0000168,RTE001,2,6600,200,13000
L00000410,T0000168,RTE002,1,7000,0,7000
L00000411,T0000169,RTE002,1,7200,0,7200
L00000412,T0000169,BEV003,1,4300,500,3800
L00000413,T0000170,RTE003,1,4600,0,4600
L00000414,T0000170,SNK004,1,2900,0,2900
L00000415,T0000171,SNK003,1,5300,0,5300
L00000416,T0000172,HOU002,1,2500,500,2000
L00000417,T0000173,DES002,1,6000,300,5700
L00000418,T0000173,HOU001,1,3000,0,3000
L00000419,T0000173,RTE003,1,5000,500,4500
L00000420,T0000173,DES002,1,6000,500,5500
L00000421,T0000173,DES002,1,5700,500,5200
L00000422,T0000174,DES003,1,3500,500,3000
L00000423,T0000174,DES001,1,3300,200,3100
L00000424,T0000174,HOU002,1,2300,300,2000
L00000425,T0000175,BEV003,1,4200,0,4200
L00000426,T0000175,DES003,1,3500,0,3500
L00000427,T0000175,SNK003,1,5300,0,5300
L00000428,T0000175,RTE004,1,8800,0,8800
L00000429,T0000176,BEV003,1,4200,200,4000
L00000430,T0000176,DES003,1,3300,300,3000
L00000431,T0000176,SNK003,1,5200,500,4700
L00000432,T0000176,DES003,1,3500,200,3300
L00000433,T0000176,DES002,1,5700,0,5700
L00000434,T0000177,HOU001,1,2900,0,2900
L00000435,T0000177,RTE001,1,6600,200,6400
L00000436,T0000178,RTE001,1,6600,0,6600
L00000437,T0000178,HOU003,2,6700,500,12900
L00000438,T0000178,RTE004,2,8400,500,16300
L00000439,T0000179,RTE003,1,4800,300,4500
L00000440,T0000180,SNK002,2,4300,200,8400
L00000441,T0000180,SNK001,1,3800,0,3800
L00000442,T0000181,DES002,1,6100,200,5900
L00000443,T0000181,HOU001,1,3000,500,2500
L00000444,T0000181,SNK002,1,4300,0,4300
L00000445,T0000181,DES001,1,3300,0,3300
L00000446,T0000181,RTE003,2,5000,0,10000
L00000447,T0000182,BEV004,1,2800,200,2600
L00000448,T0000182,SNK003,1,5400,0,5400
L00000449,T0000183,DES003,1,3500,500,3000
L00000450,T0000184,DES003,1,3600,200,3400
L00000451,T0000184,SNK002,1,4200,300,3900
L00000452,T0000184,RTE004,1,8800,300,8500
L00000453,T0000185,HOU001,2,3100,500,5700
L00000454,T0000185,RTE001,1,6700,300,6400
L00000455,T0000186,BEV003,1,4000,500,3500
L00000456,T0000187,DES001,1,3300,0,3300
L00000457,T0000187,BEV003,2,4200,0,8400
L00000458,T0000188,RTE001,1,6500,500,6000
L00000459,T0000189,HOU003,2,7000,300,13700
L00000460,T0000189,RTE002,1,7200,0,7200
L00000461,T0000189,HOU003,1,7100,0,7100
L00000462,T0000189,BEV001,3,2500,300,7200
L00000463,T0000190,HOU002,1,2400,300,2100
L00000464,T0000190,DES002,1,5700,200,5500
L00000465,T0000190,DES002,1,6000,0,6000
L00000466,T0000190,HOU002,1,2100,0,2100
L00000467,T0000191,SNK002,1,4200,500,3700
L00000468,T0000191,BEV001,1,2500,0,2500
L00000469,T0000191,SNK004,3,2900,0,8700
L00000470,T0000191,RTE002,1,7400,0,7400
L00000471,T0000192,SNK003,1,5300,0,5300
L00000472,T0000192,DES002,1,5900,0,5900
L00000473,T0000192,BEV001,1,2700,500,2200
L00000474,T0000192,RTE003,2,4800,0,9600
L00000475,T0000193,DES003,1,3300,0,3300
L00000476,T0000193,DES003,1,3700,0,3700
L00000477,T0000194,BEV004,2,2800,0,5600
L00000478,T0000195,BEV004,1,2600,200,2400
L00000479,T0000195,BEV004,1,2600,0,2600
L00000480,T0000196,SNK001,1,3900,0,3900
L00000481,T0000197,RTE001,2,6700,200,13200
L00000482,T0000198,BEV004,1,2700,0,2700
L00000483,T0000198,RTE001,1,6600,0,6600
L00000484,T0000198,DES002,1,5900,500,5400
L00000485,T0000198,HOU003,1,6900,500,6400
L00000486,T0000198,RTE001,1,6300,0,6300
L00000487,T0000199,RTE004,1,8700,0,8700
L00000488,T0000200,HOU002,1,2400,300,2100
L00000489,T0000200,DES003,2,3500,0,7000
L00000490,T0000200,HOU003,1,6900,0,6900
L00000491,T0000201,RTE003,1,4800,0,4800
L00000492,T0000202,HOU003,1,6900,300,6600
L00000493,T0000203,SNK001,1,4000,0,4000
L00000494,T0000203,DES001,1,2900,0,2900
L00000495,T0000204,HOU003,2,7100,0,14200
L00000496,T0000204,HOU003,1,6900,0,6900
L00000497,T0000205,HOU002,1,2500,300,2200
L00000498,T0000206,HOU003,1,6900,0,6900
L00000499,T0000206,RTE001,1,6700,500,6200
L00000500,T0000207,RTE002,1,7000,0,7000
L00000501,T0000207,BEV001,1,2600,0,2600
L00000502,T0000207,BEV001,1,2600,300,2300
L00000503,T0000208,RTE001,1,6300,0,6300
L00000504,T0000209,SNK001,1,3800,300,3500
L00000505,T0000209,HOU003,1,6900,0,6900
L00000506,T0000210,HOU003,1,7000,0,7000
L00000507,T0000210,BEV001,1,2600,0,2600
L00000508,T0000211,BEV002,1,1800,0,1800
L00000509,T0000212,HOU001,1,2900,0,2900
L00000510,T0000212,DES001,1,3100,0,3100
L00000511,T0000212,DES002,1,5900,0,5900
L00000512,T0000212,BEV001,1,2600,300,2300
L00000513,T0000213,BEV003,1,4200,200,4000
L00000514,T0000213,DES001,1,3200,0,3200
L00000515,T0000213,BEV001,1,2300,0,2300
L00000516,T0000214,BEV004,1,2800,0,2800
L00000517,T0000214,BEV002,1,1800,0,1800
L00000518,T0000214,BEV004,3,2700,0,8100
L00000519,T0000214,RTE001,1,6500,0,6500
L00000520,T0000214,RTE002,1,7200,0,7200
L00000521,T0000215,SNK002,1,4200,0,4200
L00000522,T0000215,DES002,1,6100,300,5800
L00000523,T0000216,SNK001,1,3800,300,3500
L00000524,T0000217,SNK004,1,2800,0,2800
L00000525,T0000217,SNK003,2,5400,0,10800
L00000526,T0000217,SNK002,1,4300,500,3800
L00000527,T0000218,SNK001,1,3900,500,3400
L00000528,T0000218,RTE001,1,6500,0,6500
L00000529,T0000218,DES001,1,3300,0,3300
L00000530,T0000218,SNK001,2,3800,0,7600
L00000531,T0000218,RTE001,1,6600,0,6600
L00000532,T0000219,BEV003,2,4400,500,8300
L00000533,T0000219,BEV003,1,4200,300,3900
L00000534,T0000220,SNK002,2,4200,0,8400
L00000535,T0000220,BEV003,1,4200,200,4000
L00000536,T0000221,BEV004,1,2400,0,2400
L00000537,T0000221,SNK003,1,5200,300,4900
L00000538,T0000221,DES003,1,3500,0,3500
L00000539,T0000221,BEV003,1,4000,500,3500
L00000540,T0000222,RTE001,1,6700,500,6200
L00000541,T0000223,RTE001,1,6300,0,6300
L00000542,T0000223,SNK004,1,3000,300,2700
L00000543,T0000224,SNK003,1,5200,0,5200
L00000544,T0000224,HOU003,1,6900,0,6900
L00000545,T0000224,RTE004,1,8600,0,8600
L00000546,T0000225,BEV003,1,4200,0,4200
L00000547,T0000225,BEV003,1,4300,500,3800
L00000548,T0000226,BEV003,1,4200,300,3900
L00000549,T0000226,RTE002,1,7200,0,7200
L00000550,T0000227,HOU003,1,6900,300,6600
L00000551,T0000227,SNK001,1,3600,300,3300
L00000552,T0000227,RTE004,1,8600,200,8400
L00000553,T0000227,HOU002,1,2400,500,1900
L00000554,T0000228,RTE001,1,6500,0,6500
L00000555,T0000228,DES001,1,3100,300,2800
L00000556,T0000229,RTE003,2,4900,200,9600
L00000557,T0000229,HOU003,2,7100,300,13900
L00000558,T0000230,DES003,2,3500,0,7000
L00000559,T0000230,DES002,1,6100,0,6100
L00000560,T0000231,SNK002,1,4400,500,3900
L00000561,T0000231,RTE003,1,4800,0,4800
L00000562,T0000231,RTE003,1,4800,500,4300
L00000563,T0000232,HOU001,1,2900,200,2700
L00000564,T0000232,SNK004,1,3000,500,2500
L00000565,T0000232,SNK004,2,3000,0,6000
L00000566,T0000233,RTE004,3,8700,0,26100
L00000567,T0000233,SNK002,2,4200,0,8400
L00000568,T0000234,BEV001,1,2300,0,2300
L00000569,T0000234,BEV002,1,1900,500,1400
L00000570,T0000234,RTE001,1,6300,200,6100
L00000571,T0000235,RTE004,1,8600,300,8300
L00000572,T0000235,RTE004,1,8800,0,8800
L00000573,T0000235,HOU003,1,7100,0,7100
L00000574,T0000236,RTE001,1,6500,500,6000
L00000575,T0000236,HOU002,1,2400,300,2100
L00000576,T0000237,SNK003,1,5200,200,5000
L00000577,T0000237,DES002,1,5900,200,5700
L00000578,T0000238,RTE001,1,6700,500,6200
L00000579,T0000238,RTE001,1,6600,0,6600
L00000580,T0000239,BEV004,1,2400,200,2200
L00000581,T0000239,DES001,1,3300,200,3100
L00000582,T0000240,DES001,1,2900,0,2900
L00000583,T0000241,RTE002,2,7300,0,14600
L00000584,T0000242,DES001,1,3300,0,3300
L00000585,T0000242,DES002,1,5900,300,5600
L00000586,T0000242,BEV004,1,2600,0,2600
L00000587,T0000243,BEV004,2,2700,200,5200
L00000588,T0000244,SNK003,1,5200,0,5200
L00000589,T0000245,BEV004,2,2600,500,4700
L00000590,T0000245,HOU003,1,6900,500,6400
L00000591,T0000245,DES001,1,3300,0,3300
L00000592,T0000245,SNK002,1,4200,0,4200
L00000593,T0000246,HOU003,3,6900,300,20400
L00000594,T0000246,HOU002,2,2300,500,4100
L00000595,T0000246,BEV001,1,2500,200,2300
L00000596,T0000246,SNK001,1,3800,0,3800
L00000597,T0000247,DES003,1,3500,500,3000
L00000598,T0000248,DES001,1,3300,0,3300
L00000599,T0000248,HOU002,1,2300,200,2100
L00000600,T0000248,HOU003,1,7000,0,7000
L00000601,T0000248,BEV004,2,2600,200,5000
L00000602,T0000248,HOU003,1,6900,0,6900
L00000603,T0000249,DES003,1,3500,200,3300
L00000604,T0000249,RTE004,1,8600,0,8600
L00000605,T0000250,HOU003,1,7000,0,7000
L00000606,T0000250,SNK003,1,5400,0,5400
L00000607,T0000250,HOU001,1,2900,500,2400
L00000608,T0000250,BEV003,1,4300,0,4300
L00000609,T0000251,DES003,1,3500,0,3500
L00000610,T0000251,HOU002,1,2300,500,1800
L00000611,T0000251,HOU003,1,6700,500,6200
L00000612,T0000252,BEV004,1,2700,300,2400
L00000613,T0000252,RTE003,1,5000,300,4700
L00000614,T0000252,SNK004,1,3000,0,3000
L00000615,T0000252,RTE002,1,7000,300,6700
L00000616,T0000252,SNK004,1,2800,200,2600
L00000617,T0000253,RTE001,1,6500,300,6200
L00000618,T0000253,HOU001,1,3000,300,2700
L00000619,T0000254,BEV003,3,4000,0,12000
L00000620,T0000254,RTE003,1,4800,0,4800
L00000621,T0000254,HOU003,1,7100,0,7100
L00000622,T0000255,BEV003,1,4000,200,3800
L00000623,T0000256,DES003,1,3500,0,3500
L00000624,T0000257,HOU001,1,2900,0,2900
L00000625,T0000258,RTE004,3,8600,300,25500
L00000626,T0000258,DES002,1,6000,0,6000
L00000627,T0000258,RTE003,1,4600,500,4100
L00000628,T0000258,SNK001,3,3800,0,11400
L00000629,T0000259,RTE004,2,8800,0,17600
L00000630,T0000259,RTE002,2,7300,0,14600
L00000631,T0000260,HOU003,1,7000,300,6700
L00000632,T0000260,DES001,1,3100,0,3100
L00000633,T0000261,BEV001,1,2600,0,2600
L00000634,T0000262,HOU002,1,2300,500,1800
L00000635,T0000262,SNK004,1,3000,0,3000
L00000636,T0000263,RTE004,2,8600,300,16900
L00000637,T0000263,HOU003,2,6900,200,13600
L00000638,T0000263,HOU001,2,2700,0,5400
L00000639,T0000263,DES003,1,3600,500,3100
L00000640,T0000264,BEV004,2,2700,0,5400
L00000641,T0000264,RTE004,1,8700,0,8700
L00000642,T0000264,RTE004,1,8600,0,8600
L00000643,T0000264,HOU001,1,3100,0,3100
L00000644,T0000264,BEV004,1,2400,0,2400
L00000645,T0000265,RTE003,1,4900,0,4900
L00000646,T0000265,DES001,1,3100,0,3100
L00000647,T0000265,SNK004,1,2800,200,2600
L00000648,T0000265,RTE004,1,8600,0,8600
L00000649,T0000266,SNK004,1,3000,500,2500
L00000650,T0000266,RTE004,2,8800,200,17400
L00000651,T0000266,RTE001,2,6600,200,13000
L00000652,T0000267,DES003,3,3300,0,9900
L00000653,T0000267,RTE003,1,4600,0,4600
L00000654,T0000267,BEV001,1,2500,200,2300
L00000655,T0000267,BEV003,2,4000,200,7800
L00000656,T0000267,BEV001,1,2300,0,2300
L00000657,T0000268,DES001,1,3300,0,3300
L00000658,T0000268,DES001,1,3100,0,3100
L00000659,T0000268,RTE004,1,8800,500,8300
L00000660,T0000268,SNK001,1,3600,0,3600
L00000661,T0000269,BEV001,1,2300,0,2300
L00000662,T0000269,SNK004,1,3000,300,2700
L00000663,T0000270,HOU002,2,2300,0,4600
L00000664,T0000270,DES002,1,6000,200,5800
L00000665,T0000271,SNK002,1,4200,200,4000
L00000666,T0000272,HOU001,2,2900,200,5600
L00000667,T0000273,DES002,1,6100,200,5900
L00000668,T0000273,SNK003,1,5200,0,5200
L00000669,T0000274,DES002,2,5900,300,11500
L00000670,T0000274,SNK004,3,2800,0,8400
L00000671,T0000274,HOU001,1,2900,0,2900
L00000672,T0000275,SNK003,1,5200,300,4900
L00000673,T0000275,BEV003,1,4300,0,4300
L00000674,T0000275,RTE002,1,7400,0,7400
L00000675,T0000276,RTE003,1,4900,200,4700
L00000676,T0000276,DES002,1,6100,300,5800
L00000677,T0000276,RTE004,1,8600,200,8400
L00000678,T0000276,SNK002,1,4300,0,4300
L00000679,T0000276,SNK004,1,2800,500,2300
L00000680,T0000277,BEV003,1,4200,0,4200
L00000681,T0000277,BEV003,1,4000,200,3800
L00000682,T0000277,BEV004,1,2800,0,2800
L00000683,T0000277,BEV003,1,4000,0,4000
L00000684,T0000278,DES002,1,6000,300,5700
L00000685,T0000278,RTE002,2,7200,0,14400
L00000686,T0000279,DES001,1,3100,0,3100
L00000687,T0000279,RTE002,1,7300,0,7300
L00000688,T0000279,SNK001,1,3900,200,3700
L00000689,T0000279,HOU001,1,2900,0,2900
L00000690,T0000280,SNK003,1,5200,0,5200
L00000691,T0000281,RTE002,2,7300,200,14400
L00000692,T0000281,HOU001,1,3000,0,3000
L00000693,T0000282,HOU003,1,7000,0,7000
L00000694,T0000283,HOU001,1,2900,500,2400
L00000695,T0000284,HOU001,2,2700,0,5400
L00000696,T0000285,BEV003,1,4300,0,4300
L00000697,T0000286,BEV001,2,2500,500,4500
L00000698,T0000286,BEV001,1,2500,500,2000
L00000699,T0000287,BEV002,1,1800,0,1800
L00000700,T0000287,SNK002,1,4400,0,4400
L00000701,T0000287,DES001,1,3200,300,2900
L00000702,T0000288,RTE004,1,8600,0,8600
L00000703,T0000289,DES002,2,6100,500,11700
L00000704,T0000290,RTE004,1,8700,300,8400
L00000705,T0000290,RTE004,1,8700,0,8700
L00000706,T0000290,HOU003,1,6900,0,6900
L00000707,T0000290,DES003,1,3300,200,3100
L00000708,T0000290,BEV002,2,1800,300,3300
L00000709,T0000291,SNK003,1,5300,200,5100
L00000710,T0000291,BEV003,1,4400,0,4400
L00000711,T0000292,BEV002,1,2000,200,1800
L00000712,T0000292,DES002,1,6000,500,5500
L00000713,T0000292,BEV002,1,1600,0,1600
L00000714,T0000293,SNK004,1,2800,0,2800
L00000715,T0000293,BEV001,1,2500,500,2000
L00000716,T0000294,RTE004,1,8800,0,8800
L00000717,T0000295,SNK002,3,4000,0,12000
L00000718,T0000296,RTE002,2,7200,300,14100
L00000719,T0000296,RTE002,1,7400,200,7200
L00000720,T0000296,RTE002,2,7000,0,14000
L00000721,T0000296,DES003,1,3600,0,3600
L00000722,T0000296,RTE002,2,7300,0,14600
L00000723,T0000297,SNK004,1,3000,200,2800
L00000724,T0000297,RTE001,1,6700,0,6700
L00000725,T0000298,SNK004,2,2900,300,5500
L00000726,T0000298,SNK001,1,3800,0,3800
L00000727,T0000299,RTE002,1,7400,0,7400
L00000728,T0000299,SNK003,2,5000,0,10000
L00000729,T0000299,RTE004,1,8600,300,8300
L00000730,T0000299,HOU002,2,2300,300,4300
L00000731,T0000300,SNK003,1,5300,0,5300
L00000732,T0000300,HOU001,1,3000,500,2500
L00000733,T0000301,BEV003,2,4200,0,8400
L00000734,T0000302,RTE004,1,8400,500,7900
L00000735,T0000302,SNK003,1,5000,0,5000
L00000736,T0000303,BEV001,2,2600,0,5200
L00000737,T0000304,RTE004,1,8800,0,8800
L00000738,T0000304,SNK003,1,5200,300,4900
L00000739,T0000304,BEV004,1,2700,500,2200
L00000740,T0000305,RTE002,1,7300,0,7300
L00000741,T0000306,DES001,1,2900,0,2900
L00000742,T0000306,DES002,1,5900,0,5900
L00000743,T0000307,HOU001,1,3100,0,3100
L00000744,T0000307,SNK001,1,4000,300,3700
L00000745,T0000308,RTE001,2,6300,0,12600
L00000746,T0000308,HOU002,2,2500,0,5000
L00000747,T0000309,RTE001,1,6600,0,6600
L00000748,T0000310,SNK003,1,5400,0,5400
L00000749,T0000311,BEV001,1,2300,0,2300
L00000750,T0000311,DES003,1,3600,300,3300
L00000751,T0000312,BEV002,1,1800,0,1800
L00000752,T0000313,BEV004,1,2800,0,2800
L00000753,T0000313,SNK004,2,3000,500,5500
L00000754,T0000314,RTE003,1,4800,0,4800
L00000755,T0000314,HOU003,1,7100,500,6600
L00000756,T0000314,BEV004,1,2600,0,2600
L00000757,T0000315,BEV004,1,2700,300,2400
L00000758,T0000315,RTE001,1,6600,300,6300
L00000759,T0000315,BEV001,2,2600,200,5000
L00000760,T0000316,SNK003,1,5400,0,5400
L00000761,T0000316,HOU003,1,6900,0,6900
L00000762,T0000316,DES002,2,5900,0,11800
L00000763,T0000316,HOU003,1,7000,500,6500
L00000764,T0000317,HOU002,1,2300,0,2300
L00000765,T0000317,RTE004,2,8700,500,16900
L00000766,T0000317,RTE001,1,6500,0,6500
L00000767,T0000318,BEV004,1,2800,500,2300
L00000768,T0000318,BEV003,1,4300,200,4100
L00000769,T0000318,BEV003,1,4200,300,3900
L00000770,T0000319,SNK003,1,5000,200,4800
L00000771,T0000319,BEV004,1,2600,200,2400
L00000772,T0000320,BEV004,1,2400,0,2400
L00000773,T0000320,BEV003,2,4400,0,8800
L00000774,T0000321,DES003,1,3500,300,3200
L00000775,T0000321,BEV002,1,1800,0,1800
L00000776,T0000322,RTE003,1,4600,500,4100
L00000777,T0000322,SNK001,1,4000,500,3500
L00000778,T0000322,DES003,2,3600,0,7200
L00000779,T0000322,HOU003,1,6900,200,6700
L00000780,T0000322,RTE001,1,6700,0,6700
L00000781,T0000323,SNK002,1,4200,300,3900
L00000782,T0000323,DES003,1,3300,500,2800
L00000783,T0000324,BEV004,1,2600,500,2100
L00000784,T0000325,BEV001,1,2600,0,2600
L00000785,T0000326,RTE003,1,4900,200,4700
L00000786,T0000326,BEV004,1,2700,0,2700
L00000787,T0000326,HOU002,1,2500,0,2500
L00000788,T0000327,BEV004,1,2600,0,2600
L00000789,T0000327,DES002,1,6000,0,6000
L00000790,T0000328,HOU002,2,2400,500,4300
L00000791,T0000328,HOU002,1,2300,200,2100
L00000792,T0000329,BEV004,1,2400,300,2100
L00000793,T0000329,DES001,1,2900,300,2600
L00000794,T0000329,DES003,1,3500,300,3200
L00000795,T0000330,RTE002,1,7200,200,7000
L00000796,T0000330,HOU002,1,2100,500,1600
L00000797,T0000330,RTE002,2,7200,0,14400
L00000798,T0000330,BEV001,1,2500,500,2000
L00000799,T0000330,BEV002,1,1800,0,1800
L00000800,T0000331,BEV003,2,4400,0,8800
L00000801,T0000331,HOU002,1,2300,0,2300
L00000802,T0000332,RTE002,1,7000,300,6700
L00000803,T0000332,DES002,1,5900,200,5700
L00000804,T0000332,HOU001,1,2900,200,2700
L00000805,T0000332,BEV001,2,2300,500,4100
L00000806,T0000332,RTE004,1,8600,0,8600
L00000807,T0000333,RTE002,3,7200,0,21600
L00000808,T0000333,RTE002,1,7200,300,6900
L00000809,T0000334,RTE004,2,8400,0,16800
L00000810,T0000335,HOU001,2,2900,0,5800
L00000811,T0000335,DES002,1,5900,500,5400
L00000812,T0000335,BEV002,1,1900,300,1600
L00000813,T0000335,BEV003,1,4400,0,4400
L00000814,T0000336,RTE002,2,7200,200,14200
L00000815,T0000336,SNK003,2,5000,0,10000
L00000816,T0000336,SNK002,2,4300,0,8600
L00000817,T0000337,HOU001,1,2700,300,2400
L00000818,T0000338,HOU001,1,2900,0,2900
L00000819,T0000339,HOU002,3,2300,500,6400
L00000820,T0000339,BEV001,1,2700,300,2400
L00000821,T0000339,DES001,2,3300,200,6400
L00000822,T0000340,RTE003,1,4800,0,4800
L00000823,T0000340,HOU002,1,2100,0,2100
L00000824,T0000340,SNK004,1,2600,300,2300
L00000825,T0000340,BEV004,1,2400,300,2100
L00000826,T0000340,BEV002,1,1800,500,1300
L00000827,T0000341,DES001,1,3100,0,3100
L00000828,T0000341,BEV003,3,4300,300,12600
L00000829,T0000341,RTE001,1,6300,500,5800
L00000830,T0000342,DES003,1,3300,0,3300
L00000831,T0000342,HOU002,3,2300,0,6900
L00000832,T0000342,SNK001,2,3600,0,7200
L00000833,T0000342,DES002,1,6100,0,6100
L00000834,T0000343,DES003,1,3500,0,3500
L00000835,T0000343,BEV002,1,1600,200,1400
L00000836,T0000344,BEV003,1,4300,0,4300
L00000837,T0000344,HOU001,2,3100,0,6200
L00000838,T0000345,BEV004,2,2400,0,4800
L00000839,T0000345,RTE004,1,8600,500,8100
L00000840,T0000345,SNK001,1,3800,200,3600
L00000841,T0000346,RTE001,1,6300,0,6300
L00000842,T0000347,DES002,3,6000,500,17500
L00000843,T0000347,HOU001,2,2700,300,5100
L00000844,T0000347,RTE001,1,6300,500,5800
L00000845,T0000348,HOU001,1,2900,500,2400
L00000846,T0000349,BEV002,2,1800,0,3600
L00000847,T0000350,RTE002,1,7200,300,6900
L00000848,T0000350,HOU003,1,6700,0,6700
L00000849,T0000350,BEV001,1,2500,200,2300
L00000850,T0000350,DES001,1,3100,0,3100
L00000851,T0000351,RTE003,1,5000,0,5000
L00000852,T0000352,SNK004,1,2800,500,2300
L00000853,T0000352,HOU003,1,7100,0,7100
L00000854,T0000352,DES002,1,6100,0,6100
L00000855,T0000352,SNK003,1,5300,0,5300
L00000856,T0000353,SNK002,1,4200,0,4200
L00000857,T0000353,DES003,1,3600,0,3600
L00000858,T0000354,RTE002,1,7200,300,6900
L00000859,T0000354,RTE004,1,8800,0,8800
L00000860,T0000355,HOU003,1,6900,300,6600
L00000861,T0000355,SNK003,2,5200,0,10400
L00000862,T0000355,BEV004,1,2700,500,2200
L00000863,T0000356,HOU003,1,6900,0,6900
L00000864,T0000357,DES002,1,5700,0,5700
L00000865,T0000357,BEV003,1,4200,200,4000
L00000866,T0000357,SNK001,1,4000,500,3500
L00000867,T0000357,BEV002,1,1600,0,1600
L00000868,T0000358,HOU003,3,7100,300,21000
L00000869,T0000358,RTE002,3,7200,300,21300
L00000870,T0000358,DES001,3,3300,300,9600
L00000871,T0000359,HOU001,1,3000,0,3000
L00000872,T0000359,BEV002,1,2000,0,2000
L00000873,T0000359,SNK002,1,4300,200,4100
L00000874,T0000360,SNK002,1,4400,0,4400
L00000875,T0000361,HOU002,1,2300,200,2100
L00000876,T0000362,HOU002,1,2300,0,2300
L00000877,T0000363,HOU001,1,2900,200,2700
L00000878,T0000363,SNK002,1,4200,0,4200
L00000879,T0000363,BEV003,1,4400,0,4400
L00000880,T0000363,DES003,1,3300,200,3100
L00000881,T0000363,RTE001,1,6500,0,6500
L00000882,T0000364,DES002,2,5700,0,11400
L00000883,T0000364,SNK001,1,3600,0,3600
L00000884,T0000364,SNK001,1,4000,300,3700
L00000885,T0000364,RTE004,1,8800,500,8300
L00000886,T0000365,RTE004,2,8700,0,17400
L00000887,T0000365,HOU001,1,2900,500,2400
L00000888,T0000366,DES003,2,3500,500,6500
L00000889,T0000366,BEV001,1,2300,500,1800
L00000890,T0000366,DES001,1,3100,0,3100
L00000891,T0000367,SNK002,1,4000,200,3800
L00000892,T0000367,RTE002,1,7300,200,7100
L00000893,T0000367,RTE004,1,8800,300,8500
L00000894,T0000368,DES002,1,5900,300,5600
L00000895,T0000368,RTE002,1,7200,0,7200
L00000896,T0000369,RTE004,2,8600,300,16900
L00000897,T0000370,DES002,1,5900,500,5400
L00000898,T0000371,DES001,1,3200,200,3000
L00000899,T0000371,HOU001,1,2700,500,2200
L00000900,T0000371,SNK001,3,3900,500,11200
L00000901,T0000372,BEV001,1,2600,500,2100
L00000902,T0000372,BEV001,1,2500,500,2000
L00000903,T0000372,RTE002,2,7300,500,14100
L00000904,T0000372,RTE003,1,4800,0,4800
L00000905,T0000373,SNK004,2,2600,0,5200
L00000906,T0000373,HOU002,1,2300,200,2100
L00000907,T0000373,SNK004,1,2800,0,2800
L00000908,T0000374,RTE002,1,7200,500,6700
L00000909,T0000375,RTE003,1,4800,200,4600
L00000910,T0000375,DES002,1,6000,500,5500
L00000911,T0000375,RTE003,1,4800,0,4800
L00000912,T0000376,BEV001,3,2700,300,7800
L00000913,T0000377,HOU002,1,2400,0,2400
L00000914,T0000377,HOU002,1,2300,500,1800
L00000915,T0000378,BEV001,2,2500,300,4700
L00000916,T0000378,BEV004,1,2600,0,2600
L00000917,T0000379,DES002,2,6100,0,12200
L00000918,T0000379,DES001,1,3100,300,2800
L00000919,T0000379,BEV001,1,2500,0,2500
L00000920,T0000380,RTE001,1,6500,0,6500
L00000921,T0000380,HOU003,1,6700,0,6700
L00000922,T0000380,RTE004,1,8600,0,8600
L00000923,T0000380,HOU001,1,2900,0,2900
L00000924,T0000381,SNK004,1,2800,300,2500
L00000925,T0000381,HOU002,1,2300,0,2300
L00000926,T0000382,BEV002,1,1800,200,1600
L00000927,T0000382,HOU001,1,2900,0,2900
L00000928,T0000383,HOU001,1,2900,0,2900
L00000929,T0000383,SNK004,1,3000,0,3000
L00000930,T0000384,RTE002,2,7200,500,13900
L00000931,T0000384,DES003,1,3600,0,3600
L00000932,T0000384,DES002,1,6100,0,6100
L00000933,T0000384,BEV004,1,2800,500,2300
L00000934,T0000385,RTE004,1,8800,0,8800
L00000935,T0000385,DES002,1,6100,300,5800
L00000936,T0000386,BEV003,1,4400,500,3900
L00000937,T0000386,SNK002,1,4200,500,3700
L00000938,T0000386,SNK001,1,3800,200,3600
L00000939,T0000386,HOU003,3,6900,200,20500
L00000940,T0000387,BEV001,1,2500,500,2000
L00000941,T0000388,HOU002,1,2300,500,1800
L00000942,T0000388,HOU002,1,2300,0,2300
L00000943,T0000388,SNK001,1,4000,500,3500
L00000944,T0000389,DES002,1,5900,300,5600
L00000945,T0000389,BEV001,1,2500,500,2000
L00000946,T0000390,DES002,1,6100,0,6100
L00000947,T0000390,HOU001,1,2700,500,2200
L00000948,T0000390,SNK004,1,2900,0,2900
L00000949,T0000391,SNK001,1,3600,0,3600
L00000950,T0000391,DES001,1,3300,0,3300
L00000951,T0000391,BEV001,1,2600,200,2400
L00000952,T0000391,HOU003,1,7100,200,6900
L00000953,T0000391,BEV003,1,4000,0,4000
L00000954,T0000392,SNK001,2,3800,300,7300
L00000955,T0000392,BEV004,1,2600,200,2400
L00000956,T0000393,SNK001,1,3800,0,3800
L00000957,T0000393,BEV002,1,1900,0,1900
L00000958,T0000393,HOU003,2,7000,0,14000
L00000959,T0000394,BEV001,2,2600,0,5200
L00000960,T0000394,BEV001,1,2700,0,2700
L00000961,T0000395,HOU003,1,6900,0,6900
L00000962,T0000396,HOU001,1,2700,0,2700
L00000963,T0000396,RTE001,1,6500,0,6500
L00000964,T0000397,HOU001,2,3100,0,6200
L00000965,T0000397,RTE004,1,8800,200,8600
L00000966,T0000398,SNK003,3,5200,0,15600
L00000967,T0000398,HOU003,3,7100,500,20800
L00000968,T0000399,RTE003,1,4800,0,4800
L00000969,T0000399,RTE001,1,6500,0,6500
L00000970,T0000399,BEV002,1,1600,200,1400
L00000971,T0000400,BEV003,1,4300,200,4100
L00000972,T0000400,DES002,1,5900,200,5700
L00000973,T0000400,SNK004,1,2900,200,2700
L00000974,T0000400,RTE001,1,6300,0,6300
L00000975,T0000400,BEV001,1,2300,0,2300
L00000976,T0000401,SNK004,2,2600,200,5000
L00000977,T0000401,SNK002,1,4400,500,3900
L00000978,T0000402,SNK004,1,2900,500,2400
L00000979,T0000402,DES001,1,3100,300,2800
L00000980,T0000402,HOU003,1,6900,0,6900
L00000981,T0000403,RTE003,1,4800,0,4800
L00000982,T0000404,BEV002,1,1900,300,1600
L00000983,T0000404,DES002,1,5700,0,5700
L00000984,T0000404,BEV002,1,1900,0,1900
L00000985,T0000404,HOU003,1,7100,500,6600
L00000986,T0000405,RTE002,1,7200,0,7200
L00000987,T0000405,DES001,1,2900,300,2600
L00000988,T0000405,BEV004,1,2700,500,2200
L00000989,T0000405,HOU003,1,6900,0,6900
L00000990,T0000406,RTE001,1,6600,200,6400
L00000991,T0000406,BEV002,1,2000,0,2000
L00000992,T0000406,HOU001,1,2700,500,2200
L00000993,T0000406,SNK001,2,3800,0,7600
L00000994,T0000407,HOU003,1,7100,500,6600
L00000995,T0000408,BEV003,1,4200,500,3700
L00000996,T0000409,BEV001,1,2500,0,2500
L00000997,T0000409,BEV003,1,4400,500,3900
L00000998,T0000409,SNK002,1,4200,300,3900
L00000999,T0000409,SNK002,1,4200,500,3700
L00001000,T0000410,BEV004,1,2700,500,2200
L00001001,T0000410,HOU002,1,2300,300,2000
L00001002,T0000410,SNK002,1,4300,300,4000
L00001003,T0000410,RTE002,1,7200,300,6900
L00001004,T0000410,RTE003,2,4600,500,8700
L00001005,T0000411,BEV003,1,4300,0,4300
L00001006,T0000411,HOU002,2,2300,0,4600
L00001007,T0000412,DES003,2,3500,300,6700
L00001008,T0000413,HOU003,1,6900,500,6400
L00001009,T0000413,RTE004,1,8800,300,8500
L00001010,T0000414,SNK002,3,4300,0,12900
L00001011,T0000414,DES001,1,3100,300,2800
L00001012,T0000414,DES003,2,3300,200,6400
L00001013,T0000414,HOU003,1,7100,0,7100
L00001014,T0000414,SNK003,1,5400,0,5400
L00001015,T0000415,DES002,1,5900,0,5900
L00001016,T0000416,DES003,1,3500,0,3500
L00001017,T0000416,SNK003,1,5400,0,5400
L00001018,T0000416,RTE004,1,8700,200,8500
L00001019,T0000416,DES002,1,5700,0,5700
L00001020,T0000416,BEV001,1,2600,0,2600
L00001021,T0000417,RTE004,1,8800,500,8300
L00001022,T0000417,BEV001,1,2500,200,2300
L00001023,T0000418,HOU001,2,2700,500,4900
L00001024,T0000418,HOU003,1,7100,300,6800
L00001025,T0000418,SNK002,1,4000,0,4000
L00001026,T0000418,RTE003,1,4900,200,4700
L00001027,T0000418,BEV001,1,2500,0,2500
L00001028,T0000419,SNK004,1,3000,200,2800
L00001029,T0000419,BEV002,1,1900,0,1900
L00001030,T0000419,HOU003,1,7000,200,6800
L00001031,T0000419,DES002,2,5700,0,11400
L00001032,T0000419,DES001,2,3200,300,6100
L00001033,T0000420,RTE004,1,8600,200,8400
L00001034,T0000420,SNK001,2,4000,300,7700
L00001035,T0000421,BEV004,1,2600,0,2600
L00001036,T0000422,RTE002,1,7400,500,6900
L00001037,T0000422,RTE001,1,6500,500,6000
L00001038,T0000422,RTE002,1,7300,0,7300
L00001039,T0000422,RTE004,1,8800,200,8600
L00001040,T0000422,BEV003,1,4200,500,3700
L00001041,T0000423,RTE002,1,7000,300,6700
L00001042,T0000423,BEV001,1,2300,0,2300
L00001043,T0000424,RTE003,1,5000,500,4500
L00001044,T0000424,BEV003,1,4200,300,3900
L00001045,T0000424,RTE001,1,6300,200,6100
L00001046,T0000424,BEV004,1,2700,500,2200
L00001047,T0000424,HOU003,1,6900,0,6900
L00001048,T0000425,HOU002,2,2100,500,3700
L00001049,T0000426,HOU003,1,6900,500,6400
L00001050,T0000426,BEV001,1,2300,300,2000
L00001051,T0000427,DES003,1,3300,0,3300
L00001052,T0000427,BEV002,1,2000,0,2000
L00001053,T0000427,BEV001,1,2500,500,2000
L00001054,T0000428,BEV001,1,2300,0,2300
L00001055,T0000429,RTE001,2,6300,200,12400
L00001056,T0000429,RTE002,1,7200,500,6700
L00001057,T0000430,BEV003,1,4000,500,3500
L00001058,T0000430,DES003,1,3700,200,3500
L00001059,T0000430,DES002,2,5900,0,11800
L00001060,T0000431,DES003,1,3700,500,3200
L00001061,T0000431,BEV002,1,1800,0,1800
L00001062,T0000431,SNK003,1,5300,200,5100
L00001063,T0000432,BEV001,1,2500,0,2500
L00001064,T0000432,DES001,1,3100,300,2800
L00001065,T0000433,HOU002,1,2300,0,2300
L00001066,T0000433,BEV003,1,4200,0,4200
L00001067,T0000434,BEV004,1,2800,0,2800
L00001068,T0000434,SNK003,1,5000,500,4500
L00001069,T0000435,SNK004,1,3000,500,2500
L00001070,T0000435,HOU002,2,2100,500,3700
L00001071,T0000435,DES002,2,5900,0,11800
L00001072,T0000435,HOU002,1,2400,300,2100
L00001073,T0000436,RTE002,2,7200,300,14100
L00001074,T0000436,BEV001,1,2700,500,2200
L00001075,T0000437,RTE001,1,6700,300,6400
L00001076,T0000437,BEV003,1,4200,0,4200
L00001077,T0000438,HOU003,1,6900,500,6400
L00001078,T0000438,SNK001,2,3900,0,7800
L00001079,T0000438,RTE002,1,7200,500,6700
L00001080,T0000439,SNK004,1,2900,300,2600
L00001081,T0000440,DES002,1,6100,200,5900
L00001082,T0000441,HOU003,1,6900,0,6900
L00001083,T0000441,SNK003,1,5200,0,5200
L00001084,T0000441,DES001,2,2900,500,5300
L00001085,T0000442,BEV004,1,2700,0,2700
L00001086,T0000443,RTE002,1,7200,200,7000
L00001087,T0000443,BEV004,3,2700,0,8100
L00001088,T0000444,BEV004,2,2700,0,5400
L00001089,T0000444,SNK003,1,5000,0,5000
L00001090,T0000444,SNK004,1,3000,0,3000
L00001091,T0000444,HOU002,1,2400,300,2100
L00001092,T0000444,BEV002,1,1800,0,1800
L00001093,T0000445,RTE002,1,7200,300,6900
L00001094,T0000445,DES002,1,5900,0,5900
L00001095,T0000446,DES002,1,6100,0,6100
L00001096,T0000446,BEV004,2,2600,0,5200
L00001097,T0000447,DES003,2,3300,300,6300
L00001098,T0000447,BEV001,1,2700,500,2200
L00001099,T0000448,SNK003,1,5300,300,5000
L00001100,T0000448,DES001,1,3300,0,3300
L00001101,T0000448,DES002,1,5900,0,5900
L00001102,T0000448,BEV004,1,2400,0,2400
L00001103,T0000449,SNK003,1,5200,500,4700
L00001104,T0000449,SNK004,1,2900,0,2900
L00001105,T0000449,HOU001,1,2900,0,2900
L00001106,T0000449,SNK002,1,4200,0,4200
L00001107,T0000449,SNK002,1,4200,0,4200
L00001108,T0000450,SNK002,2,4300,200,8400
L00001109,T0000450,SNK001,1,4000,0,4000
L00001110,T0000451,SNK004,1,3000,200,2800
L00001111,T0000452,RTE004,2,8400,0,16800
L00001112,T0000453,BEV001,1,2300,0,2300
L00001113,T0000454,RTE002,1,7200,200,7000
L00001114,T0000454,BEV002,1,1900,300,1600
L00001115,T0000454,DES002,1,5900,300,5600
L00001116,T0000455,RTE001,1,6500,300,6200
L00001117,T0000456,DES002,1,6100,300,5800
L00001118,T0000457,RTE004,1,8600,200,8400
L00001119,T0000458,DES002,1,6000,200,5800
L00001120,T0000458,DES002,1,5700,200,5500
L00001121,T0000458,DES002,1,5900,200,5700
L00001122,T0000458,DES003,2,3300,500,6100
L00001123,T0000459,BEV004,1,2700,0,2700
L00001124,T0000459,HOU003,1,7100,0,7100
L00001125,T0000459,BEV003,1,4300,0,4300
L00001126,T0000459,SNK004,2,3000,0,6000
L00001127,T0000460,DES002,2,5900,0,11800
L00001128,T0000460,HOU001,1,2900,0,2900
L00001129,T0000461,HOU003,1,6900,200,6700
L00001130,T0000461,DES001,2,3200,200,6200
L00001131,T0000462,BEV002,1,1800,0,1800
L00001132,T0000462,RTE004,2,8600,0,17200
L00001133,T0000462,RTE002,1,7200,500,6700
L00001134,T0000463,SNK001,1,3900,0,3900
L00001135,T0000463,HOU001,1,2900,0,2900
L00001136,T0000463,SNK003,2,5300,0,10600
L00001137,T0000463,BEV003,2,4200,0,8400
L00001138,T0000463,DES002,2,5900,0,11800
L00001139,T0000464,DES003,2,3500,500,6500
L00001140,T0000464,BEV003,2,4000,0,8000
L00001141,T0000465,BEV004,1,2700,500,2200
L00001142,T0000465,DES001,1,3300,200,3100
L00001143,T0000466,HOU003,1,6700,0,6700
L00001144,T0000466,RTE004,1,8800,0,8800
L00001145,T0000466,HOU001,1,2700,200,2500
L00001146,T0000467,SNK003,2,5000,0,10000
L00001147,T0000468,RTE004,1,8600,0,8600
L00001148,T0000469,BEV001,1,2700,500,2200
L00001149,T0000469,BEV003,2,4300,300,8300
L00001150,T0000469,DES002,1,6000,300,5700
L00001151,T0000469,HOU003,1,7000,200,6800
L00001152,T0000469,RTE003,1,4800,200,4600
L00001153,T0000470,SNK001,1,4000,0,4000
L00001154,T0000470,BEV001,2,2700,0,5400
L00001155,T0000470,BEV002,1,1800,200,1600
L00001156,T0000471,BEV002,2,2000,0,4000
L00001157,T0000471,RTE003,1,4800,500,4300
L00001158,T0000471,RTE003,1,4900,300,4600
L00001159,T0000471,SNK004,1,2600,200,2400
L00001160,T0000472,DES003,1,3600,500,3100
L00001161,T0000472,SNK004,2,2900,0,5800
L00001162,T0000472,HOU001,1,3000,300,2700
L00001163,T0000473,BEV002,1,2000,200,1800
L00001164,T0000474,BEV003,1,4200,200,4000
L00001165,T0000475,SNK003,1,5000,200,4800
L00001166,T0000476,RTE004,1,8700,0,8700
L00001167,T0000476,HOU001,1,3100,0,3100
L00001168,T0000477,BEV004,1,2800,200,2600
L00001169,T0000477,RTE002,2,7200,0,14400
L00001170,T0000477,RTE003,1,5000,500,4500
L00001171,T0000477,DES002,1,6100,0,6100
L00001172,T0000478,BEV002,1,1600,0,1600
L00001173,T0000478,HOU003,1,7000,0,7000
L00001174,T0000478,RTE002,2,7200,500,13900
L00001175,T0000479,BEV001,1,2700,200,2500
L00001176,T0000479,DES001,1,2900,500,2400
L00001177,T0000480,BEV001,2,2300,500,4100
L00001178,T0000481,RTE002,1,7300,500,6800
L00001179,T0000481,DES001,1,3300,300,3000
L00001180,T0000482,HOU002,1,2300,200,2100
L00001181,T0000483,BEV002,1,1800,300,1500
L00001182,T0000483,DES002,1,5700,300,5400
L00001183,T0000484,DES003,1,3600,300,3300
L00001184,T0000485,DES002,1,5700,0,5700
L00001185,T0000485,BEV002,1,1900,300,1600
L00001186,T0000486,DES001,2,2900,500,5300
L00001187,T0000486,SNK002,2,4400,200,8600
L00001188,T0000487,SNK002,1,4000,0,4000
L00001189,T0000487,HOU001,2,3100,0,6200
L00001190,T0000487,RTE001,1,6700,300,6400
L00001191,T0000487,DES002,1,5900,0,5900
L00001192,T0000488,BEV003,1,4200,0,4200
L00001193,T0000488,RTE004,2,8800,0,17600
L00001194,T0000488,BEV004,1,2600,0,2600
L00001195,T0000488,HOU001,2,2700,200,5200
L00001196,T0000489,RTE003,1,4900,500,4400
L00001197,T0000489,SNK003,1,5000,0,5000
L00001198,T0000489,SNK004,2,2900,0,5800
L00001199,T0000489,HOU003,1,6900,500,6400
L00001200,T0000490,HOU003,1,7100,300,6800
L00001201,T0000490,BEV004,1,2400,0,2400
L00001202,T0000490,HOU001,3,3000,0,9000
L00001203,T0000491,DES003,1,3300,500,2800
L00001204,T0000491,HOU002,1,2100,300,1800
L00001205,T0000491,DES003,2,3600,0,7200
L00001206,T0000491,RTE003,2,4800,300,9300
L00001207,T0000492,BEV001,1,2500,0,2500
L00001208,T0000493,RTE001,1,6600,200,6400
L00001209,T0000493,BEV001,1,2500,500,2000
L00001210,T0000494,BEV001,1,2500,0,2500
L00001211,T0000495,SNK003,1,5400,0,5400
L00001212,T0000496,DES002,1,5700,0,5700
L00001213,T0000496,HOU002,1,2300,200,2100
L00001214,T0000497,RTE003,1,5000,0,5000
L00001215,T0000497,BEV004,2,2600,200,5000
L00001216,T0000498,DES002,1,6000,200,5800
L00001217,T0000498,RTE001,1,6700,0,6700
L00001218,T0000498,BEV004,1,2600,0,2600
L00001219,T0000498,BEV004,1,2600,500,2100
L00001220,T0000499,SNK003,1,5200,0,5200
L00001221,T0000500,RTE001,3,6500,0,19500
L00001222,T0000500,RTE003,1,5000,200,4800
L00001223,T0000500,RTE003,2,5000,300,9700
L00001224,T0000501,SNK002,1,4400,0,4400
L00001225,T0000501,DES001,1,3300,500,2800
L00001226,T0000502,DES002,1,5700,500,5200
L00001227,T0000502,BEV003,1,4200,0,4200
L00001228,T0000502,BEV003,1,4300,500,3800
L00001229,T0000503,DES003,1,3500,0,3500
L00001230,T0000504,RTE002,1,7200,0,7200
L00001231,T0000504,DES002,1,6100,300,5800
L00001232,T0000504,RTE003,1,4600,200,4400
L00001233,T0000504,RTE003,1,5000,0,5000
L00001234,T0000504,HOU001,2,2900,0,5800
L00001235,T0000505,SNK002,1,4000,200,3800
L00001236,T0000505,HOU001,1,2700,0,2700
L00001237,T0000506,BEV003,2,4000,0,8000
L00001238,T0000507,RTE001,1,6300,0,6300
L00001239,T0000507,SNK001,1,3900,0,3900
L00001240,T0000508,BEV001,1,2500,300,2200
L00001241,T0000509,SNK003,1,5300,500,4800
L00001242,T0000510,BEV003,1,4200,0,4200
L00001243,T0000511,HOU001,1,3100,0,3100
L00001244,T0000512,BEV004,1,2700,0,2700
L00001245,T0000513,SNK004,1,2800,300,2500
L00001246,T0000513,HOU001,2,3100,200,6000
L00001247,T0000513,RTE002,2,7200,0,14400
L00001248,T0000514,SNK003,1,5200,0,5200
L00001249,T0000514,BEV002,1,2000,0,2000
L00001250,T0000514,DES002,3,5900,0,17700
L00001251,T0000514,BEV003,1,4300,0,4300
L00001252,T0000515,RTE003,1,4800,0,4800
L00001253,T0000516,DES002,1,6000,500,5500
L00001254,T0000517,HOU002,1,2100,0,2100
L00001255,T0000517,SNK004,2,2600,0,5200
L00001256,T0000517,RTE001,2,6300,0,12600
L00001257,T0000517,RTE003,1,4800,200,4600
L00001258,T0000517,HOU002,1,2500,300,2200
L00001259,T0000518,BEV001,1,2500,300,2200
L00001260,T0000518,SNK001,1,4000,0,4000
L00001261,T0000518,BEV002,1,1800,300,1500
L00001262,T0000518,HOU001,1,3100,0,3100
L00001263,T0000519,BEV003,1,4300,0,4300
L00001264,T0000519,RTE004,1,8600,200,8400
L00001265,T0000520,SNK003,1,5200,0,5200
L00001266,T0000520,RTE003,1,4800,200,4600
L00001267,T0000521,DES001,3,3200,0,9600
L00001268,T0000521,RTE003,1,4800,0,4800
L00001269,T0000521,SNK003,2,5300,0,10600
L00001270,T0000521,BEV003,1,4200,0,4200
L00001271,T0000521,SNK004,3,2800,0,8400
L00001272,T0000522,SNK004,1,2800,300,2500
L00001273,T0000523,BEV002,1,1600,500,1100
L00001274,T0000523,RTE002,1,7200,0,7200
L00001275,T0000524,BEV003,2,4300,0,8600
L00001276,T0000524,HOU002,3,2400,0,7200
L00001277,T0000524,HOU003,1,7100,200,6900
L00001278,T0000524,HOU001,3,2900,0,8700
L00001279,T0000524,HOU003,1,7000,500,6500
L00001280,T0000525,DES002,2,6100,0,12200
L00001281,T0000525,SNK004,1,2600,0,2600
L00001282,T0000525,BEV004,1,2600,200,2400
L00001283,T0000525,BEV004,2,2800,0,5600
L00001284,T0000526,DES001,1,3100,200,2900
L00001285,T0000526,SNK004,1,2800,500,2300
L00001286,T0000526,BEV003,2,4300,500,8100
L00001287,T0000526,SNK004,1,2800,300,2500
L00001288,T0000527,SNK004,1,3000,0,3000
L00001289,T0000527,DES002,1,5900,0,5900
L00001290,T0000528,SNK001,2,3800,300,7300
L00001291,T0000528,SNK001,1,3600,300,3300
L00001292,T0000529,SNK002,2,4300,200,8400
L00001293,T0000530,DES001,1,3100,200,2900
L00001294,T0000530,BEV004,1,2700,200,2500
L00001295,T0000530,DES002,1,5900,500,5400
L00001296,T0000530,SNK001,3,3800,0,11400
L00001297,T0000531,SNK001,2,3600,0,7200
L00001298,T0000531,RTE004,1,8400,500,7900
L00001299,T0000531,DES003,2,3500,500,6500
L00001300,T0000531,BEV003,1,4000,200,3800
L00001301,T0000532,SNK001,2,3800,300,7300
L00001302,T0000533,SNK001,1,3600,0,3600
L00001303,T0000533,HOU002,1,2100,300,1800
L00001304,T0000533,BEV003,2,4300,200,8400
L00001305,T0000534,SNK003,1,5200,500,4700
L00001306,T0000534,RTE003,1,4800,0,4800
L00001307,T0000535,DES003,2,3700,0,7400
L00001308,T0000535,RTE002,1,7400,500,6900
L00001309,T0000536,HOU001,1,3100,0,3100
L00001310,T0000537,SNK004,2,3000,200,5800
L00001311,T0000537,BEV003,1,4000,300,3700
L00001312,T0000538,HOU002,1,2300,200,2100
L00001313,T0000538,DES003,1,3500,200,3300
L00001314,T0000539,SNK002,1,4400,300,4100
L00001315,T0000539,BEV004,1,2700,300,2400
L00001316,T0000539,RTE004,1,8600,300,8300
L00001317,T0000539,HOU002,1,2400,0,2400
L00001318,T0000540,RTE001,2,6500,0,13000
L00001319,T0000541,BEV001,1,2500,300,2200
L00001320,T0000541,HOU001,1,2700,0,2700
L00001321,T0000541,DES002,2,5900,500,11300
L00001322,T0000542,BEV001,2,2500,500,4500
L00001323,T0000543,SNK004,1,3000,0,3000
L00001324,T0000543,BEV001,1,2700,0,2700
L00001325,T0000544,RTE002,1,7000,0,7000
L00001326,T0000544,DES003,1,3700,0,3700
L00001327,T0000544,DES001,1,3100,200,2900
L00001328,T0000544,BEV001,1,2500,200,2300
L00001329,T0000544,BEV004,2,2800,500,5100
L00001330,T0000545,BEV002,1,1900,200,1700
L00001331,T0000545,RTE002,1,7300,0,7300
L00001332,T0000546,BEV004,1,2700,300,2400
L00001333,T0000546,HOU001,1,3000,300,2700
L00001334,T0000546,HOU001,1,2900,300,2600
L00001335,T0000547,HOU003,1,6900,300,6600
L00001336,T0000547,BEV003,1,4200,0,4200
L00001337,T0000548,BEV002,1,2000,0,2000
L00001338,T0000549,RTE003,3,4800,0,14400
L00001339,T0000549,HOU001,1,3000,500,2500
L00001340,T0000549,SNK002,1,4400,200,4200
L00001341,T0000550,HOU001,1,2900,0,2900
L00001342,T0000550,HOU003,1,7100,0,7100
L00001343,T0000550,DES001,1,3100,0,3100
L00001344,T0000551,SNK004,1,2900,200,2700
L00001345,T0000551,RTE004,2,8800,0,17600
L00001346,T0000551,BEV001,1,2600,0,2600
L00001347,T0000551,HOU002,3,2400,0,7200
L00001348,T0000551,SNK004,1,2600,200,2400
L00001349,T0000552,SNK002,1,4200,0,4200
L00001350,T0000552,SNK003,1,5200,500,4700
L00001351,T0000552,SNK004,2,2900,300,5500
L00001352,T0000553,HOU001,1,2900,200,2700
L00001353,T0000554,BEV003,1,4000,500,3500
L00001354,T0000555,RTE002,1,7200,300,6900
L00001355,T0000556,DES003,1,3600,0,3600
L00001356,T0000557,HOU002,1,2100,0,2100
L00001357,T0000557,BEV004,2,2600,500,4700
L00001358,T0000557,RTE003,1,4600,0,4600
L00001359,T0000557,BEV004,2,2700,200,5200
L00001360,T0000557,RTE003,2,4600,300,8900
L00001361,T0000558,HOU001,1,2900,200,2700
L00001362,T0000559,DES003,1,3700,200,3500
L00001363,T0000559,DES002,3,5900,0,17700
L00001364,T0000559,BEV003,2,4000,0,8000
L00001365,T0000559,BEV004,1,2400,0,2400
L00001366,T0000559,RTE002,1,7400,500,6900
L00001367,T0000560,HOU001,2,3000,0,6000
L00001368,T0000560,RTE004,1,8700,0,8700
L00001369,T0000560,SNK001,1,3800,0,3800
L00001370,T0000561,RTE003,1,4800,0,4800
L00001371,T0000562,BEV003,1,4300,500,3800
L00001372,T0000562,RTE001,1,6700,300,6400
L00001373,T0000563,SNK004,1,2600,0,2600
L00001374,T0000563,RTE003,1,4600,500,4100
L00001375,T0000563,RTE002,2,7200,0,14400
L00001376,T0000564,BEV001,2,2300,0,4600
L00001377,T0000564,HOU001,1,2900,300,2600
L00001378,T0000564,SNK003,1,5000,0,5000
L00001379,T0000564,SNK003,1,5300,500,4800
L00001380,T0000565,BEV003,1,4300,500,3800
L00001381,T0000565,DES002,2,5900,500,11300
L00001382,T0000565,BEV002,1,2000,0,2000
L00001383,T0000566,BEV001,1,2600,500,2100
L00001384,T0000567,RTE003,1,4800,200,4600
L00001385,T0000567,BEV004,1,2600,500,2100
L00001386,T0000568,HOU001,2,2900,300,5500
L00001387,T0000569,RTE001,2,6600,0,13200
L00001388,T0000569,BEV001,1,2500,200,2300
L00001389,T0000569,BEV002,1,2000,500,1500
L00001390,T0000570,RTE003,1,4900,0,4900
L00001391,T0000571,BEV001,2,2500,500,4500
L00001392,T0000572,RTE001,1,6700,0,6700
L00001393,T0000572,BEV003,1,4200,500,3700
L00001394,T0000573,HOU001,1,3100,200,2900
L00001395,T0000573,DES001,1,3200,500,2700
L00001396,T0000573,HOU003,1,7000,0,7000
L00001397,T0000574,DES001,1,3300,200,3100
L00001398,T0000574,RTE004,2,8600,0,17200
L00001399,T0000574,BEV003,1,4200,0,4200
L00001400,T0000574,DES002,2,5700,0,11400
L00001401,T0000574,DES001,1,3100,200,2900
L00001402,T0000575,DES001,1,3100,0,3100
L00001403,T0000575,HOU003,1,7000,300,6700
L00001404,T0000575,HOU003,2,6700,200,13200
L00001405,T0000576,HOU003,1,7100,500,6600
L00001406,T0000576,BEV001,1,2700,500,2200
L00001407,T0000577,DES003,1,3300,300,3000
L00001408,T0000577,HOU001,1,2900,200,2700
L00001409,T0000578,HOU001,1,2700,300,2400
L00001410,T0000578,SNK001,1,4000,0,4000
L00001411,T0000579,SNK002,1,4000,500,3500
L00001412,T0000579,SNK002,1,4200,200,4000
L00001413,T0000579,RTE003,3,4600,0,13800
L00001414,T0000580,DES002,2,5900,500,11300
L00001415,T0000581,BEV001,1,2500,0,2500
L00001416,T0000581,BEV002,1,1800,0,1800
L00001417,T0000581,DES002,3,5900,500,17200
L00001418,T0000581,RTE001,3,6700,0,20100
L00001419,T0000581,SNK004,1,2600,0,2600
L00001420,T0000582,RTE003,1,4800,300,4500
L00001421,T0000582,BEV002,1,1600,500,1100
L00001422,T0000582,SNK002,2,4400,0,8800
L00001423,T0000583,RTE003,3,4800,200,14200
L00001424,T0000583,RTE003,3,4800,0,14400
L00001425,T0000583,SNK001,1,3800,0,3800
L00001426,T0000583,HOU003,2,6900,0,13800
L00001427,T0000583,HOU002,1,2500,200,2300
L00001428,T0000584,SNK004,1,3000,0,3000
L00001429,T0000584,RTE002,1,7000,500,6500
L00001430,T0000585,HOU003,2,6900,500,13300
L00001431,T0000586,DES001,2,3100,0,6200
L00001432,T0000586,SNK003,2,5000,200,9800
L00001433,T0000586,BEV002,1,1800,200,1600
L00001434,T0000587,HOU002,2,2300,500,4100
L00001435,T0000587,DES003,1,3300,200,3100
L00001436,T0000587,RTE002,1,7200,500,6700
L00001437,T0000588,BEV002,1,1800,0,1800
L00001438,T0000588,SNK001,1,3800,0,3800
L00001439,T0000588,RTE001,1,6700,0,6700
L00001440,T0000589,BEV004,1,2600,300,2300
L00001441,T0000589,DES003,1,3500,200,3300
L00001442,T0000589,DES002,2,6000,0,12000
L00001443,T0000589,DES001,2,3200,0,6400
L00001444,T0000590,BEV003,2,4200,0,8400
L00001445,T0000591,BEV001,2,2500,300,4700
L00001446,T0000591,DES003,2,3700,0,7400
L00001447,T0000592,RTE001,1,6600,0,6600
L00001448,T0000593,RTE004,1,8600,200,8400
L00001449,T0000594,RTE003,1,4600,500,4100
L00001450,T0000594,SNK002,3,4300,0,12900
L00001451,T0000594,SNK003,1,5200,0,5200
L00001452,T0000595,RTE003,1,4900,300,4600
L00001453,T0000595,SNK002,1,4400,0,4400
L00001454,T0000596,BEV004,2,2800,0,5600
L00001455,T0000596,BEV003,1,4200,200,4000
L00001456,T0000596,HOU001,3,3100,0,9300
L00001457,T0000597,RTE003,1,4600,0,4600
L00001458,T0000597,SNK001,1,4000,0,4000
L00001459,T0000597,SNK001,3,3900,0,11700
L00001460,T0000597,SNK004,1,2900,300,2600
L00001461,T0000597,BEV002,1,1800,0,1800
L00001462,T0000598,DES002,1,5900,0,5900
L00001463,T0000598,RTE004,1,8800,0,8800
L00001464,T0000599,BEV003,1,4400,0,4400
L00001465,T0000599,RTE004,1,8700,0,8700
L00001466,T0000600,RTE002,1,7400,200,7200
L00001467,T0000600,RTE002,1,7000,300,6700
L00001468,T0000600,SNK003,2,5400,300,10500
L00001469,T0000600,SNK001,1,3800,0,3800
L00001470,T0000600,HOU002,1,2300,0,2300
L00001471,T0000601,HOU002,2,2300,0,4600
L00001472,T0000601,SNK002,1,4300,500,3800
L00001473,T0000601,RTE001,1,6700,0,6700
L00001474,T0000601,HOU003,1,6900,300,6600
L00001475,T0000602,RTE004,1,8700,0,8700
L00001476,T0000603,BEV004,1,2400,300,2100
L00001477,T0000603,RTE004,2,8600,300,16900
L00001478,T0000604,BEV003,1,4200,0,4200
L00001479,T0000604,DES003,2,3600,200,7000
L00001480,T0000605,SNK002,1,4200,0,4200
L00001481,T0000605,SNK003,1,5200,300,4900
L00001482,T0000606,SNK004,2,2800,0,5600
L00001483,T0000606,HOU001,1,2900,200,2700
L00001484,T0000606,RTE003,1,4800,300,4500
L00001485,T0000607,SNK003,1,5400,0,5400
L00001486,T0000608,DES002,1,5900,0,5900
L00001487,T0000608,BEV002,1,1900,0,1900
L00001488,T0000609,SNK004,1,2600,0,2600
L00001489,T0000609,SNK002,1,4200,0,4200
L00001490,T0000609,HOU001,3,2700,500,7600
L00001491,T0000610,SNK001,1,3800,500,3300
L00001492,T0000610,RTE004,1,8600,0,8600
L00001493,T0000610,SNK004,1,2800,500,2300
L00001494,T0000610,HOU003,1,6900,0,6900
L00001495,T0000610,BEV004,2,2800,300,5300
L00001496,T0000611,BEV002,1,2000,0,2000
L00001497,T0000611,DES002,1,5900,200,5700
L00001498,T0000611,RTE004,1,8700,500,8200
L00001499,T0000611,RTE001,1,6500,0,6500
L00001500,T0000611,RTE002,1,7000,500,6500
L00001501,T0000612,HOU001,1,2900,0,2900
L00001502,T0000612,DES001,1,3100,300,2800
L00001503,T0000613,RTE001,1,6500,200,6300
L00001504,T0000614,BEV002,1,1800,500,1300
L00001505,T0000614,DES001,1,3300,300,3000
L00001506,T0000615,BEV002,1,1800,0,1800
L00001507,T0000615,RTE001,1,6700,200,6500
L00001508,T0000616,HOU002,1,2100,200,1900
L00001509,T0000616,SNK004,1,2900,0,2900
L00001510,T0000617,BEV003,1,4300,200,4100
L00001511,T0000618,HOU003,3,6900,0,20700
L00001512,T0000619,SNK003,1,5300,0,5300
L00001513,T0000619,SNK001,1,3800,200,3600
L00001514,T0000620,RTE003,2,5000,300,9700
L00001515,T0000620,SNK003,1,5300,0,5300
L00001516,T0000620,DES002,1,5700,200,5500
L00001517,T0000620,BEV001,1,2500,0,2500
L00001518,T0000620,DES003,3,3600,200,10600
L00001519,T0000621,BEV002,1,1600,0,1600
L00001520,T0000621,SNK004,3,2800,200,8200
L00001521,T0000621,SNK003,1,5200,500,4700
L00001522,T0000622,HOU002,1,2300,0,2300
L00001523,T0000622,SNK003,1,5300,0,5300
L00001524,T0000623,HOU003,1,6900,0,6900
L00001525,T0000623,BEV002,1,1800,0,1800
L00001526,T0000623,DES002,1,5900,0,5900
L00001527,T0000623,BEV002,2,1900,200,3600
L00001528,T0000623,BEV004,1,2400,200,2200
L00001529,T0000624,HOU003,1,6700,200,6500
L00001530,T0000624,RTE004,1,8400,0,8400
L00001531,T0000625,SNK001,1,3900,0,3900
L00001532,T0000625,BEV001,1,2700,0,2700
L00001533,T0000625,HOU002,1,2300,0,2300
L00001534,T0000626,SNK002,1,4300,300,4000
L00001535,T0000626,BEV001,1,2500,0,2500
L00001536,T0000626,SNK002,1,4200,0,4200
L00001537,T0000627,RTE004,2,8600,500,16700
L00001538,T0000628,RTE004,2,8400,0,16800
L00001539,T0000628,HOU001,1,2900,300,2600
L00001540,T0000628,DES003,1,3500,300,3200
L00001541,T0000629,DES003,1,3700,0,3700
L00001542,T0000629,DES003,1,3700,0,3700
L00001543,T0000629,BEV003,1,4000,0,4000
L00001544,T0000629,SNK004,1,2900,0,2900
L00001545,T0000629,RTE001,1,6500,0,6500
L00001546,T0000630,RTE001,1,6300,300,6000
L00001547,T0000631,SNK002,1,4300,0,4300
L00001548,T0000632,BEV001,1,2500,0,2500
L00001549,T0000632,RTE001,1,6700,200,6500
L00001550,T0000633,HOU001,1,2700,500,2200
L00001551,T0000633,HOU001,1,2700,0,2700
L00001552,T0000634,BEV002,1,1600,300,1300
L00001553,T0000635,SNK002,1,4400,300,4100
L00001554,T0000636,SNK002,1,4200,500,3700
L00001555,T0000637,RTE001,1,6600,0,6600
L00001556,T0000637,DES001,1,2900,200,2700
L00001557,T0000637,RTE002,1,7200,200,7000
L00001558,T0000638,SNK003,1,5300,500,4800
L00001559,T0000639,DES001,2,3200,0,6400
L00001560,T0000640,HOU001,1,2900,500,2400
L00001561,T0000640,SNK004,1,2600,0,2600
L00001562,T0000640,SNK001,2,3800,200,7400
L00001563,T0000641,SNK003,1,5300,0,5300
L00001564,T0000641,HOU001,1,2900,0,2900
L00001565,T0000642,DES001,2,2900,200,5600
L00001566,T0000642,BEV003,1,4200,0,4200
L00001567,T0000643,SNK003,2,5300,200,10400
L00001568,T0000644,RTE002,1,7200,300,6900
L00001569,T0000645,RTE004,1,8800,500,8300
L00001570,T0000645,BEV001,1,2600,500,2100
L00001571,T0000645,DES002,2,6100,200,12000
L00001572,T0000646,HOU001,1,2700,0,2700
L00001573,T0000647,HOU003,1,7100,200,6900
L00001574,T0000647,SNK002,1,4000,0,4000
L00001575,T0000648,BEV002,1,1900,0,1900
L00001576,T0000648,BEV001,1,2500,0,2500
L00001577,T0000648,HOU002,1,2100,0,2100
L00001578,T0000649,BEV004,1,2600,0,2600
L00001579,T0000650,DES003,1,3300,200,3100
L00001580,T0000650,HOU003,2,6700,300,13100
L00001581,T0000651,SNK002,1,4000,0,4000
L00001582,T0000651,BEV004,1,2400,0,2400
L00001583,T0000652,BEV004,1,2700,500,2200
L00001584,T0000653,BEV004,1,2600,200,2400
L00001585,T0000653,DES003,2,3500,0,7000
L00001586,T0000653,RTE003,1,4800,300,4500
L00001587,T0000654,SNK002,1,4200,0,4200
L00001588,T0000654,HOU003,2,6700,200,13200
L00001589,T0000654,DES003,1,3300,0,3300
L00001590,T0000655,SNK002,1,4200,0,4200
L00001591,T0000655,BEV002,1,1600,0,1600
L00001592,T0000655,HOU002,3,2300,0,6900
L00001593,T0000656,HOU001,1,3000,0,3000
L00001594,T0000656,RTE003,1,4900,0,4900
L00001595,T0000657,SNK004,1,2800,200,2600
L00001596,T0000657,BEV001,2,2300,300,4300
L00001597,T0000657,BEV001,1,2600,0,2600
L00001598,T0000658,BEV004,1,2600,300,2300
L00001599,T0000658,SNK002,2,4400,300,8500
L00001600,T0000658,BEV004,1,2600,0,2600
L00001601,T0000658,BEV003,1,4400,0,4400
L00001602,T0000659,SNK003,2,5200,0,10400
L00001603,T0000659,BEV002,1,2000,500,1500
L00001604,T0000660,DES003,1,3700,300,3400
L00001605,T0000660,RTE004,1,8800,200,8600
L00001606,T0000661,BEV001,1,2500,0,2500
L00001607,T0000661,RTE001,1,6500,200,6300
L00001608,T0000662,RTE004,2,8400,200,16600
L00001609,T0000662,SNK002,2,4200,0,8400
L00001610,T0000662,BEV003,2,4400,500,8300
L00001611,T0000663,HOU001,1,2900,0,2900
L00001612,T0000664,RTE004,1,8800,500,8300
L00001613,T0000664,SNK001,2,3800,0,7600
L00001614,T0000664,SNK001,1,4000,0,4000
L00001615,T0000665,RTE002,1,7200,200,7000
L00001616,T0000665,RTE003,1,4800,500,4300
L00001617,T0000666,SNK004,1,2900,300,2600
L00001618,T0000666,HOU003,1,7000,0,7000
L00001619,T0000666,DES001,1,2900,0,2900
L00001620,T0000667,RTE001,1,6500,0,6500
L00001621,T0000667,SNK004,1,2600,300,2300
L00001622,T0000667,BEV004,1,2400,0,2400
L00001623,T0000667,DES002,1,6000,0,6000
L00001624,T0000668,SNK002,2,4400,300,8500
L00001625,T0000668,HOU002,1,2100,500,1600
L00001626,T0000668,DES001,1,3300,200,3100
L00001627,T0000668,DES001,1,3300,0,3300
L00001628,T0000668,HOU002,1,2300,200,2100
L00001629,T0000669,RTE003,1,5000,0,5000
L00001630,T0000669,BEV003,2,4200,200,8200
L00001631,T0000669,HOU002,1,2300,500,1800
L00001632,T0000670,RTE003,1,4900,0,4900
L00001633,T0000670,DES002,1,6000,0,6000
L00001634,T0000670,SNK003,1,5300,300,5000
L00001635,T0000671,SNK001,2,3800,500,7100
L00001636,T0000672,DES003,3,3300,0,9900
L00001637,T0000672,BEV001,1,2500,0,2500
L00001638,T0000673,RTE003,1,5000,0,5000
L00001639,T0000674,DES001,1,3300,0,3300
L00001640,T0000674,SNK001,1,3600,200,3400
L00001641,T0000674,DES003,2,3500,0,7000
L00001642,T0000675,SNK004,1,2600,0,2600
L00001643,T0000675,HOU002,1,2300,200,2100
L00001644,T0000676,DES003,1,3300,0,3300
L00001645,T0000676,BEV004,1,2600,200,2400
L00001646,T0000677,RTE002,1,7000,500,6500
L00001647,T0000677,RTE004,1,8800,0,8800
L00001648,T0000677,HOU003,1,6700,0,6700
L00001649,T0000677,BEV003,1,4200,500,3700
L00001650,T0000677,HOU002,1,2300,300,2000
L00001651,T0000678,RTE001,1,6500,0,6500
L00001652,T0000679,RTE002,2,7200,200,14200
L00001653,T0000680,SNK004,1,3000,500,2500
L00001654,T0000680,SNK001,3,3800,0,11400
L00001655,T0000681,SNK003,1,5400,0,5400
L00001656,T0000681,BEV003,1,4200,0,4200
L00001657,T0000681,BEV001,1,2600,0,2600
L00001658,T0000682,DES003,1,3500,200,3300
L00001659,T0000682,RTE002,1,7000,0,7000
L00001660,T0000682,RTE002,1,7400,0,7400
L00001661,T0000682,RTE003,1,4800,0,4800
L00001662,T0000683,HOU003,2,6900,0,13800
L00001663,T0000683,RTE004,1,8400,300,8100
L00001664,T0000684,DES003,1,3700,200,3500
L00001665,T0000684,SNK003,1,5000,0,5000
L00001666,T0000684,RTE004,1,8700,200,8500
L00001667,T0000685,DES002,1,5700,300,5400
L00001668,T0000686,DES002,2,6000,500,11500
L00001669,T0000686,RTE004,1,8800,0,8800
L00001670,T0000686,DES003,1,3700,300,3400
L00001671,T0000687,DES001,1,3100,200,2900
L00001672,T0000687,DES003,1,3300,500,2800
L00001673,T0000688,SNK004,1,3000,300,2700
L00001674,T0000688,BEV001,1,2700,0,2700
L00001675,T0000689,RTE004,1,8600,500,8100
L00001676,T0000690,RTE002,1,7300,0,7300
L00001677,T0000691,BEV003,2,4000,300,7700
L00001678,T0000692,HOU003,1,6900,300,6600
L00001679,T0000692,DES002,1,5700,0,5700
L00001680,T0000692,SNK001,1,3800,0,3800
L00001681,T0000693,RTE003,1,5000,300,4700
L00001682,T0000694,HOU003,1,6900,200,6700
L00001683,T0000694,DES002,1,6000,0,6000
L00001684,T0000694,SNK001,1,3900,500,3400
L00001685,T0000695,BEV003,1,4200,0,4200
L00001686,T0000695,BEV001,2,2300,200,4400
L00001687,T0000695,HOU002,1,2100,0,2100
L00001688,T0000695,RTE002,1,7200,0,7200
L00001689,T0000696,SNK004,2,2800,0,5600
L00001690,T0000696,RTE003,1,4900,200,4700
L00001691,T0000696,HOU001,2,2900,500,5300
L00001692,T0000696,SNK002,1,4000,200,3800
L00001693,T0000697,SNK002,1,4200,0,4200
L00001694,T0000697,RTE004,1,8700,0,8700
L00001695,T0000698,BEV003,1,4200,0,4200
L00001696,T0000698,RTE001,1,6500,0,6500
L00001697,T0000698,RTE001,1,6600,200,6400
L00001698,T0000698,RTE002,1,7400,0,7400
L00001699,T0000698,DES002,1,5700,200,5500
L00001700,T0000699,RTE003,1,4900,500,4400
L00001701,T0000699,HOU003,1,7000,300,6700
L00001702,T0000699,DES002,1,6000,200,5800
L00001703,T0000699,BEV001,3,2500,300,7200
L00001704,T0000699,RTE004,1,8800,200,8600
L00001705,T0000700,BEV001,1,2700,500,2200
L00001706,T0000700,HOU003,3,6900,200,20500
L00001707,T0000701,HOU003,1,6700,300,6400
L00001708,T0000701,BEV003,2,4300,500,8100
L00001709,T0000702,BEV004,1,2800,0,2800
L00001710,T0000702,RTE001,1,6700,0,6700
L00001711,T0000702,RTE004,2,8700,0,17400
L00001712,T0000703,RTE003,2,4900,0,9800
L00001713,T0000703,DES001,1,2900,300,2600
L00001714,T0000704,SNK002,1,4000,0,4000
L00001715,T0000704,RTE002,2,7200,0,14400
L00001716,T0000704,RTE004,1,8600,300,8300
L00001717,T0000705,BEV001,1,2700,0,2700
L00001718,T0000706,RTE001,1,6500,0,6500
L00001719,T0000707,BEV001,1,2300,500,1800
L00001720,T0000708,BEV001,2,2600,200,5000
L00001721,T0000708,BEV001,1,2700,200,2500
L00001722,T0000709,RTE004,1,8600,0,8600
L00001723,T0000709,RTE004,1,8400,0,8400
L00001724,T0000710,SNK002,1,4000,0,4000
L00001725,T0000710,SNK002,1,4200,300,3900
L00001726,T0000710,RTE001,1,6700,0,6700
L00001727,T0000710,BEV002,2,1900,500,3300
L00001728,T0000710,RTE004,1,8400,300,8100
L00001729,T0000711,DES002,1,5900,300,5600
L00001730,T0000712,BEV002,1,1800,300,1500
L00001731,T0000712,DES003,1,3500,300,3200
L00001732,T0000713,SNK001,1,3900,0,3900
L00001733,T0000714,RTE003,1,4900,500,4400
L00001734,T0000714,DES002,1,6000,500,5500
L00001735,T0000714,HOU001,1,3100,0,3100
L00001736,T0000714,BEV001,1,2600,500,2100
L00001737,T0000715,HOU003,1,7000,500,6500
L00001738,T0000715,RTE003,1,5000,0,5000
L00001739,T0000715,HOU003,1,6700,0,6700
L00001740,T0000716,DES001,1,3300,0,3300
L00001741,T0000716,HOU002,2,2500,0,5000
L00001742,T0000716,DES001,1,2900,0,2900
L00001743,T0000716,SNK001,1,4000,0,4000
L00001744,T0000716,RTE001,2,6700,0,13400
L00001745,T0000717,HOU001,1,2900,300,2600
L00001746,T0000717,DES002,1,6000,200,5800
L00001747,T0000717,DES003,1,3500,0,3500
L00001748,T0000718,SNK003,1,5200,500,4700
L00001749,T0000718,SNK004,1,2800,500,2300
L00001750,T0000718,DES003,1,3500,0,3500
L00001751,T0000719,DES001,2,3200,0,6400
L00001752,T0000719,SNK003,1,5200,0,5200
L00001753,T0000719,SNK003,1,5000,500,4500
L00001754,T0000720,BEV002,2,1800,500,3100
L00001755,T0000721,SNK002,1,4000,200,3800
L00001756,T0000721,RTE001,1,6500,500,6000
L00001757,T0000721,HOU002,1,2100,300,1800
L00001758,T0000722,SNK003,2,5300,200,10400
L00001759,T0000723,HOU002,1,2100,300,1800
L00001760,T0000723,HOU002,2,2300,0,4600
L00001761,T0000723,SNK001,1,3600,0,3600
L00001762,T0000724,BEV001,2,2500,500,4500
L00001763,T0000724,SNK002,2,4200,0,8400
L00001764,T0000725,HOU002,1,2500,200,2300
L00001765,T0000725,BEV001,1,2600,500,2100
L00001766,T0000726,BEV002,1,2000,0,2000
L00001767,T0000726,BEV003,2,4200,200,8200
L00001768,T0000726,BEV003,1,4200,200,4000
L00001769,T0000726,SNK002,1,4300,0,4300
L00001770,T0000726,SNK004,2,2800,200,5400
L00001771,T0000727,SNK004,1,2900,0,2900
L00001772,T0000727,DES002,1,5900,0,5900
L00001773,T0000727,RTE004,2,8800,300,17300
L00001774,T0000728,BEV001,1,2500,0,2500
L00001775,T0000728,SNK003,1,5400,500,4900
L00001776,T0000728,RTE003,1,5000,500,4500
L00001777,T0000728,SNK003,1,5200,500,4700
L00001778,T0000728,HOU002,2,2100,0,4200
L00001779,T0000729,BEV003,1,4200,0,4200
L00001780,T0000729,HOU002,1,2400,0,2400
L00001781,T0000729,SNK001,1,3800,0,3800
L00001782,T0000730,BEV003,1,4300,200,4100
L00001783,T0000730,HOU002,1,2400,500,1900
L00001784,T0000731,BEV001,1,2300,500,1800
L00001785,T0000731,RTE004,1,8600,200,8400
L00001786,T0000731,SNK004,2,2800,200,5400
L00001787,T0000731,BEV001,1,2600,200,2400
L00001788,T0000731,SNK004,1,2800,0,2800
L00001789,T0000732,DES001,1,3100,200,2900
L00001790,T0000732,HOU001,1,3100,200,2900
L00001791,T0000732,RTE001,1,6300,0,6300
L00001792,T0000733,HOU003,1,6700,500,6200
L00001793,T0000734,BEV004,1,2600,200,2400
L00001794,T0000735,DES001,1,3300,500,2800
L00001795,T0000735,BEV001,1,2300,0,2300
L00001796,T0000735,SNK004,1,3000,0,3000
L00001797,T0000736,SNK001,1,4000,0,4000
L00001798,T0000736,BEV004,1,2600,300,2300
L00001799,T0000737,DES002,1,5900,200,5700
L00001800,T0000738,BEV004,2,2400,300,4500
L00001801,T0000738,HOU003,1,6700,200,6500
L00001802,T0000738,DES002,1,5900,0,5900
L00001803,T0000739,BEV002,1,1800,200,1600
L00001804,T0000740,HOU001,1,2900,0,2900
L00001805,T0000740,BEV003,2,4300,0,8600
L00001806,T0000741,HOU001,2,2700,0,5400
L00001807,T0000741,RTE003,1,4800,500,4300
L00001808,T0000741,BEV001,2,2700,500,4900
L00001809,T0000742,SNK001,1,3800,300,3500
L00001810,T0000742,DES001,1,3100,500,2600
L00001811,T0000742,BEV001,1,2300,0,2300
L00001812,T0000743,RTE004,1,8600,200,8400
L00001813,T0000744,BEV001,1,2700,500,2200
L00001814,T0000744,SNK001,1,3800,0,3800
L00001815,T0000744,RTE002,1,7000,500,6500
L00001816,T0000745,RTE004,1,8800,300,8500
L00001817,T0000745,BEV002,1,2000,300,1700
L00001818,T0000745,DES001,2,3200,200,6200
L00001819,T0000745,BEV001,1,2500,0,2500
L00001820,T0000745,DES001,1,3300,500,2800
L00001821,T0000746,RTE002,1,7000,0,7000
L00001822,T0000746,BEV002,1,1800,0,1800
L00001823,T0000746,RTE001,1,6300,0,6300
L00001824,T0000746,BEV002,1,2000,0,2000
L00001825,T0000747,BEV004,1,2600,300,2300
L00001826,T0000747,BEV001,3,2700,500,7600
L00001827,T0000747,HOU003,1,7000,500,6500
L00001828,T0000748,DES003,1,3700,500,3200
L00001829,T0000749,RTE001,1,6300,500,5800
L00001830,T0000749,DES002,1,5900,200,5700
L00001831,T0000750,DES001,1,3200,500,2700
L00001832,T0000750,DES002,1,5900,0,5900
L00001833,T0000751,BEV004,1,2400,0,2400
L00001834,T0000751,BEV004,1,2600,300,2300
L00001835,T0000751,RTE003,1,4600,0,4600
L00001836,T0000751,BEV004,1,2400,200,2200
L00001837,T0000752,BEV004,1,2400,300,2100
L00001838,T0000752,DES002,1,5900,0,5900
L00001839,T0000753,BEV004,1,2600,0,2600
L00001840,T0000753,RTE004,1,8600,500,8100
L00001841,T0000754,RTE003,1,4800,0,4800
L00001842,T0000754,DES002,1,5900,200,5700
L00001843,T0000755,SNK003,1,5400,500,4900
L00001844,T0000756,RTE001,1,6700,500,6200
L00001845,T0000756,BEV002,2,1800,500,3100
L00001846,T0000756,DES003,2,3500,500,6500
L00001847,T0000756,RTE003,1,4900,0,4900
L00001848,T0000756,SNK003,2,5300,200,10400
L00001849,T0000757,BEV004,1,2400,500,1900
L00001850,T0000757,RTE003,2,4800,0,9600
L00001851,T0000757,HOU001,1,3100,500,2600
L00001852,T0000758,BEV001,1,2600,0,2600
L00001853,T0000758,RTE001,1,6600,0,6600
L00001854,T0000758,DES003,1,3500,200,3300
L00001855,T0000759,SNK003,2,5300,200,10400
L00001856,T0000759,RTE001,2,6700,300,13100
L00001857,T0000759,BEV001,2,2500,500,4500
L00001858,T0000759,RTE002,1,7000,200,6800
L00001859,T0000760,HOU002,1,2300,300,2000
L00001860,T0000760,DES002,2,5900,0,11800
L00001861,T0000760,BEV003,1,4300,0,4300
L00001862,T0000760,BEV003,1,4300,200,4100
L00001863,T0000761,SNK004,1,3000,0,3000
L00001864,T0000761,RTE003,2,4800,0,9600
L00001865,T0000761,DES001,1,2900,0,2900
L00001866,T0000761,BEV002,1,1600,0,1600
L00001867,T0000762,SNK001,1,3600,300,3300
L00001868,T0000762,RTE004,1,8600,300,8300
L00001869,T0000762,BEV001,1,2300,0,2300
L00001870,T0000763,BEV002,1,2000,300,1700
L00001871,T0000764,BEV004,3,2600,0,7800
L00001872,T0000764,SNK002,1,4200,200,4000
L00001873,T0000764,SNK003,3,5400,0,16200
L00001874,T0000764,HOU002,2,2300,0,4600
L00001875,T0000764,HOU002,1,2400,200,2200
L00001876,T0000765,BEV003,1,4200,0,4200
L00001877,T0000766,RTE003,1,4600,500,4100
L00001878,T0000766,RTE004,1,8800,500,8300
L00001879,T0000766,DES001,1,3200,500,2700
L00001880,T0000767,RTE002,1,7200,0,7200
L00001881,T0000767,SNK001,1,3600,0,3600
L00001882,T0000767,SNK001,2,3800,0,7600
L00001883,T0000768,RTE001,2,6500,0,13000
L00001884,T0000768,RTE002,1,7000,500,6500
L00001885,T0000768,HOU001,1,2900,200,2700
L00001886,T0000769,DES003,1,3300,0,3300
L00001887,T0000769,DES003,3,3500,0,10500
L00001888,T0000769,DES001,1,3200,200,3000
L00001889,T0000770,BEV003,1,4400,500,3900
L00001890,T0000770,SNK001,1,3600,0,3600
L00001891,T0000771,HOU001,1,2700,500,2200
L00001892,T0000771,SNK003,2,5200,500,9900
L00001893,T0000771,SNK004,1,3000,0,3000
L00001894,T0000771,HOU001,1,3000,300,2700
L00001895,T0000772,SNK004,1,2900,0,2900
L00001896,T0000772,RTE001,1,6500,500,6000
L00001897,T0000772,SNK004,1,2900,0,2900
L00001898,T0000773,RTE001,1,6500,500,6000
L00001899,T0000773,HOU002,3,2500,300,7200
L00001900,T0000773,HOU003,2,6700,300,13100
L00001901,T0000773,BEV004,2,2400,0,4800
L00001902,T0000774,SNK003,2,5300,200,10400
L00001903,T0000775,RTE003,1,4800,0,4800
L00001904,T0000776,BEV002,1,1900,0,1900
L00001905,T0000777,SNK001,1,3800,300,3500
L00001906,T0000777,SNK002,1,4000,0,4000
L00001907,T0000777,SNK003,1,5000,500,4500
L00001908,T0000778,RTE003,2,4900,0,9800
L00001909,T0000778,DES002,1,5900,300,5600
L00001910,T0000779,DES003,1,3600,0,3600
L00001911,T0000779,HOU001,1,3100,0,3100
L00001912,T0000779,RTE004,1,8400,200,8200
L00001913,T0000779,SNK002,1,4400,500,3900
L00001914,T0000780,RTE004,1,8400,0,8400
L00001915,T0000781,HOU001,1,2900,0,2900
L00001916,T0000781,RTE001,1,6500,500,6000
L00001917,T0000781,BEV003,1,4400,0,4400
L00001918,T0000781,DES002,1,6100,500,5600
L00001919,T0000781,DES002,1,5900,0,5900
L00001920,T0000782,BEV001,1,2500,200,2300
L00001921,T0000782,SNK003,1,5200,0,5200
L00001922,T0000782,BEV002,1,1600,0,1600
L00001923,T0000783,SNK004,1,2800,300,2500
L00001924,T0000784,RTE002,2,7000,0,14000
L00001925,T0000784,RTE004,1,8600,300,8300
L00001926,T0000784,DES003,1,3600,0,3600
L00001927,T0000785,DES003,2,3300,300,6300
L00001928,T0000785,DES002,1,6000,0,6000
L00001929,T0000785,RTE001,1,6700,200,6500
L00001930,T0000785,DES003,1,3700,0,3700
L00001931,T0000786,HOU002,1,2500,0,2500
L00001932,T0000786,RTE003,1,4600,500,4100
L00001933,T0000786,BEV003,1,4300,0,4300
L00001934,T0000786,BEV002,1,1900,0,1900
L00001935,T0000786,SNK002,1,4200,200,4000
L00001936,T0000787,RTE004,1,8600,300,8300
L00001937,T0000787,RTE001,1,6700,300,6400
L00001938,T0000788,BEV001,1,2600,300,2300
L00001939,T0000789,HOU002,1,2500,0,2500
L00001940,T0000789,DES002,1,5700,0,5700
L00001941,T0000789,BEV001,1,2300,500,1800
L00001942,T0000789,SNK003,1,5200,300,4900
L00001943,T0000789,BEV003,1,4400,0,4400
L00001944,T0000790,RTE004,1,8700,200,8500
L00001945,T0000790,BEV002,1,1600,500,1100
L00001946,T0000790,SNK003,1,5400,500,4900
L00001947,T0000791,HOU002,1,2100,200,1900
L00001948,T0000791,BEV003,2,4300,0,8600
L00001949,T0000792,SNK001,2,3800,0,7600
L00001950,T0000792,BEV003,1,4400,300,4100
L00001951,T0000792,SNK003,1,5200,300,4900
L00001952,T0000793,DES002,1,6100,0,6100
L00001953,T0000794,RTE004,1,8700,0,8700
L00001954,T0000794,RTE001,1,6500,0,6500
L00001955,T0000794,DES002,2,5900,0,11800
L00001956,T0000795,RTE003,1,4800,500,4300
L00001957,T0000795,BEV004,1,2700,0,2700
L00001958,T0000795,BEV001,1,2700,300,2400
L00001959,T0000795,RTE002,1,7200,0,7200
L00001960,T0000795,HOU001,1,2900,0,2900
L00001961,T0000796,DES001,1,3300,0,3300
L00001962,T0000796,RTE001,2,6500,0,13000
L00001963,T0000796,SNK004,1,2600,300,2300
L00001964,T0000796,HOU002,1,2300,500,1800
L00001965,T0000797,BEV002,1,1800,200,1600
L00001966,T0000797,RTE003,1,5000,300,4700
L00001967,T0000797,BEV004,1,2700,500,2200
L00001968,T0000797,SNK001,1,3800,0,3800
L00001969,T0000798,HOU003,1,6700,300,6400
L00001970,T0000798,SNK004,3,2800,300,8100
L00001971,T0000799,RTE003,1,5000,0,5000
L00001972,T0000800,DES003,1,3500,0,3500
L00001973,T0000800,BEV004,1,2700,500,2200
L00001974,T0000800,SNK002,1,4400,200,4200
L00001975,T0000800,RTE001,1,6500,0,6500
L00001976,T0000800,RTE004,1,8800,200,8600
L00001977,T0000801,SNK003,2,5200,0,10400
L00001978,T0000801,BEV001,1,2300,500,1800
L00001979,T0000802,SNK003,2,5200,0,10400
L00001980,T0000802,HOU002,1,2300,0,2300
L00001981,T0000802,RTE004,1,8400,0,8400
L00001982,T0000802,BEV001,1,2700,200,2500
L00001983,T0000802,SNK004,1,2600,500,2100
L00001984,T0000803,HOU001,1,2700,0,2700
L00001985,T0000804,SNK001,3,3600,0,10800
L00001986,T0000804,RTE003,2,4800,500,9100
L00001987,T0000804,HOU003,1,7000,500,6500
L00001988,T0000805,RTE003,1,4600,0,4600
L00001989,T0000805,DES001,1,3200,0,3200
L00001990,T0000806,RTE002,1,7300,300,7000
L00001991,T0000807,SNK002,1,4200,0,4200
L00001992,T0000807,RTE002,1,7200,0,7200
L00001993,T0000808,DES002,1,5900,300,5600
L00001994,T0000808,RTE002,1,7300,500,6800
L00001995,T0000809,RTE001,2,6300,0,12600
L00001996,T0000809,HOU002,1,2300,200,2100
L00001997,T0000810,RTE003,1,4600,500,4100
L00001998,T0000810,DES003,1,3300,0,3300
L00001999,T0000811,DES003,2,3500,0,7000
L00002000,T0000812,BEV003,1,4200,500,3700
L00002001,T0000812,RTE003,1,4900,500,4400
L00002002,T0000813,SNK004,1,2800,200,2600
L00002003,T0000813,BEV004,1,2600,300,2300
L00002004,T0000814,RTE002,1,7300,500,6800
L00002005,T0000814,DES002,1,6000,300,5700
L00002006,T0000815,SNK002,1,4000,0,4000
L00002007,T0000815,HOU001,1,3100,300,2800
L00002008,T0000815,RTE003,1,4600,0,4600
L00002009,T0000815,HOU001,1,2900,500,2400
L00002010,T0000815,BEV001,1,2500,0,2500
L00002011,T0000816,RTE003,1,4600,0,4600
L00002012,T0000816,RTE001,1,6500,0,6500
L00002013,T0000816,BEV003,1,4400,0,4400
L00002014,T0000817,SNK003,1,5300,0,5300
L00002015,T0000817,DES003,1,3600,200,3400
L00002016,T0000817,DES003,1,3600,0,3600
L00002017,T0000817,HOU001,1,3100,200,2900
L00002018,T0000817,DES003,1,3600,0,3600
L00002019,T0000818,SNK004,1,2900,200,2700
L00002020,T0000818,RTE004,1,8700,200,8500
L00002021,T0000818,BEV001,2,2700,0,5400
L00002022,T0000818,RTE004,1,8600,500,8100
L00002023,T0000819,HOU002,1,2300,0,2300
L00002024,T0000820,BEV003,2,4200,0,8400
L00002025,T0000820,HOU001,1,2900,0,2900
L00002026,T0000820,SNK003,1,5400,0,5400
L00002027,T0000820,BEV002,1,2000,0,2000
L00002028,T0000821,BEV002,1,1900,200,1700
L00002029,T0000822,SNK001,1,3800,0,3800
L00002030,T0000822,HOU003,1,6900,0,6900
L00002031,T0000823,SNK004,1,2800,0,2800
L00002032,T0000823,DES003,2,3600,0,7200
L00002033,T0000823,DES001,1,3100,0,3100
L00002034,T0000824,BEV004,1,2400,200,2200
L00002035,T0000825,RTE004,1,8600,0,8600
L00002036,T0000825,RTE002,1,7000,0,7000
L00002037,T0000826,RTE002,1,7000,300,6700
L00002038,T0000827,DES002,1,6100,200,5900
L00002039,T0000827,DES002,1,5900,500,5400
L00002040,T0000827,DES003,1,3500,0,3500
L00002041,T0000827,RTE003,1,4900,0,4900
L00002042,T0000828,RTE004,1,8600,0,8600
L00002043,T0000828,BEV004,1,2400,500,1900
L00002044,T0000829,HOU003,2,6900,300,13500
L00002045,T0000830,DES003,1,3600,500,3100
L00002046,T0000830,HOU002,1,2400,300,2100
L00002047,T0000831,HOU001,1,2900,200,2700
L00002048,T0000831,DES003,1,3500,0,3500
L00002049,T0000831,RTE004,1,8800,0,8800
L00002050,T0000832,DES002,2,6000,0,12000
L00002051,T0000832,HOU001,1,2900,200,2700
L00002052,T0000832,BEV004,1,2800,300,2500
L00002053,T0000832,BEV004,1,2600,0,2600
L00002054,T0000832,SNK004,1,2800,0,2800
L00002055,T0000833,RTE003,1,4600,0,4600
L00002056,T0000833,DES003,1,3600,0,3600
L00002057,T0000833,SNK002,1,4200,0,4200
L00002058,T0000834,DES003,1,3600,0,3600
L00002059,T0000834,BEV002,1,1600,0,1600
L00002060,T0000834,BEV004,2,2600,500,4700
L00002061,T0000834,SNK001,1,3900,0,3900
L00002062,T0000835,HOU002,1,2400,0,2400
L00002063,T0000835,BEV003,2,4200,0,8400
L00002064,T0000835,BEV001,1,2500,0,2500
L00002065,T0000835,SNK003,1,5300,500,4800
L00002066,T0000836,RTE002,1,7000,300,6700
L00002067,T0000836,HOU001,2,2700,500,4900
L00002068,T0000836,SNK004,1,2900,0,2900
L00002069,T0000836,HOU003,1,6900,0,6900
L00002070,T0000837,BEV001,1,2500,500,2000
L00002071,T0000837,BEV003,1,4200,0,4200
L00002072,T0000838,BEV002,1,1900,0,1900
L00002073,T0000838,RTE003,1,4900,300,4600
L00002074,T0000839,SNK001,1,3600,200,3400
L00002075,T0000839,SNK003,1,5000,0,5000
L00002076,T0000840,SNK004,1,3000,200,2800
L00002077,T0000840,DES002,2,5900,0,11800
L00002078,T0000841,BEV002,1,1800,0,1800
L00002079,T0000842,DES001,2,3300,0,6600
L00002080,T0000842,DES003,1,3300,200,3100
L00002081,T0000842,DES001,2,3100,0,6200
L00002082,T0000843,DES003,1,3700,0,3700
L00002083,T0000843,BEV004,1,2600,0,2600
L00002084,T0000843,RTE001,1,6600,500,6100
L00002085,T0000843,HOU002,1,2300,300,2000
L00002086,T0000844,DES002,2,5900,300,11500
L00002087,T0000844,DES002,2,6100,500,11700
L00002088,T0000844,RTE002,1,7300,0,7300
L00002089,T0000844,RTE002,1,7200,500,6700
L00002090,T0000844,SNK004,1,2900,500,2400
L00002091,T0000845,DES003,2,3700,500,6900
L00002092,T0000845,HOU003,1,6700,500,6200
L00002093,T0000846,SNK003,1,5200,500,4700
L00002094,T0000847,SNK003,1,5200,200,5000
L00002095,T0000847,DES001,3,3200,200,9400
L00002096,T0000847,DES002,2,6000,500,11500
L00002097,T0000848,RTE001,1,6700,0,6700
L00002098,T0000848,BEV003,1,4200,500,3700
L00002099,T0000849,DES003,1,3600,200,3400
L00002100,T0000849,HOU001,1,2900,0,2900
L00002101,T0000849,BEV001,1,2500,200,2300
L00002102,T0000849,RTE004,1,8800,300,8500
L00002103,T0000849,SNK003,2,5400,500,10300
L00002104,T0000850,RTE004,1,8600,500,8100
L00002105,T0000850,BEV004,1,2800,200,2600
L00002106,T0000850,SNK002,2,4200,200,8200
L00002107,T0000850,DES003,1,3300,0,3300
L00002108,T0000850,DES003,1,3700,300,3400
L00002109,T0000851,RTE001,2,6300,0,12600
L00002110,T0000852,BEV003,2,4000,200,7800
L00002111,T0000852,RTE001,1,6600,0,6600
L00002112,T0000852,SNK004,1,3000,200,2800
L00002113,T0000852,DES001,1,3300,300,3000
L00002114,T0000853,DES003,3,3500,500,10000
L00002115,T0000854,SNK002,1,4000,300,3700
L00002116,T0000854,DES001,1,2900,0,2900
L00002117,T0000854,HOU002,1,2300,0,2300
L00002118,T0000854,RTE004,1,8600,300,8300
L00002119,T0000854,DES003,1,3500,0,3500
L00002120,T0000855,RTE002,1,7000,0,7000
L00002121,T0000855,SNK004,1,2800,0,2800
L00002122,T0000856,HOU002,1,2500,0,2500
L00002123,T0000857,RTE002,1,7200,200,7000
L00002124,T0000857,DES003,1,3300,500,2800
L00002125,T0000857,BEV002,1,1900,0,1900
L00002126,T0000858,HOU003,1,7100,500,6600
L00002127,T0000859,RTE001,2,6600,0,13200
L00002128,T0000860,HOU001,1,2700,500,2200
L00002129,T0000860,SNK002,2,4000,0,8000
L00002130,T0000860,HOU002,1,2100,0,2100
L00002131,T0000861,SNK001,1,3900,0,3900
L00002132,T0000861,SNK002,1,4400,0,4400
L00002133,T0000861,RTE003,1,4900,0,4900
L00002134,T0000862,HOU003,1,6700,0,6700
L00002135,T0000862,HOU001,1,3000,0,3000
L00002136,T0000863,BEV004,1,2400,0,2400
L00002137,T0000863,HOU003,1,6900,0,6900
L00002138,T0000864,BEV003,1,4000,300,3700
L00002139,T0000864,SNK001,2,4000,300,7700
L00002140,T0000864,SNK001,1,3800,500,3300
L00002141,T0000865,RTE003,1,4800,200,4600
L00002142,T0000865,SNK001,1,4000,0,4000
L00002143,T0000865,DES001,1,3300,0,3300
L00002144,T0000866,RTE001,1,6700,200,6500
L00002145,T0000866,SNK002,1,4300,0,4300
L00002146,T0000867,BEV003,1,4000,200,3800
L00002147,T0000867,BEV002,1,2000,500,1500
L00002148,T0000868,SNK003,1,5000,300,4700
L00002149,T0000868,BEV001,1,2600,200,2400
L00002150,T0000868,RTE003,3,4800,0,14400
L00002151,T0000869,RTE003,2,4800,300,9300
L00002152,T0000869,BEV002,1,1600,0,1600
L00002153,T0000870,SNK001,1,3900,500,3400
L00002154,T0000870,BEV003,1,4300,300,4000
L00002155,T0000871,RTE004,1,8800,200,8600
L00002156,T0000871,SNK002,1,4200,0,4200
L00002157,T0000871,BEV001,1,2300,300,2000
L00002158,T0000872,BEV002,1,2000,500,1500
L00002159,T0000873,DES002,1,5700,300,5400
L00002160,T0000874,SNK004,1,2600,0,2600
L00002161,T0000874,HOU003,3,6900,0,20700
L00002162,T0000875,RTE004,1,8600,0,8600
L00002163,T0000876,SNK003,1,5200,500,4700
L00002164,T0000876,BEV001,1,2600,0,2600
L00002165,T0000876,SNK003,1,5200,0,5200
L00002166,T0000877,BEV002,1,1800,0,1800
L00002167,T0000877,BEV003,1,4400,0,4400
L00002168,T0000877,DES003,1,3300,300,3000
L00002169,T0000877,SNK004,1,2800,0,2800
L00002170,T0000878,BEV001,1,2600,0,2600
L00002171,T0000878,RTE004,2,8400,0,16800
L00002172,T0000878,RTE004,2,8800,0,17600
L00002173,T0000879,HOU001,1,2900,0,2900
L00002174,T0000879,DES003,2,3500,300,6700
L00002175,T0000879,RTE002,1,7200,0,7200
L00002176,T0000879,RTE002,3,7200,300,21300
L00002177,T0000880,HOU002,1,2500,300,2200
L00002178,T0000880,BEV004,1,2400,0,2400
L00002179,T0000881,HOU001,3,3000,0,9000
L00002180,T0000882,RTE004,1,8600,300,8300
L00002181,T0000882,DES003,2,3600,500,6700
L00002182,T0000883,RTE002,1,7000,200,6800
L00002183,T0000883,HOU002,1,2300,0,2300
L00002184,T0000884,SNK003,1,5200,0,5200
L00002185,T0000884,HOU001,1,3000,200,2800
L00002186,T0000884,BEV001,1,2700,300,2400
L00002187,T0000885,RTE003,1,5000,500,4500
L00002188,T0000885,DES002,2,5900,0,11800
L00002189,T0000886,BEV002,1,1800,200,1600
L00002190,T0000886,DES002,1,5900,300,5600
L00002191,T0000886,SNK003,3,5200,300,15300
L00002192,T0000886,RTE004,1,8600,0,8600
L00002193,T0000887,HOU003,2,6700,500,12900
L00002194,T0000887,RTE004,1,8400,0,8400
L00002195,T0000887,SNK001,1,3600,0,3600
L00002196,T0000888,DES003,1,3500,0,3500
L00002197,T0000888,BEV001,1,2500,500,2000
L00002198,T0000888,SNK001,1,3800,500,3300
L00002199,T0000889,BEV002,2,1800,300,3300
L00002200,T0000889,BEV001,1,2500,300,2200
L00002201,T0000889,SNK002,1,4000,200,3800
L00002202,T0000890,BEV004,1,2700,200,2500
L00002203,T0000890,BEV001,1,2300,200,2100
L00002204,T0000890,SNK003,1,5200,0,5200
L00002205,T0000890,BEV001,1,2600,300,2300
L00002206,T0000891,RTE004,1,8700,0,8700
L00002207,T0000892,SNK001,1,3600,500,3100
L00002208,T0000893,RTE004,1,8700,0,8700
L00002209,T0000893,RTE002,1,7200,0,7200
L00002210,T0000893,DES003,1,3300,0,3300
L00002211,T0000893,HOU003,1,7000,300,6700
L00002212,T0000894,RTE004,1,8400,0,8400
L00002213,T0000894,SNK003,1,5200,0,5200
L00002214,T0000895,RTE003,1,5000,0,5000
L00002215,T0000895,BEV002,1,1600,300,1300
L00002216,T0000895,BEV002,1,1900,0,1900
L00002217,T0000895,SNK003,1,5200,500,4700
L00002218,T0000895,RTE004,1,8400,200,8200
L00002219,T0000896,DES001,1,3100,0,3100
L00002220,T0000896,DES003,1,3700,0,3700
L00002221,T0000897,DES003,1,3600,0,3600
L00002222,T0000897,HOU002,1,2100,0,2100
L00002223,T0000897,DES003,2,3500,500,6500
L00002224,T0000898,SNK004,1,2900,300,2600
L00002225,T0000898,DES003,1,3500,300,3200
L00002226,T0000899,DES002,1,6100,500,5600
L00002227,T0000900,SNK001,1,3900,0,3900
L00002228,T0000900,RTE001,1,6500,200,6300
L00002229,T0000901,RTE002,1,7000,0,7000
L00002230,T0000901,DES003,2,3300,500,6100
L00002231,T0000901,HOU003,1,7000,0,7000
L00002232,T0000901,HOU001,1,2700,300,2400
L00002233,T0000902,DES001,2,3200,0,6400
L00002234,T0000902,DES001,1,3200,300,2900
L00002235,T0000903,SNK002,1,4000,500,3500
L00002236,T0000904,BEV003,1,4200,0,4200
L00002237,T0000904,SNK001,1,3800,0,3800
L00002238,T0000905,HOU001,1,2900,200,2700
L00002239,T0000905,SNK001,2,3800,200,7400
L00002240,T0000905,BEV001,1,2500,200,2300
L00002241,T0000905,SNK003,1,5200,200,5000
L00002242,T0000906,SNK001,1,3800,0,3800
L00002243,T0000906,DES003,1,3700,0,3700
L00002244,T0000907,BEV004,1,2600,0,2600
L00002245,T0000907,BEV001,1,2500,0,2500
L00002246,T0000907,DES001,1,3200,200,3000
L00002247,T0000907,SNK002,1,4200,0,4200
L00002248,T0000908,HOU001,2,2900,300,5500
L00002249,T0000908,HOU003,1,6900,0,6900
L00002250,T0000908,SNK004,1,3000,0,3000
L00002251,T0000909,HOU003,1,6900,0,6900
L00002252,T0000909,RTE002,3,7000,300,20700
L00002253,T0000909,BEV002,1,1800,500,1300
L00002254,T0000909,RTE001,1,6600,0,6600
L00002255,T0000910,SNK004,1,2800,0,2800
L00002256,T0000910,DES001,2,2900,200,5600
L00002257,T0000910,DES003,1,3300,500,2800
L00002258,T0000910,RTE001,1,6600,0,6600
L00002259,T0000911,SNK003,2,5200,500,9900
L00002260,T0000911,DES002,3,5900,200,17500
L00002261,T0000912,HOU001,2,3100,0,6200
L00002262,T0000912,BEV001,1,2700,0,2700
L00002263,T0000913,BEV001,1,2600,0,2600
L00002264,T0000913,RTE001,2,6500,500,12500
L00002265,T0000914,HOU002,1,2500,0,2500
L00002266,T0000914,RTE003,1,4800,200,4600
L00002267,T0000914,HOU001,1,2900,0,2900
L00002268,T0000914,SNK002,2,4200,500,7900
L00002269,T0000915,RTE004,1,8600,0,8600
L00002270,T0000916,SNK001,2,3800,0,7600
L00002271,T0000916,HOU001,1,3000,0,3000
L00002272,T0000916,DES002,1,6000,0,6000
L00002273,T0000916,DES003,1,3300,300,3000
L00002274,T0000917,SNK003,1,5300,300,5000
L00002275,T0000917,BEV001,1,2300,300,2000
L00002276,T0000918,BEV003,1,4200,500,3700
L00002277,T0000918,DES003,2,3600,0,7200
L00002278,T0000919,HOU002,2,2100,500,3700
L00002279,T0000919,DES002,1,5900,200,5700
L00002280,T0000919,SNK001,1,3600,200,3400
L00002281,T0000919,RTE001,1,6500,0,6500
L00002282,T0000920,HOU001,2,2900,200,5600
L00002283,T0000920,SNK004,1,2800,0,2800
L00002284,T0000920,BEV001,1,2500,0,2500
L00002285,T0000921,DES002,1,5900,0,5900
L00002286,T0000921,RTE003,1,4900,200,4700
L00002287,T0000922,SNK002,1,4200,0,4200
L00002288,T0000922,HOU001,1,2900,0,2900
L00002289,T0000922,SNK004,2,3000,0,6000
L00002290,T0000922,SNK004,1,3000,0,3000
L00002291,T0000922,SNK003,1,5300,0,5300
L00002292,T0000923,BEV003,1,4200,0,4200
L00002293,T0000923,RTE004,2,8800,0,17600
L00002294,T0000924,BEV003,1,4200,0,4200
L00002295,T0000924,HOU002,1,2300,0,2300
L00002296,T0000925,HOU003,1,7000,0,7000
L00002297,T0000925,SNK004,1,2800,0,2800
L00002298,T0000925,SNK002,1,4000,0,4000
L00002299,T0000925,BEV002,1,1600,200,1400
L00002300,T0000925,HOU003,1,6700,300,6400
L00002301,T0000926,HOU002,1,2400,500,1900
L00002302,T0000926,RTE002,2,7200,0,14400
L00002303,T0000926,RTE004,1,8600,0,8600
L00002304,T0000926,SNK004,2,3000,200,5800
L00002305,T0000926,SNK003,2,5400,0,10800
L00002306,T0000927,DES002,2,5900,300,11500
L00002307,T0000927,RTE003,1,5000,500,4500
L00002308,T0000927,SNK004,1,2600,0,2600
L00002309,T0000927,BEV001,1,2700,300,2400
L00002310,T0000928,SNK002,1,4300,200,4100
L00002311,T0000928,RTE002,1,7000,200,6800
L00002312,T0000928,BEV004,1,2800,500,2300
L00002313,T0000928,BEV003,3,4400,200,13000
L00002314,T0000929,DES002,1,5700,0,5700
L00002315,T0000930,DES002,1,5700,500,5200
L00002316,T0000931,SNK001,1,4000,200,3800
L00002317,T0000932,BEV001,1,2300,0,2300
L00002318,T0000932,RTE004,2,8600,0,17200
L00002319,T0000933,SNK002,2,4000,200,7800
L00002320,T0000933,BEV002,1,1800,0,1800
L00002321,T0000933,BEV002,1,1900,500,1400
L00002322,T0000934,DES002,1,6000,0,6000
L00002323,T0000934,RTE003,3,4600,300,13500
L00002324,T0000934,RTE004,2,8800,200,17400
L00002325,T0000935,SNK003,1,5000,0,5000
L00002326,T0000936,HOU003,1,7000,0,7000
L00002327,T0000936,DES003,1,3300,300,3000
L00002328,T0000936,RTE004,1,8600,200,8400
L00002329,T0000937,RTE003,1,4800,0,4800
L00002330,T0000937,SNK001,1,3900,0,3900
L00002331,T0000937,BEV001,1,2700,0,2700
L00002332,T0000938,HOU001,1,2900,500,2400
L00002333,T0000938,DES002,1,5900,500,5400
L00002334,T0000938,BEV004,1,2600,200,2400
L00002335,T0000939,RTE002,1,7000,0,7000
L00002336,T0000939,HOU001,1,3100,0,3100
L00002337,T0000940,RTE003,1,4800,0,4800
L00002338,T0000940,BEV002,1,1900,300,1600
L00002339,T0000940,RTE003,1,4800,500,4300
L00002340,T0000941,RTE002,1,7300,500,6800
L00002341,T0000941,RTE004,3,8700,0,26100
L00002342,T0000941,BEV004,1,2700,0,2700
L00002343,T0000941,DES003,1,3500,0,3500
L00002344,T0000941,RTE004,1,8700,0,8700
L00002345,T0000942,BEV002,1,1800,0,1800
L00002346,T0000942,BEV003,1,4200,200,4000
L00002347,T0000942,HOU001,1,2700,300,2400
L00002348,T0000943,BEV003,1,4200,0,4200
L00002349,T0000943,DES001,1,3300,0,3300
L00002350,T0000944,BEV004,1,2700,200,2500
L00002351,T0000945,BEV003,1,4300,0,4300
L00002352,T0000945,DES003,1,3500,0,3500
L00002353,T0000945,RTE001,2,6500,300,12700
L00002354,T0000945,SNK001,1,4000,0,4000
L00002355,T0000946,RTE001,1,6300,200,6100
L00002356,T0000946,RTE003,1,4800,0,4800
L00002357,T0000946,HOU002,1,2100,0,2100
L00002358,T0000946,SNK004,2,3000,0,6000
L00002359,T0000947,HOU001,1,2900,0,2900
L00002360,T0000947,RTE003,1,4800,300,4500
L00002361,T0000947,DES003,1,3500,300,3200
L00002362,T0000948,SNK004,2,3000,500,5500
L00002363,T0000949,RTE001,1,6500,0,6500
L00002364,T0000949,DES003,1,3700,500,3200
L00002365,T0000949,HOU003,3,7000,0,21000
L00002366,T0000949,HOU002,1,2100,0,2100
L00002367,T0000949,HOU001,3,3100,0,9300
L00002368,T0000950,SNK001,1,4000,500,3500
L00002369,T0000950,HOU002,2,2400,300,4500
L00002370,T0000950,BEV002,1,1800,0,1800
L00002371,T0000950,BEV002,1,1800,200,1600
L00002372,T0000950,SNK004,3,2600,0,7800
L00002373,T0000951,BEV003,1,4400,0,4400
L00002374,T0000952,RTE003,1,4800,0,4800
L00002375,T0000952,RTE001,1,6500,0,6500
L00002376,T0000953,SNK004,2,2600,0,5200
L00002377,T0000953,BEV001,1,2300,300,2000
L00002378,T0000953,RTE004,2,8600,200,17000
L00002379,T0000953,HOU002,1,2300,0,2300
L00002380,T0000953,BEV003,1,4300,0,4300
L00002381,T0000954,DES003,1,3500,0,3500
L00002382,T0000954,DES003,1,3500,0,3500
L00002383,T0000954,RTE004,1,8800,500,8300
L00002384,T0000954,SNK002,1,4200,200,4000
L00002385,T0000955,HOU001,1,2900,200,2700
L00002386,T0000955,RTE001,1,6600,0,6600
L00002387,T0000955,SNK004,1,2900,200,2700
L00002388,T0000955,HOU003,1,7100,300,6800
L00002389,T0000955,DES003,1,3500,0,3500
L00002390,T0000956,HOU001,1,3100,300,2800
L00002391,T0000956,HOU003,2,6900,500,13300
L00002392,T0000956,BEV004,1,2600,0,2600
L00002393,T0000957,RTE002,2,7300,500,14100
L00002394,T0000958,HOU001,1,2900,200,2700
L00002395,T0000959,DES001,1,3300,0,3300
L00002396,T0000959,SNK001,3,3800,500,10900
L00002397,T0000959,BEV004,1,2400,300,2100
L00002398,T0000960,HOU002,1,2300,0,2300
L00002399,T0000960,RTE004,1,8600,0,8600
L00002400,T0000960,HOU003,1,6900,500,6400
L00002401,T0000960,RTE001,1,6500,300,6200
L00002402,T0000960,BEV003,1,4300,0,4300
L00002403,T0000961,DES001,1,3300,500,2800
L00002404,T0000961,SNK003,1,5300,0,5300
L00002405,T0000961,SNK001,1,3900,200,3700
L00002406,T0000962,RTE001,1,6300,0,6300
L00002407,T0000963,RTE004,1,8600,0,8600
L00002408,T0000964,DES002,1,5900,0,5900
L00002409,T0000964,HOU003,1,6700,500,6200
L00002410,T0000965,SNK002,1,4200,0,4200
L00002411,T0000965,BEV004,1,2600,300,2300
L00002412,T0000965,DES003,1,3500,0,3500
L00002413,T0000965,SNK004,1,2800,200,2600
L00002414,T0000965,SNK003,1,5200,0,5200
L00002415,T0000966,HOU001,1,2900,0,2900
L00002416,T0000967,BEV003,1,4200,0,4200
L00002417,T0000967,HOU003,2,6900,0,13800
L00002418,T0000967,HOU002,1,2100,500,1600
L00002419,T0000968,SNK001,1,3900,0,3900
L00002420,T0000968,DES001,1,3300,0,3300
L00002421,T0000968,HOU001,2,2700,500,4900
L00002422,T0000968,BEV002,1,1600,0,1600
L00002423,T0000969,SNK004,1,3000,200,2800
L00002424,T0000970,BEV004,1,2800,300,2500
L00002425,T0000970,BEV002,1,2000,500,1500
L00002426,T0000971,RTE004,1,8800,0,8800
L00002427,T0000972,HOU001,1,2900,0,2900
L00002428,T0000972,BEV002,1,1800,300,1500
L00002429,T0000973,SNK002,2,4400,500,8300
L00002430,T0000973,BEV003,1,4200,300,3900
L00002431,T0000973,DES001,1,2900,0,2900
L00002432,T0000974,RTE002,2,7000,200,13800
L00002433,T0000974,HOU001,1,2900,0,2900
L00002434,T0000974,SNK004,1,2800,0,2800
L00002435,T0000974,DES002,1,5700,200,5500
L00002436,T0000975,DES002,1,5700,200,5500
L00002437,T0000975,DES003,2,3300,0,6600
L00002438,T0000975,RTE003,2,4800,0,9600
L00002439,T0000975,SNK002,1,4300,500,3800
L00002440,T0000975,RTE001,2,6700,500,12900
L00002441,T0000976,BEV002,2,1600,200,3000
L00002442,T0000977,SNK003,2,5000,200,9800
L00002443,T0000977,HOU003,1,6900,0,6900
L00002444,T0000977,BEV001,1,2500,0,2500
L00002445,T0000978,RTE002,1,7200,0,7200
L00002446,T0000979,HOU001,1,2700,500,2200
L00002447,T0000980,HOU001,1,2900,0,2900
L00002448,T0000980,HOU002,2,2500,0,5000
L00002449,T0000981,RTE001,1,6700,0,6700
L00002450,T0000981,BEV002,3,2000,0,6000
L00002451,T0000982,RTE003,2,4800,300,9300
L00002452,T0000983,DES002,1,5900,200,5700
L00002453,T0000983,SNK002,1,4400,300,4100
L00002454,T0000983,RTE001,3,6500,300,19200
L00002455,T0000983,RTE004,2,8800,0,17600
L00002456,T0000983,RTE001,2,6600,200,13000
L00002457,T0000984,BEV002,1,1900,0,1900
L00002458,T0000984,HOU001,1,2700,0,2700
L00002459,T0000985,HOU002,1,2500,200,2300
L00002460,T0000985,RTE004,1,8800,0,8800
L00002461,T0000985,DES003,1,3700,200,3500
L00002462,T0000985,HOU001,1,3000,0,3000
L00002463,T0000986,BEV003,2,4300,0,8600
L00002464,T0000986,DES001,1,2900,0,2900
L00002465,T0000986,SNK001,1,3600,300,3300
L00002466,T0000987,DES003,1,3500,0,3500
L00002467,T0000987,HOU001,1,2900,0,2900
L00002468,T0000988,SNK004,1,2800,0,2800
L00002469,T0000988,SNK002,1,4200,0,4200
L00002470,T0000989,DES003,1,3500,300,3200
L00002471,T0000990,HOU001,1,2900,500,2400
L00002472,T0000990,RTE002,1,7200,0,7200
L00002473,T0000991,RTE001,2,6300,300,12300
L00002474,T0000991,RTE004,1,8800,0,8800
L00002475,T0000992,SNK001,1,3800,300,3500
L00002476,T0000992,SNK004,1,2600,200,2400
L00002477,T0000992,HOU002,1,2300,200,2100
L00002478,T0000993,SNK002,1,4200,500,3700
L00002479,T0000993,HOU003,1,7000,500,6500
L00002480,T0000994,BEV004,1,2600,0,2600
L00002481,T0000994,SNK004,2,2800,500,5100
L00002482,T0000995,SNK003,1,5200,500,4700
L00002483,T0000996,HOU002,2,2300,300,4300
L00002484,T0000996,HOU003,1,6900,0,6900
L00002485,T0000996,RTE003,1,5000,0,5000
L00002486,T0000997,HOU003,1,6900,200,6700
L00002487,T0000998,BEV002,1,2000,0,2000
L00002488,T0000998,RTE002,1,7000,300,6700
L00002489,T0000998,SNK003,1,5200,500,4700
L00002490,T0000999,RTE003,1,4900,500,4400
L00002491,T0000999,RTE002,2,7000,0,14000
L00002492,T0000999,SNK001,1,4000,0,4000
L00002493,T0001000,SNK002,1,4300,200,4100
L00002494,T0001001,BEV002,2,2000,0,4000
L00002495,T0001001,HOU002,3,2100,500,5800
L00002496,T0001002,BEV002,1,2000,0,2000
L00002497,T0001002,DES002,1,5700,200,5500
L00002498,T0001003,SNK003,1,5200,500,4700
L00002499,T0001004,DES001,1,3100,200,2900
L00002500,T0001005,BEV003,1,4000,300,3700
L00002501,T0001006,RTE001,1,6700,300,6400
L00002502,T0001006,RTE004,1,8600,500,8100
L00002503,T0001006,RTE004,1,8800,500,8300
L00002504,T0001007,BEV003,1,4300,200,4100
L00002505,T0001007,DES002,1,6100,0,6100
L00002506,T0001007,SNK004,2,2600,500,4700
L00002507,T0001008,BEV002,2,1800,200,3400
L00002508,T0001008,SNK001,1,3900,300,3600
L00002509,T0001009,RTE001,1,6700,0,6700
L00002510,T0001010,SNK001,1,3900,0,3900
L00002511,T0001011,SNK002,1,4000,500,3500
L00002512,T0001011,BEV003,1,4400,500,3900
L00002513,T0001011,RTE003,1,4800,300,4500
L00002514,T0001012,BEV004,1,2800,500,2300
L00002515,T0001012,BEV001,1,2300,200,2100
L00002516,T0001013,BEV003,1,4000,200,3800
L00002517,T0001013,RTE002,2,7400,0,14800
L00002518,T0001013,RTE002,2,7200,300,14100
L00002519,T0001013,DES002,1,6100,0,6100
L00002520,T0001013,RTE001,1,6600,0,6600
L00002521,T0001014,BEV003,2,4200,500,7900
L00002522,T0001014,BEV004,2,2400,0,4800
L00002523,T0001015,RTE002,1,7000,200,6800
L00002524,T0001015,DES002,2,5700,300,11100
L00002525,T0001016,HOU002,2,2300,0,4600
L00002526,T0001016,HOU001,2,2700,500,4900
L00002527,T0001016,RTE004,1,8800,0,8800
L00002528,T0001016,DES002,2,6100,0,12200
L00002529,T0001017,SNK002,1,4300,0,4300
L00002530,T0001018,SNK003,1,5000,500,4500
L00002531,T0001019,DES002,1,5700,0,5700
L00002532,T0001019,RTE003,1,4600,300,4300
L00002533,T0001020,BEV003,1,4300,0,4300
L00002534,T0001021,DES002,1,6000,200,5800
L00002535,T0001021,RTE004,1,8600,0,8600
L00002536,T0001021,DES001,1,3100,0,3100
L00002537,T0001022,DES002,1,6100,200,5900
L00002538,T0001022,RTE001,1,6300,0,6300
L00002539,T0001023,BEV001,1,2700,200,2500
L00002540,T0001023,SNK002,1,4000,0,4000
L00002541,T0001023,SNK002,1,4200,0,4200
L00002542,T0001023,RTE002,1,7000,200,6800
L00002543,T0001024,HOU002,1,2300,500,1800
L00002544,T0001024,HOU003,1,7000,500,6500
L00002545,T0001024,RTE003,1,4900,200,4700
L00002546,T0001024,RTE004,1,8700,0,8700
L00002547,T0001025,HOU003,1,7100,0,7100
L00002548,T0001025,SNK001,1,3600,200,3400
L00002549,T0001026,DES001,2,3300,500,6100
L00002550,T0001026,DES002,1,5900,0,5900
L00002551,T0001026,SNK001,1,3800,200,3600
L00002552,T0001026,SNK004,1,2800,500,2300
L00002553,T0001027,RTE004,1,8400,0,8400
L00002554,T0001027,SNK002,1,4200,500,3700
L00002555,T0001027,RTE002,1,7200,0,7200
L00002556,T0001028,DES003,1,3700,200,3500
L00002557,T0001029,DES002,1,5700,500,5200
L00002558,T0001029,HOU002,1,2500,0,2500
L00002559,T0001029,SNK004,1,2600,500,2100
L00002560,T0001029,HOU003,1,7000,200,6800
L00002561,T0001029,BEV001,1,2300,0,2300
L00002562,T0001030,RTE004,1,8800,0,8800
L00002563,T0001030,SNK003,1,5400,0,5400
L00002564,T0001031,BEV001,1,2500,0,2500
L00002565,T0001031,DES003,1,3600,0,3600
L00002566,T0001032,SNK003,1,5000,300,4700
L00002567,T0001033,BEV001,2,2700,300,5100
L00002568,T0001033,SNK002,2,4300,300,8300
L00002569,T0001034,RTE001,1,6700,0,6700
L00002570,T0001035,SNK003,1,5300,0,5300
L00002571,T0001035,BEV002,1,1800,200,1600
L00002572,T0001036,BEV002,1,1600,500,1100
L00002573,T0001036,BEV001,2,2300,0,4600
L00002574,T0001036,SNK002,2,4200,0,8400
L00002575,T0001036,RTE002,1,7300,300,7000
L00002576,T0001037,HOU003,1,7100,0,7100
L00002577,T0001037,RTE004,1,8800,0,8800
L00002578,T0001037,DES002,1,5900,0,5900
L00002579,T0001038,RTE001,1,6500,0,6500
L00002580,T0001038,SNK001,1,4000,500,3500
L00002581,T0001038,HOU002,3,2300,0,6900
L00002582,T0001039,HOU001,2,3000,500,5500
L00002583,T0001039,SNK001,2,3800,500,7100
L00002584,T0001039,BEV001,1,2700,200,2500
L00002585,T0001039,HOU003,1,6700,0,6700
L00002586,T0001040,RTE002,2,7000,0,14000
L00002587,T0001040,DES002,2,5700,0,11400
L00002588,T0001040,DES001,1,3200,300,2900
L00002589,T0001040,SNK001,1,3800,200,3600
L00002590,T0001041,DES001,1,2900,300,2600
L00002591,T0001041,BEV002,1,1600,200,1400
L00002592,T0001041,HOU002,1,2300,300,2000
L00002593,T0001041,BEV003,1,4000,300,3700
L00002594,T0001042,SNK002,1,4300,500,3800
L00002595,T0001042,BEV002,1,1800,500,1300
L00002596,T0001042,RTE004,1,8600,0,8600
L00002597,T0001043,BEV001,2,2500,0,5000
L00002598,T0001043,DES001,1,2900,0,2900
L00002599,T0001043,RTE001,1,6700,500,6200
L00002600,T0001043,BEV004,1,2600,0,2600
L00002601,T0001044,HOU002,1,2100,0,2100
L00002602,T0001044,DES003,3,3500,200,10300
L00002603,T0001044,SNK003,1,5200,200,5000
L00002604,T0001045,DES002,1,6100,0,6100
L00002605,T0001045,BEV003,1,4300,0,4300
L00002606,T0001046,BEV001,1,2700,300,2400
L00002607,T0001046,HOU001,1,3000,300,2700
L00002608,T0001046,SNK002,1,4000,0,4000
L00002609,T0001047,HOU001,2,3000,0,6000
L00002610,T0001048,BEV002,3,1800,500,4900
L00002611,T0001048,DES002,1,5700,0,5700
L00002612,T0001048,RTE002,1,7400,0,7400
L00002613,T0001049,DES002,1,5900,0,5900
L00002614,T0001049,DES001,2,3100,200,6000
L00002615,T0001049,BEV001,1,2500,0,2500
L00002616,T0001049,BEV004,1,2800,0,2800
L00002617,T0001050,RTE001,1,6700,0,6700
L00002618,T0001050,SNK003,1,5400,200,5200
L00002619,T0001050,DES003,1,3600,0,3600
L00002620,T0001051,BEV001,1,2500,0,2500
L00002621,T0001051,DES002,1,5700,0,5700
L00002622,T0001051,RTE001,1,6500,0,6500
L00002623,T0001052,BEV002,3,2000,300,5700
L00002624,T0001052,SNK004,3,2800,500,7900
L00002625,T0001053,HOU002,1,2500,300,2200
L00002626,T0001053,HOU003,1,7000,0,7000
L00002627,T0001054,BEV004,2,2800,0,5600
L00002628,T0001054,SNK001,1,3600,0,3600
L00002629,T0001054,HOU001,1,3100,0,3100
L00002630,T0001054,BEV002,2,1800,0,3600
L00002631,T0001054,DES001,1,3200,500,2700
L00002632,T0001055,RTE001,2,6500,500,12500
L00002633,T0001055,SNK004,2,2800,0,5600
L00002634,T0001055,DES003,2,3700,300,7100
L00002635,T0001056,HOU001,1,2900,0,2900
L00002636,T0001056,SNK004,1,2800,0,2800
L00002637,T0001057,HOU001,1,3000,0,3000
L00002638,T0001057,RTE004,1,8800,0,8800
L00002639,T0001057,BEV004,1,2700,300,2400
L00002640,T0001058,RTE001,1,6600,200,6400
L00002641,T0001058,BEV001,1,2500,500,2000
L00002642,T0001059,RTE002,1,7000,0,7000
L00002643,T0001060,HOU002,1,2300,200,2100
L00002644,T0001060,BEV002,3,1600,200,4600
L00002645,T0001061,RTE001,2,6500,0,13000
L00002646,T0001061,DES003,1,3300,500,2800
L00002647,T0001062,DES002,1,6000,0,6000
L00002648,T0001063,DES001,1,3100,300,2800
L00002649,T0001063,DES001,2,2900,0,5800
L00002650,T0001063,DES001,1,3100,500,2600
L00002651,T0001064,HOU002,1,2400,0,2400
L00002652,T0001065,BEV002,1,1600,0,1600
L00002653,T0001065,HOU003,1,7000,500,6500
L00002654,T0001065,BEV004,1,2400,200,2200
L00002655,T0001065,SNK004,1,3000,500,2500
L00002656,T0001066,RTE002,1,7000,0,7000
L00002657,T0001066,RTE004,1,8400,500,7900
L00002658,T0001067,SNK001,1,3600,500,3100
L00002659,T0001068,BEV004,1,2600,300,2300
L00002660,T0001068,HOU003,2,6900,300,13500
L00002661,T0001068,RTE001,1,6500,300,6200
L00002662,T0001069,BEV001,1,2500,300,2200
L00002663,T0001070,SNK001,1,3800,0,3800
L00002664,T0001070,SNK003,1,5400,300,5100
L00002665,T0001070,HOU001,1,2900,500,2400
L00002666,T0001071,DES003,1,3700,0,3700
L00002667,T0001071,BEV003,2,4000,300,7700
L00002668,T0001071,RTE002,1,7200,0,7200
L00002669,T0001072,DES002,1,5700,0,5700
L00002670,T0001073,HOU001,1,2900,0,2900
L00002671,T0001073,HOU001,1,2900,200,2700
L00002672,T0001073,DES002,1,5900,500,5400
L00002673,T0001074,DES002,1,5900,300,5600
L00002674,T0001075,RTE003,1,4800,0,4800
L00002675,T0001075,SNK003,1,5200,0,5200
L00002676,T0001075,SNK002,1,4000,0,4000
L00002677,T0001075,DES003,1,3500,200,3300
L00002678,T0001076,SNK003,1,5400,0,5400
L00002679,T0001076,HOU001,1,2700,200,2500
L00002680,T0001077,BEV004,1,2600,300,2300
L00002681,T0001077,SNK004,2,3000,500,5500
L00002682,T0001077,RTE001,2,6600,0,13200
L00002683,T0001077,RTE003,1,4900,0,4900
L00002684,T0001078,SNK001,1,4000,200,3800
L00002685,T0001079,BEV004,1,2600,0,2600
L00002686,T0001080,RTE002,1,7200,0,7200
L00002687,T0001080,SNK002,1,4300,300,4000
L00002688,T0001080,BEV001,1,2300,200,2100
L00002689,T0001080,RTE001,1,6300,0,6300
L00002690,T0001081,DES003,2,3500,0,7000
L00002691,T0001081,BEV003,1,4300,200,4100
L00002692,T0001082,SNK003,1,5200,300,4900
L00002693,T0001082,DES002,2,6000,0,12000
L00002694,T0001082,SNK001,2,3800,0,7600
L00002695,T0001082,SNK002,1,4200,300,3900
L00002696,T0001083,SNK004,1,2600,500,2100
L00002697,T0001083,DES001,1,3100,200,2900
L00002698,T0001084,RTE003,2,4600,500,8700
L00002699,T0001084,BEV002,1,1800,300,1500
L00002700,T0001084,RTE001,1,6500,300,6200
L00002701,T0001084,SNK004,1,2800,0,2800
L00002702,T0001085,SNK004,1,2900,500,2400
L00002703,T0001085,BEV002,1,2000,0,2000
L00002704,T0001085,RTE004,1,8400,500,7900
L00002705,T0001086,RTE001,2,6600,200,13000
L00002706,T0001086,DES001,1,3100,0,3100
L00002707,T0001086,BEV003,1,4000,200,3800
L00002708,T0001086,DES002,1,5700,0,5700
L00002709,T0001087,RTE001,1,6500,0,6500
L00002710,T0001087,BEV004,1,2700,500,2200
L00002711,T0001088,DES003,2,3700,300,7100
L00002712,T0001088,SNK001,1,3600,0,3600
L00002713,T0001089,BEV002,1,1600,300,1300
L00002714,T0001089,BEV002,1,1800,0,1800
L00002715,T0001090,RTE003,2,4800,500,9100
L00002716,T0001090,DES001,1,3200,500,2700
L00002717,T0001090,DES002,1,5900,500,5400
L00002718,T0001090,HOU002,1,2300,0,2300
L00002719,T0001091,RTE004,2,8800,200,17400
L00002720,T0001091,SNK004,1,2800,300,2500
L00002721,T0001091,RTE003,1,4900,0,4900
L00002722,T0001092,RTE003,2,4800,500,9100
L00002723,T0001092,SNK004,2,2900,300,5500
L00002724,T0001092,SNK003,1,5200,300,4900
L00002725,T0001093,SNK002,1,4000,0,4000
L00002726,T0001093,DES003,1,3600,300,3300
L00002727,T0001094,SNK003,1,5300,500,4800
L00002728,T0001094,SNK003,1,5300,500,4800
L00002729,T0001094,RTE001,1,6300,500,5800
L00002730,T0001094,SNK004,1,2800,500,2300
L00002731,T0001094,BEV002,1,1600,300,1300
L00002732,T0001095,HOU001,1,2900,0,2900
L00002733,T0001096,RTE002,1,7200,300,6900
L00002734,T0001096,BEV001,1,2700,300,2400
L00002735,T0001097,DES002,1,5900,0,5900
L00002736,T0001097,RTE003,1,4800,0,4800
L00002737,T0001098,DES001,2,2900,200,5600
L00002738,T0001099,DES001,1,3100,300,2800
L00002739,T0001099,SNK001,1,3900,300,3600
L00002740,T0001099,BEV001,1,2500,200,2300
L00002741,T0001100,DES003,1,3600,0,3600
L00002742,T0001100,RTE001,1,6600,300,6300
L00002743,T0001100,SNK002,1,4200,200,4000
L00002744,T0001100,DES003,1,3500,0,3500
L00002745,T0001101,RTE001,1,6300,300,6000
L00002746,T0001101,BEV003,2,4300,500,8100
L00002747,T0001102,DES003,1,3300,0,3300
L00002748,T0001103,DES001,1,3300,0,3300
L00002749,T0001104,BEV004,2,2600,0,5200
L00002750,T0001104,HOU001,1,3000,300,2700
L00002751,T0001105,RTE002,1,7200,200,7000
L00002752,T0001105,BEV003,1,4400,300,4100
L00002753,T0001105,HOU001,1,2900,300,2600
L00002754,T0001106,BEV003,1,4300,0,4300
L00002755,T0001106,DES002,1,5900,0,5900
L00002756,T0001106,RTE001,1,6300,0,6300
L00002757,T0001106,DES003,1,3600,0,3600
L00002758,T0001107,RTE002,1,7000,200,6800
L00002759,T0001107,RTE002,2,7400,0,14800
L00002760,T0001107,HOU003,1,6900,0,6900
L00002761,T0001107,RTE004,2,8800,300,17300
L00002762,T0001108,HOU003,1,6700,300,6400
L00002763,T0001108,SNK003,2,5200,0,10400
L00002764,T0001109,RTE003,1,4800,500,4300
L00002765,T0001109,BEV003,1,4400,0,4400
L00002766,T0001109,SNK001,1,4000,300,3700
L00002767,T0001109,RTE002,1,7200,0,7200
L00002768,T0001110,DES001,1,3100,200,2900
L00002769,T0001110,DES003,1,3300,200,3100
L00002770,T0001110,HOU002,1,2500,0,2500
L00002771,T0001110,DES002,1,5900,500,5400
L00002772,T0001111,BEV001,2,2500,200,4800
L00002773,T0001111,SNK003,1,5300,200,5100
L00002774,T0001111,BEV003,1,4200,0,4200
L00002775,T0001112,RTE001,1,6700,300,6400
L00002776,T0001112,HOU003,1,6700,0,6700
L00002777,T0001113,DES003,1,3500,0,3500
L00002778,T0001113,DES002,1,5900,0,5900
L00002779,T0001114,SNK004,1,2600,0,2600
L00002780,T0001115,SNK004,1,2800,0,2800
L00002781,T0001115,RTE002,1,7200,500,6700
L00002782,T0001116,BEV001,1,2700,200,2500
L00002783,T0001116,RTE004,1,8600,500,8100
L00002784,T0001117,SNK001,1,3800,0,3800
L00002785,T0001117,DES003,1,3500,200,3300
L00002786,T0001117,HOU001,1,3100,200,2900
L00002787,T0001117,DES003,1,3300,300,3000
L00002788,T0001118,RTE004,1,8700,0,8700
L00002789,T0001118,SNK003,1,5300,0,5300
L00002790,T0001118,RTE003,1,4800,200,4600
L00002791,T0001118,RTE001,1,6700,500,6200
L00002792,T0001119,RTE002,1,7000,0,7000
L00002793,T0001119,RTE001,1,6600,300,6300
L00002794,T0001120,RTE001,1,6500,300,6200
L00002795,T0001120,DES003,1,3700,300,3400
L00002796,T0001120,DES003,1,3700,0,3700
L00002797,T0001121,SNK001,1,3600,0,3600
L00002798,T0001121,RTE001,2,6600,0,13200
L00002799,T0001121,RTE004,1,8700,500,8200
L00002800,T0001121,SNK004,1,2800,500,2300
L00002801,T0001121,DES003,1,3500,300,3200
L00002802,T0001122,SNK002,1,4400,0,4400
L00002803,T0001122,DES003,1,3700,0,3700
L00002804,T0001122,RTE003,2,5000,300,9700
L00002805,T0001122,BEV004,1,2800,0,2800
L00002806,T0001123,BEV002,2,2000,0,4000
L00002807,T0001123,SNK004,1,3000,0,3000
L00002808,T0001123,RTE004,2,8800,0,17600
L00002809,T0001123,BEV003,1,4000,500,3500
L00002810,T0001124,HOU002,3,2300,500,6400
L00002811,T0001124,BEV003,1,4200,0,4200
L00002812,T0001124,HOU002,1,2100,300,1800
L00002813,T0001124,BEV002,1,2000,500,1500
L00002814,T0001125,BEV004,1,2700,500,2200
L00002815,T0001125,SNK001,1,3800,0,3800
L00002816,T0001126,HOU003,1,6900,200,6700
L00002817,T0001127,RTE003,1,4800,500,4300
L00002818,T0001127,HOU003,2,7000,500,13500
L00002819,T0001127,BEV001,1,2500,0,2500
L00002820,T0001128,DES003,1,3700,0,3700
L00002821,T0001128,SNK003,2,5400,200,10600
L00002822,T0001128,RTE001,1,6600,0,6600
L00002823,T0001129,BEV004,1,2700,0,2700
L00002824,T0001130,RTE001,1,6300,200,6100
L00002825,T0001130,BEV001,1,2600,0,2600
L00002826,T0001130,RTE003,2,4800,200,9400
L00002827,T0001130,HOU002,1,2100,0,2100
L00002828,T0001130,HOU002,1,2300,0,2300
L00002829,T0001131,BEV002,1,1800,500,1300
L00002830,T0001132,BEV002,1,1800,300,1500
L00002831,T0001133,DES001,1,2900,200,2700
L00002832,T0001134,BEV001,1,2500,0,2500
L00002833,T0001134,BEV003,2,4200,500,7900
L00002834,T0001135,RTE003,1,4800,500,4300
L00002835,T0001135,RTE001,2,6300,0,12600
L00002836,T0001135,BEV004,3,2400,0,7200
L00002837,T0001136,RTE004,1,8400,0,8400
L00002838,T0001136,SNK001,1,3800,0,3800
L00002839,T0001137,BEV001,1,2500,500,2000
L00002840,T0001137,SNK004,1,2600,0,2600
L00002841,T0001137,BEV003,1,4300,500,3800
L00002842,T0001137,SNK003,1,5300,0,5300
L00002843,T0001137,RTE003,1,4600,200,4400
L00002844,T0001138,BEV002,1,1900,0,1900
L00002845,T0001138,SNK003,1,5400,200,5200
L00002846,T0001138,BEV003,1,4200,0,4200
L00002847,T0001138,BEV001,2,2500,0,5000
L00002848,T0001139,SNK004,1,2800,0,2800
L00002849,T0001139,RTE004,1,8700,0,8700
L00002850,T0001139,RTE001,1,6500,200,6300
L00002851,T0001139,SNK002,1,4000,200,3800
L00002852,T0001140,SNK004,1,2800,200,2600
L00002853,T0001140,RTE003,1,4600,0,4600
L00002854,T0001140,DES003,2,3700,0,7400
L00002855,T0001140,DES001,2,3100,0,6200
L00002856,T0001141,BEV001,2,2300,0,4600
L00002857,T0001141,DES001,2,3100,200,6000
L00002858,T0001141,BEV003,1,4300,300,4000
L00002859,T0001142,DES001,1,3200,200,3000
L00002860,T0001143,RTE004,1,8700,0,8700
L00002861,T0001143,BEV004,1,2600,0,2600
L00002862,T0001144,HOU003,1,7100,200,6900
L00002863,T0001144,RTE002,1,7200,0,7200
L00002864,T0001145,RTE003,1,4600,0,4600
L00002865,T0001145,BEV002,1,1800,0,1800
L00002866,T0001146,HOU001,2,2700,200,5200
L00002867,T0001146,DES001,1,3100,0,3100
L00002868,T0001146,DES001,1,3100,0,3100
L00002869,T0001147,BEV002,1,1900,300,1600
L00002870,T0001147,DES003,2,3700,500,6900
L00002871,T0001148,HOU003,1,6900,0,6900
L00002872,T0001149,RTE002,2,7000,200,13800
L00002873,T0001149,DES002,1,6000,0,6000
L00002874,T0001150,RTE003,1,5000,200,4800
L00002875,T0001150,SNK003,1,5200,500,4700
L00002876,T0001151,HOU003,1,6900,0,6900
L00002877,T0001152,DES002,1,5900,0,5900
L00002878,T0001152,SNK002,1,4300,300,4000
L00002879,T0001152,BEV002,2,1900,300,3500
L00002880,T0001152,SNK003,1,5000,300,4700
L00002881,T0001153,SNK003,1,5400,300,5100
L00002882,T0001153,DES002,1,5900,0,5900
L00002883,T0001154,DES001,1,2900,300,2600
L00002884,T0001154,DES002,2,5900,500,11300
L00002885,T0001154,DES002,3,6000,200,17800
L00002886,T0001154,RTE002,2,7000,200,13800
L00002887,T0001155,SNK003,1,5200,0,5200
L00002888,T0001155,RTE003,1,4800,300,4500
L00002889,T0001155,BEV004,1,2800,300,2500
L00002890,T0001155,SNK002,1,4200,0,4200
L00002891,T0001156,SNK001,1,3600,0,3600
L00002892,T0001156,RTE003,1,4800,0,4800
L00002893,T0001156,SNK002,1,4300,0,4300
L00002894,T0001157,RTE003,3,5000,300,14700
L00002895,T0001157,SNK001,2,3900,500,7300
L00002896,T0001157,SNK003,1,5300,300,5000
L00002897,T0001157,DES002,1,6100,0,6100
L00002898,T0001157,RTE003,1,4900,300,4600
L00002899,T0001158,SNK001,1,3600,300,3300
L00002900,T0001159,RTE003,1,5000,300,4700
L00002901,T0001159,HOU003,1,7000,0,7000
L00002902,T0001159,BEV002,1,1800,0,1800
L00002903,T0001159,BEV002,1,1800,200,1600
L00002904,T0001160,BEV003,1,4200,500,3700
L00002905,T0001160,BEV002,1,1900,0,1900
L00002906,T0001160,SNK001,1,3800,0,3800
L00002907,T0001160,HOU003,1,6700,0,6700
L00002908,T0001161,BEV001,1,2500,0,2500
L00002909,T0001161,DES003,1,3500,0,3500
L00002910,T0001161,HOU002,1,2100,0,2100
L00002911,T0001162,DES002,1,5700,500,5200
L00002912,T0001162,SNK004,1,2800,200,2600
L00002913,T0001162,RTE004,1,8600,500,8100
L00002914,T0001163,SNK004,2,2900,0,5800
L00002915,T0001163,RTE001,1,6300,0,6300
L00002916,T0001163,BEV004,2,2600,0,5200
L00002917,T0001163,HOU001,1,3100,500,2600
L00002918,T0001164,BEV002,1,1800,200,1600
L00002919,T0001164,RTE001,1,6500,300,6200
L00002920,T0001164,RTE004,1,8600,0,8600
L00002921,T0001165,RTE001,1,6600,0,6600
L00002922,T0001165,HOU001,1,2900,300,2600
L00002923,T0001166,BEV001,1,2500,300,2200
L00002924,T0001166,SNK002,1,4200,0,4200
L00002925,T0001166,HOU003,1,7000,200,6800
L00002926,T0001166,RTE001,1,6300,200,6100
L00002927,T0001167,BEV002,1,1800,300,1500
L00002928,T0001168,BEV003,2,4000,300,7700
L00002929,T0001169,SNK002,1,4300,0,4300
L00002930,T0001169,RTE001,1,6300,200,6100
L00002931,T0001169,BEV002,2,1600,300,2900
L00002932,T0001170,HOU003,1,7000,500,6500
L00002933,T0001170,DES003,1,3300,200,3100
L00002934,T0001170,RTE002,1,7200,0,7200
L00002935,T0001171,BEV002,1,1900,500,1400
L00002936,T0001171,BEV003,1,4300,0,4300
L00002937,T0001171,DES003,1,3700,0,3700
L00002938,T0001172,DES001,1,3100,500,2600
L00002939,T0001172,RTE001,1,6700,500,6200
L00002940,T0001172,RTE002,1,7200,300,6900
L00002941,T0001172,SNK002,1,4200,200,4000
L00002942,T0001173,SNK003,2,5300,0,10600
L00002943,T0001174,SNK004,1,2600,200,2400
L00002944,T0001174,BEV002,1,1800,0,1800
L00002945,T0001175,RTE004,1,8600,500,8100
L00002946,T0001175,HOU003,2,6700,200,13200
L00002947,T0001175,BEV004,1,2800,200,2600
L00002948,T0001176,SNK001,1,3600,200,3400
L00002949,T0001176,BEV002,3,1900,200,5500
L00002950,T0001176,RTE003,1,5000,500,4500
L00002951,T0001176,BEV001,1,2600,300,2300
L00002952,T0001176,SNK002,1,4200,500,3700
L00002953,T0001177,SNK003,1,5000,0,5000
L00002954,T0001178,DES003,3,3500,0,10500
L00002955,T0001178,BEV003,1,4200,0,4200
L00002956,T0001178,RTE001,1,6300,500,5800
L00002957,T0001179,BEV002,1,1900,0,1900
L00002958,T0001179,BEV002,1,2000,200,1800
L00002959,T0001180,HOU003,2,6900,300,13500
L00002960,T0001181,BEV004,1,2400,500,1900
L00002961,T0001182,SNK004,1,2900,0,2900
L00002962,T0001182,RTE004,1,8400,200,8200
L00002963,T0001183,SNK004,1,2600,0,2600
L00002964,T0001184,BEV002,1,1900,300,1600
L00002965,T0001185,SNK001,2,4000,300,7700
L00002966,T0001185,SNK003,2,5200,300,10100
L00002967,T0001185,HOU002,1,2500,0,2500
L00002968,T0001186,SNK004,1,3000,200,2800
L00002969,T0001187,DES002,1,5900,0,5900
L00002970,T0001187,SNK001,1,3900,200,3700
L00002971,T0001188,HOU003,1,7000,0,7000
L00002972,T0001189,DES003,1,3500,0,3500
L00002973,T0001189,DES002,1,6000,300,5700
L00002974,T0001189,HOU002,1,2400,500,1900
L00002975,T0001189,DES003,1,3500,0,3500
L00002976,T0001189,HOU001,1,2900,0,2900
L00002977,T0001190,HOU002,1,2300,300,2000
L00002978,T0001190,SNK003,1,5200,0,5200
L00002979,T0001190,SNK002,1,4300,500,3800
L00002980,T0001190,SNK002,1,4400,300,4100
L00002981,T0001190,HOU001,1,2900,0,2900
L00002982,T0001191,BEV004,1,2400,0,2400
L00002983,T0001192,RTE001,1,6500,300,6200
L00002984,T0001192,RTE004,2,8800,500,17100
L00002985,T0001193,SNK001,1,3800,0,3800
L00002986,T0001193,HOU003,1,6700,200,6500
L00002987,T0001193,SNK002,1,4200,500,3700
L00002988,T0001194,HOU001,1,2900,300,2600
L00002989,T0001195,DES002,1,6100,0,6100
L00002990,T0001195,DES001,1,3300,0,3300
L00002991,T0001195,SNK004,1,2800,500,2300
L00002992,T0001196,SNK004,1,2600,500,2100
L00002993,T0001196,DES003,1,3300,500,2800
L00002994,T0001197,DES001,1,3200,500,2700
L00002995,T0001198,DES003,1,3700,0,3700
L00002996,T0001198,HOU001,1,2700,200,2500
L00002997,T0001199,RTE002,1,7400,0,7400
L00002998,T0001199,SNK002,1,4300,300,4000
L00002999,T0001199,DES001,1,3100,200,2900
L00003000,T0001199,HOU001,1,2900,0,2900
L00003001,T0001200,RTE004,1,8700,0,8700
L00003002,T0001200,HOU002,1,2500,0,2500
L00003003,T0001201,HOU003,1,6900,500,6400
L00003004,T0001202,RTE002,1,7200,0,7200
L00003005,T0001202,HOU001,2,2900,0,5800
L00003006,T0001203,DES002,1,5700,300,5400
L00003007,T0001204,RTE003,2,4800,200,9400
L00003008,T0001204,HOU003,1,6700,0,6700
L00003009,T0001204,HOU001,1,3100,0,3100
L00003010,T0001204,HOU001,1,3000,0,3000
L00003011,T0001204,RTE001,1,6300,200,6100
L00003012,T0001205,HOU002,1,2500,500,2000
L00003013,T0001205,BEV004,2,2800,0,5600
L00003014,T0001205,HOU003,1,7100,300,6800
L00003015,T0001205,RTE002,2,7200,500,13900
L00003016,T0001205,BEV004,1,2400,500,1900
L00003017,T0001206,RTE002,1,7000,500,6500
L00003018,T0001206,SNK002,1,4300,0,4300
L00003019,T0001206,DES002,1,6100,0,6100
L00003020,T0001207,HOU001,1,3100,0,3100
L00003021,T0001207,RTE003,1,5000,300,4700
L00003022,T0001207,DES003,1,3500,0,3500
L00003023,T0001207,BEV004,1,2400,200,2200
L00003024,T0001208,BEV001,1,2700,0,2700
L00003025,T0001209,SNK001,2,3600,0,7200
L00003026,T0001209,RTE002,1,7400,500,6900
L00003027,T0001210,RTE002,1,7200,500,6700
L00003028,T0001211,BEV003,1,4200,200,4000
L00003029,T0001212,DES003,1,3500,200,3300
L00003030,T0001212,RTE004,3,8700,0,26100
L00003031,T0001212,SNK002,2,4200,300,8100
L00003032,T0001213,RTE004,1,8600,300,8300
L00003033,T0001213,BEV001,2,2500,0,5000
L00003034,T0001213,SNK002,1,4200,0,4200
L00003035,T0001213,SNK002,1,4200,300,3900
L00003036,T0001214,RTE003,1,4800,0,4800
L00003037,T0001214,BEV001,1,2300,0,2300
L00003038,T0001215,BEV001,2,2700,300,5100
L00003039,T0001215,HOU003,1,6900,300,6600
L00003040,T0001215,BEV004,1,2600,300,2300
L00003041,T0001215,SNK004,2,2600,0,5200
L00003042,T0001215,BEV002,1,2000,0,2000
L00003043,T0001216,BEV001,3,2300,0,6900
L00003044,T0001216,DES003,1,3600,300,3300
L00003045,T0001217,RTE004,1,8700,0,8700
L00003046,T0001218,HOU002,1,2300,300,2000
L00003047,T0001218,RTE004,2,8600,200,17000
L00003048,T0001219,HOU001,1,2700,0,2700
L00003049,T0001219,DES003,2,3600,300,6900
L00003050,T0001220,SNK004,1,2600,0,2600
L00003051,T0001220,DES002,1,5900,500,5400
L00003052,T0001221,HOU003,1,6900,500,6400
L00003053,T0001222,BEV002,1,1600,0,1600
L00003054,T0001222,SNK004,1,2600,0,2600
L00003055,T0001222,BEV001,1,2300,0,2300
L00003056,T0001222,DES003,3,3500,500,10000
L00003057,T0001222,HOU002,1,2500,0,2500
L00003058,T0001223,SNK001,1,3600,500,3100
L00003059,T0001223,SNK001,1,3800,300,3500
L00003060,T0001223,BEV002,1,1800,0,1800
L00003061,T0001224,RTE003,1,5000,0,5000
L00003062,T0001224,RTE003,1,4800,500,4300
L00003063,T0001225,BEV003,2,4400,200,8600
L00003064,T0001225,HOU002,1,2300,500,1800
L00003065,T0001226,DES003,2,3500,0,7000
L00003066,T0001226,HOU001,1,3000,0,3000
L00003067,T0001227,BEV001,3,2700,0,8100
L00003068,T0001228,BEV001,1,2600,0,2600
L00003069,T0001228,BEV003,1,4200,0,4200
L00003070,T0001229,BEV003,1,4300,200,4100
L00003071,T0001229,RTE004,1,8600,0,8600
L00003072,T0001230,DES003,1,3500,500,3000
L00003073,T0001231,HOU002,1,2500,500,2000
L00003074,T0001231,RTE001,2,6500,0,13000
L00003075,T0001231,SNK004,1,2800,0,2800
L00003076,T0001231,SNK001,1,3900,0,3900
L00003077,T0001232,DES002,1,5700,0,5700
L00003078,T0001233,BEV004,3,2700,0,8100
L00003079,T0001233,BEV003,1,4300,0,4300
L00003080,T0001233,BEV002,1,2000,300,1700
L00003081,T0001233,BEV004,1,2600,300,2300
L00003082,T0001234,HOU001,1,2900,0,2900
L00003083,T0001234,RTE001,2,6500,0,13000
L00003084,T0001234,DES003,1,3500,300,3200
L00003085,T0001234,RTE003,1,4800,0,4800
L00003086,T0001235,BEV001,1,2300,0,2300
L00003087,T0001235,RTE001,1,6700,500,6200
L00003088,T0001236,SNK003,1,5000,0,5000
L00003089,T0001236,HOU003,1,6700,0,6700
L00003090,T0001237,BEV004,1,2600,300,2300
L00003091,T0001237,RTE001,1,6700,0,6700
L00003092,T0001237,HOU003,1,6900,300,6600
L00003093,T0001238,DES001,1,3200,200,3000
L00003094,T0001238,RTE003,2,4900,300,9500
L00003095,T0001238,SNK002,1,4200,0,4200
L00003096,T0001239,HOU003,2,6700,0,13400
L00003097,T0001239,DES001,1,3100,500,2600
L00003098,T0001240,RTE004,1,8400,0,8400
L00003099,T0001240,SNK004,1,2800,500,2300
L00003100,T0001240,SNK001,2,3900,0,7800
L00003101,T0001241,BEV002,1,1800,300,1500
L00003102,T0001241,HOU003,1,6900,200,6700
L00003103,T0001242,RTE001,1,6500,500,6000
L00003104,T0001243,RTE003,1,4600,0,4600
L00003105,T0001243,SNK003,1,5400,300,5100
L00003106,T0001243,SNK003,1,5200,0,5200
L00003107,T0001243,BEV004,1,2600,500,2100
L00003108,T0001244,RTE002,1,7000,200,6800
L00003109,T0001244,HOU003,1,6700,300,6400
L00003110,T0001244,RTE002,1,7000,500,6500
L00003111,T0001244,RTE004,1,8600,200,8400
L00003112,T0001244,RTE004,1,8600,300,8300
L00003113,T0001245,BEV004,1,2400,500,1900
L00003114,T0001246,BEV001,1,2700,300,2400
L00003115,T0001246,SNK003,2,5200,0,10400
L00003116,T0001246,SNK003,1,5400,300,5100
L00003117,T0001246,SNK003,1,5200,0,5200
L00003118,T0001247,SNK003,1,5200,300,4900
L00003119,T0001247,RTE003,2,5000,300,9700
L00003120,T0001247,DES003,1,3500,0,3500
L00003121,T0001248,BEV004,1,2800,0,2800
L00003122,T0001248,RTE002,1,7000,500,6500
L00003123,T0001249,RTE003,1,4800,300,4500
L00003124,T0001249,HOU003,1,6900,200,6700
L00003125,T0001249,DES002,1,6100,500,5600
L00003126,T0001250,SNK001,1,3600,0,3600
L00003127,T0001250,SNK004,2,2800,0,5600
L00003128,T0001250,HOU001,2,2700,500,4900
L00003129,T0001250,SNK004,1,3000,0,3000
L00003130,T0001251,DES003,1,3300,200,3100
L00003131,T0001251,SNK004,1,2800,500,2300
L00003132,T0001251,BEV003,1,4000,300,3700
L00003133,T0001251,BEV004,1,2600,0,2600
L00003134,T0001252,DES002,1,6000,0,6000
L00003135,T0001252,BEV002,3,2000,0,6000
L00003136,T0001252,DES002,1,6000,300,5700
L00003137,T0001253,SNK002,1,4200,500,3700
L00003138,T0001254,RTE002,1,7200,0,7200
L00003139,T0001254,HOU001,1,3100,200,2900
L00003140,T0001254,RTE001,2,6600,0,13200
L00003141,T0001254,BEV003,2,4300,500,8100
L00003142,T0001254,BEV004,1,2600,300,2300
L00003143,T0001255,HOU002,1,2300,0,2300
L00003144,T0001255,DES003,1,3500,0,3500
L00003145,T0001256,SNK003,1,5300,500,4800
L00003146,T0001256,RTE003,1,4900,0,4900
L00003147,T0001256,BEV002,1,2000,500,1500
L00003148,T0001257,RTE001,2,6500,300,12700
L00003149,T0001257,RTE004,2,8400,0,16800
L00003150,T0001257,SNK002,2,4400,300,8500
L00003151,T0001258,DES002,2,5700,0,11400
L00003152,T0001259,RTE003,1,5000,200,4800
L00003153,T0001260,DES003,1,3300,0,3300
L00003154,T0001260,RTE002,2,7200,0,14400
L00003155,T0001260,DES001,1,3200,0,3200
L00003156,T0001260,SNK001,1,3800,500,3300
L00003157,T0001261,BEV004,1,2700,0,2700
L00003158,T0001261,DES001,1,3300,500,2800
L00003159,T0001261,BEV001,1,2300,0,2300
L00003160,T0001262,HOU002,1,2100,300,1800
L00003161,T0001262,HOU002,1,2400,0,2400
L00003162,T0001262,BEV003,1,4200,0,4200
L00003163,T0001263,RTE001,2,6600,0,13200
L00003164,T0001263,BEV001,1,2500,0,2500
L00003165,T0001263,BEV001,1,2500,200,2300
L00003166,T0001263,HOU001,1,3100,0,3100
L00003167,T0001264,SNK004,1,2800,0,2800
L00003168,T0001264,RTE001,1,6500,200,6300
L00003169,T0001265,DES003,2,3500,0,7000
L00003170,T0001266,RTE003,1,4800,500,4300
L00003171,T0001266,SNK003,1,5300,0,5300
L00003172,T0001267,HOU001,1,2900,300,2600
L00003173,T0001267,DES003,1,3300,200,3100
L00003174,T0001267,BEV002,1,2000,300,1700
L00003175,T0001268,DES001,1,3100,0,3100
L00003176,T0001268,BEV003,1,4400,0,4400
L00003177,T0001268,HOU002,1,2300,0,2300
L00003178,T0001269,SNK004,1,2900,200,2700
L00003179,T0001269,HOU001,1,3000,500,2500
L00003180,T0001269,RTE004,1,8400,0,8400
L00003181,T0001269,DES002,1,5900,0,5900
L00003182,T0001270,HOU003,1,7000,0,7000
L00003183,T0001270,BEV003,1,4400,0,4400
L00003184,T0001271,SNK002,1,4400,300,4100
L00003185,T0001272,DES002,1,5900,200,5700
L00003186,T0001272,RTE003,1,4800,200,4600
L00003187,T0001273,HOU002,2,2300,200,4400
L00003188,T0001274,RTE003,1,4900,500,4400
L00003189,T0001274,HOU002,2,2100,0,4200
L00003190,T0001275,DES002,3,6000,0,18000
L00003191,T0001275,RTE001,2,6700,200,13200
L00003192,T0001275,SNK001,1,3800,200,3600
L00003193,T0001275,SNK002,1,4200,0,4200
L00003194,T0001276,DES001,1,3100,0,3100
L00003195,T0001276,SNK003,2,5000,0,10000
L00003196,T0001276,SNK003,1,5400,500,4900
L00003197,T0001277,SNK003,1,5200,500,4700
L00003198,T0001277,SNK001,1,3600,0,3600
L00003199,T0001277,HOU002,1,2400,0,2400
L00003200,T0001278,DES001,1,3100,0,3100
L00003201,T0001278,BEV003,1,4200,0,4200
L00003202,T0001279,DES003,1,3500,500,3000
L00003203,T0001279,RTE004,2,8600,0,17200
L00003204,T0001279,SNK004,1,2900,300,2600
L00003205,T0001280,RTE004,1,8800,0,8800
L00003206,T0001280,HOU001,1,2700,300,2400
L00003207,T0001281,RTE002,1,7200,0,7200
L00003208,T0001281,RTE003,1,4800,200,4600
L00003209,T0001281,RTE001,1,6500,500,6000
L00003210,T0001282,HOU003,2,6900,200,13600
L00003211,T0001282,DES001,1,3100,0,3100
L00003212,T0001283,HOU002,1,2400,0,2400
L00003213,T0001283,SNK004,1,2600,200,2400
L00003214,T0001284,BEV004,1,2700,200,2500
L00003215,T0001284,SNK002,2,4000,0,8000
L00003216,T0001285,SNK001,2,3900,0,7800
L00003217,T0001286,RTE004,2,8600,0,17200
L00003218,T0001287,BEV002,1,1600,0,1600
L00003219,T0001287,RTE002,3,7200,500,21100
L00003220,T0001287,SNK004,1,2900,200,2700
L00003221,T0001287,SNK002,1,4200,300,3900
L00003222,T0001288,RTE004,1,8600,0,8600
L00003223,T0001288,RTE002,3,7400,300,21900
L00003224,T0001289,BEV002,1,1800,0,1800
L00003225,T0001289,BEV004,1,2800,0,2800
L00003226,T0001290,SNK004,1,2600,200,2400
L00003227,T0001290,RTE001,1,6300,300,6000
L00003228,T0001290,RTE004,1,8800,0,8800
L00003229,T0001291,DES003,1,3300,200,3100
L00003230,T0001291,HOU003,1,6900,500,6400
L00003231,T0001292,BEV003,2,4200,0,8400
L00003232,T0001292,SNK003,1,5400,0,5400
L00003233,T0001292,SNK002,1,4200,500,3700
L00003234,T0001292,DES001,2,3100,0,6200
L00003235,T0001292,HOU002,1,2100,300,1800
L00003236,T0001293,HOU002,1,2300,0,2300
L00003237,T0001293,DES001,1,3200,0,3200
L00003238,T0001293,DES002,2,6100,0,12200
L00003239,T0001293,SNK002,1,4200,200,4000
L00003240,T0001293,SNK001,2,3600,0,7200
L00003241,T0001294,DES002,1,5900,300,5600
L00003242,T0001294,DES003,1,3500,300,3200
L00003243,T0001294,BEV001,1,2700,200,2500
L00003244,T0001294,BEV002,2,1600,500,2700
L00003245,T0001295,RTE002,1,7400,0,7400
L00003246,T0001295,SNK003,1,5400,500,4900
L00003247,T0001295,RTE004,1,8400,0,8400
L00003248,T0001295,RTE004,1,8400,200,8200
L00003249,T0001296,RTE002,1,7300,500,6800
L00003250,T0001296,SNK001,1,3900,200,3700
L00003251,T0001297,BEV002,1,1600,0,1600
L00003252,T0001298,DES003,2,3700,200,7200
L00003253,T0001299,RTE002,1,7200,0,7200
L00003254,T0001299,BEV002,1,1800,0,1800
L00003255,T0001299,SNK004,1,2900,300,2600
L00003256,T0001300,RTE004,1,8600,0,8600
L00003257,T0001300,RTE003,1,4600,200,4400
L00003258,T0001301,RTE003,1,4900,0,4900
L00003259,T0001301,DES003,1,3500,0,3500
L00003260,T0001302,SNK004,1,2800,0,2800
L00003261,T0001302,BEV003,3,4200,200,12400
L00003262,T0001302,RTE001,1,6500,0,6500
L00003263,T0001302,BEV004,1,2800,300,2500
L00003264,T0001302,SNK002,1,4200,0,4200
L00003265,T0001303,BEV003,1,4300,200,4100
L00003266,T0001303,DES002,1,5900,200,5700
L00003267,T0001303,HOU002,1,2400,0,2400
L00003268,T0001304,HOU002,1,2500,0,2500
L00003269,T0001304,BEV002,1,1600,0,1600
L00003270,T0001305,RTE003,1,4600,300,4300
L00003271,T0001305,RTE002,1,7400,0,7400
L00003272,T0001305,SNK004,2,2600,200,5000
L00003273,T0001306,SNK002,1,4400,0,4400
L00003274,T0001306,HOU001,1,2900,0,2900
L00003275,T0001307,RTE004,1,8600,0,8600
L00003276,T0001307,RTE003,2,5000,0,10000
L00003277,T0001307,RTE004,1,8400,0,8400
L00003278,T0001307,SNK001,2,3600,0,7200
L00003279,T0001308,BEV003,1,4300,500,3800
L00003280,T0001308,SNK004,1,2800,0,2800
L00003281,T0001308,SNK001,2,3900,0,7800
L00003282,T0001308,DES003,1,3600,200,3400
L00003283,T0001309,HOU001,1,2900,0,2900
L00003284,T0001309,DES003,1,3700,0,3700
L00003285,T0001310,SNK001,1,3900,200,3700
L00003286,T0001311,HOU003,2,7100,200,14000
L00003287,T0001311,BEV003,1,4200,0,4200
L00003288,T0001312,BEV002,1,1800,0,1800
L00003289,T0001312,DES002,1,5900,500,5400
L00003290,T0001312,SNK001,1,3600,200,3400
L00003291,T0001313,DES003,1,3500,500,3000
L00003292,T0001314,DES002,2,5700,0,11400
L00003293,T0001314,SNK004,1,2800,0,2800
L00003294,T0001314,HOU002,2,2100,0,4200
L00003295,T0001314,DES001,1,3100,0,3100
L00003296,T0001315,RTE004,1,8700,200,8500
L00003297,T0001315,SNK003,1,5200,200,5000
L00003298,T0001315,SNK003,1,5300,200,5100
L00003299,T0001315,RTE003,1,4900,0,4900
L00003300,T0001316,BEV003,1,4400,0,4400
L00003301,T0001316,HOU003,2,7100,0,14200
L00003302,T0001316,HOU003,1,7100,0,7100
L00003303,T0001316,SNK003,1,5300,300,5000
L00003304,T0001316,HOU002,1,2300,0,2300
L00003305,T0001317,RTE004,3,8800,500,25900
L00003306,T0001318,SNK001,1,3800,0,3800
L00003307,T0001318,DES001,1,2900,300,2600
L00003308,T0001318,SNK001,2,3900,0,7800
L00003309,T0001319,RTE004,1,8600,500,8100
L00003310,T0001319,BEV003,1,4200,0,4200
L00003311,T0001319,RTE002,1,7200,0,7200
L00003312,T0001320,DES003,1,3700,0,3700
L00003313,T0001321,SNK002,1,4200,0,4200
L00003314,T0001321,HOU003,2,6900,0,13800
L00003315,T0001322,SNK001,1,3800,0,3800
L00003316,T0001322,BEV003,2,4200,0,8400
L00003317,T0001322,DES003,2,3500,300,6700
L00003318,T0001322,RTE004,1,8400,0,8400
L00003319,T0001323,SNK004,1,2800,500,2300
L00003320,T0001323,BEV004,1,2400,0,2400
L00003321,T0001323,HOU003,3,7100,500,20800
L00003322,T0001324,DES001,2,3300,0,6600
L00003323,T0001324,SNK001,1,3600,0,3600
L00003324,T0001324,HOU003,1,7000,0,7000
L00003325,T0001325,BEV003,1,4200,300,3900
L00003326,T0001325,SNK002,1,4300,300,4000
L00003327,T0001326,HOU001,1,3000,0,3000
L00003328,T0001326,DES003,1,3500,0,3500
L00003329,T0001327,DES003,2,3500,300,6700
L00003330,T0001327,SNK004,1,3000,0,3000
L00003331,T0001327,RTE004,1,8600,300,8300
L00003332,T0001328,DES001,1,3100,200,2900
L00003333,T0001328,DES003,1,3500,0,3500
L00003334,T0001328,SNK002,1,4300,200,4100
L00003335,T0001329,SNK001,1,4000,0,4000
L00003336,T0001330,RTE003,1,5000,0,5000
L00003337,T0001331,HOU001,1,3100,0,3100
L00003338,T0001331,RTE001,1,6700,0,6700
L00003339,T0001332,SNK001,1,3800,200,3600
L00003340,T0001332,RTE003,1,4800,0,4800
L00003341,T0001333,SNK004,1,2600,200,2400
L00003342,T0001333,HOU003,2,6900,0,13800
L00003343,T0001334,SNK004,1,3000,200,2800
L00003344,T0001335,SNK002,1,4200,200,4000
L00003345,T0001335,SNK003,1,5000,0,5000
L00003346,T0001336,SNK001,1,4000,0,4000
L00003347,T0001337,HOU001,1,3000,200,2800
L00003348,T0001337,RTE003,1,4900,0,4900
L00003349,T0001337,HOU001,1,2900,200,2700
L00003350,T0001338,SNK002,1,4200,500,3700
L00003351,T0001338,SNK001,1,4000,0,4000
L00003352,T0001338,SNK004,1,2600,200,2400
L00003353,T0001338,RTE004,2,8800,0,17600
L00003354,T0001339,SNK001,2,3800,0,7600
L00003355,T0001340,RTE003,1,4800,0,4800
L00003356,T0001341,BEV001,1,2500,300,2200
L00003357,T0001342,BEV004,1,2800,0,2800
L00003358,T0001342,RTE002,1,7200,0,7200
L00003359,T0001342,DES001,1,2900,200,2700
L00003360,T0001342,RTE004,2,8700,0,17400
L00003361,T0001343,DES001,2,3100,0,6200
L00003362,T0001343,DES002,1,5900,0,5900
L00003363,T0001344,BEV001,3,2300,500,6400
L00003364,T0001344,RTE002,1,7200,0,7200
L00003365,T0001345,SNK001,1,3800,0,3800
L00003366,T0001346,HOU003,1,7100,500,6600
L00003367,T0001346,SNK002,1,4200,200,4000
L00003368,T0001346,RTE004,1,8600,500,8100
L00003369,T0001347,HOU001,1,3100,0,3100
L00003370,T0001348,DES002,1,6000,500,5500
L00003371,T0001348,RTE002,2,7300,0,14600
L00003372,T0001348,HOU003,1,6900,0,6900
L00003373,T0001349,HOU003,1,6900,0,6900
L00003374,T0001350,BEV004,1,2600,500,2100
L00003375,T0001350,BEV002,1,1800,300,1500
L00003376,T0001351,RTE002,1,7300,0,7300
L00003377,T0001351,DES002,1,6100,200,5900
L00003378,T0001351,DES003,2,3700,300,7100
L00003379,T0001352,SNK002,1,4300,500,3800
L00003380,T0001352,RTE003,1,4800,500,4300
L00003381,T0001352,RTE001,1,6300,200,6100
L00003382,T0001352,RTE001,1,6700,300,6400
L00003383,T0001353,BEV001,1,2500,500,2000
L00003384,T0001353,RTE002,2,7200,0,14400
L00003385,T0001353,SNK003,1,5400,500,4900
L00003386,T0001353,RTE003,2,4800,0,9600
L00003387,T0001354,BEV001,1,2500,0,2500
L00003388,T0001355,SNK003,2,5000,500,9500
L00003389,T0001356,DES002,1,5900,300,5600
L00003390,T0001356,RTE004,1,8600,500,8100
L00003391,T0001356,DES001,1,3100,300,2800
L00003392,T0001357,BEV003,1,4400,0,4400
L00003393,T0001358,BEV002,1,1600,0,1600
L00003394,T0001359,BEV003,2,4300,200,8400
L00003395,T0001360,BEV001,2,2500,0,5000
L00003396,T0001360,BEV001,1,2700,0,2700
L00003397,T0001361,DES003,1,3300,200,3100
L00003398,T0001362,BEV004,1,2400,300,2100
L00003399,T0001362,SNK003,1,5400,0,5400
L00003400,T0001363,HOU001,1,3000,200,2800
L00003401,T0001364,BEV003,1,4200,200,4000
L00003402,T0001365,BEV002,1,1800,0,1800
L00003403,T0001365,DES002,1,5700,300,5400
L00003404,T0001365,DES002,1,6000,0,6000
L00003405,T0001365,BEV003,1,4300,300,4000
L00003406,T0001366,RTE002,1,7300,300,7000
L00003407,T0001366,BEV003,1,4400,500,3900
L00003408,T0001366,RTE004,1,8600,0,8600
L00003409,T0001367,DES003,1,3500,0,3500
L00003410,T0001367,RTE003,1,4900,500,4400
L00003411,T0001368,BEV002,1,1900,300,1600
L00003412,T0001368,RTE003,1,4800,0,4800
L00003413,T0001368,BEV004,1,2600,500,2100
L00003414,T0001369,DES003,1,3500,0,3500
L00003415,T0001369,BEV003,1,4000,200,3800
L00003416,T0001369,SNK003,1,5400,0,5400
L00003417,T0001370,SNK003,2,5200,500,9900
L00003418,T0001370,SNK002,1,4000,200,3800
L00003419,T0001370,DES003,1,3500,200,3300
L00003420,T0001371,SNK003,1,5400,500,4900
L00003421,T0001371,SNK003,2,5000,0,10000
L00003422,T0001371,BEV001,2,2300,0,4600
L00003423,T0001371,RTE004,1,8800,0,8800
L00003424,T0001372,DES002,1,5900,0,5900
L00003425,T0001372,SNK004,1,2600,0,2600
L00003426,T0001372,SNK003,2,5200,500,9900
L00003427,T0001372,RTE001,1,6500,0,6500
L00003428,T0001373,HOU001,1,2900,0,2900
L00003429,T0001373,SNK001,1,3800,0,3800
L00003430,T0001373,HOU001,1,2700,300,2400
L00003431,T0001373,SNK002,3,4200,0,12600
L00003432,T0001373,SNK002,2,4000,200,7800
L00003433,T0001374,HOU002,1,2500,0,2500
L00003434,T0001374,BEV002,1,1900,0,1900
L00003435,T0001374,SNK004,1,3000,0,3000
L00003436,T0001375,HOU001,1,3000,0,3000
L00003437,T0001375,RTE003,1,4900,0,4900
L00003438,T0001376,BEV003,1,4400,300,4100
L00003439,T0001376,SNK001,1,3800,0,3800
L00003440,T0001376,BEV003,1,4400,0,4400
L00003441,T0001376,DES002,1,6000,0,6000
L00003442,T0001377,RTE001,1,6500,0,6500
L00003443,T0001377,SNK004,1,2600,200,2400
L00003444,T0001377,SNK002,1,4200,0,4200
L00003445,T0001377,BEV004,2,2800,0,5600
L00003446,T0001378,BEV004,1,2600,0,2600
L00003447,T0001378,RTE001,1,6300,300,6000
L00003448,T0001378,SNK004,1,2800,200,2600
L00003449,T0001379,HOU003,1,6900,0,6900
L00003450,T0001379,BEV003,1,4200,300,3900
L00003451,T0001380,DES002,1,6000,500,5500
L00003452,T0001380,RTE003,1,4600,0,4600
L00003453,T0001380,HOU001,1,3000,0,3000
L00003454,T0001381,SNK002,1,4200,0,4200
L00003455,T0001382,HOU001,2,2700,0,5400
L00003456,T0001383,DES002,1,6000,0,6000
L00003457,T0001383,HOU002,1,2400,0,2400
L00003458,T0001383,HOU003,1,6900,0,6900
L00003459,T0001383,BEV001,1,2600,300,2300
L00003460,T0001383,SNK002,1,4200,0,4200
L00003461,T0001384,RTE004,2,8700,500,16900
L00003462,T0001384,RTE002,2,7000,0,14000
L00003463,T0001385,DES002,1,5900,500,5400
L00003464,T0001385,RTE003,1,4800,500,4300
L00003465,T0001385,BEV003,2,4400,0,8800
L00003466,T0001385,DES001,1,3100,0,3100
L00003467,T0001385,DES002,1,5700,500,5200
L00003468,T0001386,HOU001,1,3100,0,3100
L00003469,T0001386,RTE002,1,7200,0,7200
L00003470,T0001386,RTE003,2,5000,0,10000
L00003471,T0001386,DES001,1,3300,0,3300
L00003472,T0001387,RTE002,1,7200,300,6900
L00003473,T0001387,HOU003,1,7100,0,7100
L00003474,T0001388,SNK001,3,3600,0,10800
L00003475,T0001389,BEV002,1,1800,200,1600
L00003476,T0001389,BEV004,2,2700,0,5400
L00003477,T0001389,SNK002,1,4000,200,3800
L00003478,T0001389,BEV004,2,2600,200,5000
L00003479,T0001390,BEV002,1,2000,200,1800
L00003480,T0001390,RTE004,1,8800,500,8300
L00003481,T0001390,DES003,1,3300,300,3000
L00003482,T0001390,SNK001,1,3800,0,3800
L00003483,T0001391,HOU003,2,6900,0,13800
L00003484,T0001391,BEV002,2,1800,0,3600
L00003485,T0001392,DES003,1,3600,0,3600
L00003486,T0001393,DES001,1,3100,200,2900
L00003487,T0001393,RTE001,1,6300,200,6100
L00003488,T0001393,BEV004,1,2700,0,2700
L00003489,T0001394,BEV002,1,1800,300,1500
L00003490,T0001394,BEV002,1,1600,200,1400
L00003491,T0001394,DES001,3,3100,300,9000
L00003492,T0001395,SNK002,1,4200,300,3900
L00003493,T0001395,HOU003,1,7000,0,7000
L00003494,T0001395,SNK003,1,5200,500,4700
L00003495,T0001396,SNK004,2,2900,0,5800
L00003496,T0001397,DES003,1,3500,200,3300
L00003497,T0001397,RTE004,1,8600,0,8600
L00003498,T0001398,BEV004,1,2700,0,2700
L00003499,T0001399,DES003,1,3700,0,3700
L00003500,T0001399,DES001,1,3200,200,3000
L00003501,T0001400,BEV002,1,1900,300,1600
L00003502,T0001400,RTE001,1,6300,200,6100
L00003503,T0001400,BEV004,1,2800,0,2800
L00003504,T0001401,RTE003,1,5000,0,5000
L00003505,T0001402,HOU002,2,2400,0,4800
L00003506,T0001402,HOU003,2,7100,200,14000
L00003507,T0001403,SNK004,1,3000,200,2800
L00003508,T0001403,SNK002,2,4000,300,7700
L00003509,T0001404,SNK002,2,4400,200,8600
L00003510,T0001404,HOU001,1,2900,500,2400
L00003511,T0001405,HOU003,1,6900,0,6900
L00003512,T0001406,RTE003,1,5000,500,4500
L00003513,T0001406,BEV001,2,2300,0,4600
L00003514,T0001406,HOU001,1,2700,500,2200
L00003515,T0001406,HOU002,1,2500,300,2200
L00003516,T0001407,BEV004,1,2600,300,2300
L00003517,T0001407,SNK001,1,3600,0,3600
L00003518,T0001407,DES003,1,3500,0,3500
L00003519,T0001408,SNK002,1,4200,500,3700
L00003520,T0001408,SNK004,1,2800,0,2800
L00003521,T0001409,RTE004,1,8800,0,8800
L00003522,T0001409,DES003,1,3500,0,3500
L00003523,T0001410,BEV004,1,2400,0,2400
L00003524,T0001411,DES003,2,3500,0,7000
L00003525,T0001412,RTE003,1,4600,200,4400
L00003526,T0001412,RTE003,2,4900,200,9600
L00003527,T0001412,HOU003,1,6900,200,6700
L00003528,T0001413,RTE004,1,8800,200,8600
L00003529,T0001413,HOU001,1,2700,0,2700
L00003530,T0001413,RTE004,1,8400,0,8400
L00003531,T0001413,RTE002,1,7000,0,7000
L00003532,T0001413,DES003,2,3500,200,6800
L00003533,T0001414,SNK003,1,5200,500,4700
L00003534,T0001414,DES003,1,3600,0,3600
L00003535,T0001414,RTE001,2,6600,200,13000
L00003536,T0001415,SNK003,1,5400,300,5100
L00003537,T0001415,SNK002,1,4300,0,4300
L00003538,T0001415,RTE002,3,7400,200,22000
L00003539,T0001416,BEV002,1,2000,0,2000
L00003540,T0001416,BEV001,1,2700,0,2700
L00003541,T0001416,DES001,1,2900,0,2900
L00003542,T0001417,SNK003,1,5000,500,4500
L00003543,T0001417,HOU001,2,3100,0,6200
L00003544,T0001418,BEV002,1,1900,0,1900
L00003545,T0001418,HOU002,1,2300,0,2300
L00003546,T0001418,BEV001,2,2500,0,5000
L00003547,T0001419,BEV001,1,2300,300,2000
L00003548,T0001419,HOU001,1,2900,0,2900
L00003549,T0001420,HOU003,1,6900,0,6900
L00003550,T0001421,DES001,2,2900,0,5800
L00003551,T0001421,DES002,1,5700,300,5400
L00003552,T0001422,RTE001,3,6500,0,19500
L00003553,T0001422,HOU002,1,2400,300,2100
L00003554,T0001422,DES003,1,3500,300,3200
L00003555,T0001422,RTE002,1,7200,0,7200
L00003556,T0001423,BEV001,1,2600,0,2600
L00003557,T0001423,BEV003,3,4200,0,12600
L00003558,T0001423,SNK004,1,2800,200,2600
L00003559,T0001424,HOU002,1,2300,200,2100
L00003560,T0001424,BEV001,1,2500,0,2500
L00003561,T0001424,SNK004,1,2800,0,2800
L00003562,T0001425,SNK004,1,2800,0,2800
L00003563,T0001426,DES002,1,6000,300,5700
L00003564,T0001427,DES003,1,3500,0,3500
L00003565,T0001427,DES001,1,3100,0,3100
L00003566,T0001427,BEV003,1,4000,0,4000
L00003567,T0001428,BEV004,1,2400,0,2400
L00003568,T0001428,RTE002,1,7200,0,7200
L00003569,T0001428,RTE004,1,8400,0,8400
L00003570,T0001429,SNK001,1,3600,0,3600
L00003571,T0001429,BEV003,1,4200,200,4000
L00003572,T0001429,SNK004,1,2800,500,2300
L00003573,T0001429,RTE003,2,4800,200,9400
L00003574,T0001430,DES001,2,3200,0,6400
L00003575,T0001430,DES001,1,3100,300,2800
L00003576,T0001430,DES002,2,5900,200,11600
L00003577,T0001431,RTE004,1,8600,500,8100
L00003578,T0001432,DES003,2,3500,0,7000
L00003579,T0001432,DES002,2,5900,0,11800
L00003580,T0001432,HOU003,1,7000,0,7000
L00003581,T0001433,RTE004,1,8600,0,8600
L00003582,T0001433,DES001,1,2900,0,2900
L00003583,T0001433,BEV004,2,2600,200,5000
L00003584,T0001433,BEV004,1,2800,300,2500
L00003585,T0001433,RTE003,1,4600,0,4600
L00003586,T0001434,SNK002,1,4200,500,3700
L00003587,T0001434,RTE003,1,5000,0,5000
L00003588,T0001435,RTE002,1,7400,200,7200
L00003589,T0001435,SNK001,2,3600,300,6900
L00003590,T0001435,RTE003,1,4800,0,4800
L00003591,T0001435,RTE003,2,4600,500,8700
L00003592,T0001435,RTE002,1,7200,300,6900
L00003593,T0001436,BEV001,1,2600,300,2300
L00003594,T0001436,SNK002,1,4200,200,4000
L00003595,T0001437,BEV001,1,2700,0,2700
L00003596,T0001437,BEV004,3,2800,500,7900
L00003597,T0001437,SNK004,1,2900,0,2900
L00003598,T0001438,DES003,1,3300,500,2800
L00003599,T0001438,BEV002,1,1800,0,1800
L00003600,T0001439,RTE001,1,6300,0,6300
L00003601,T0001439,SNK003,1,5200,500,4700
L00003602,T0001440,SNK003,2,5300,0,10600
L00003603,T0001441,SNK002,1,4400,0,4400
L00003604,T0001441,BEV001,2,2300,0,4600
L00003605,T0001442,RTE004,1,8600,500,8100
L00003606,T0001442,RTE001,2,6500,200,12800
L00003607,T0001443,RTE001,1,6600,0,6600
L00003608,T0001444,BEV003,1,4000,300,3700
L00003609,T0001444,BEV003,1,4200,0,4200
L00003610,T0001445,SNK004,1,2800,0,2800
L00003611,T0001446,DES001,1,2900,500,2400
L00003612,T0001446,HOU002,2,2400,300,4500
L00003613,T0001447,SNK001,1,4000,300,3700
L00003614,T0001448,SNK003,1,5400,300,5100
L00003615,T0001449,BEV004,1,2600,200,2400
L00003616,T0001449,HOU002,1,2300,200,2100
L00003617,T0001450,RTE003,1,5000,300,4700
L00003618,T0001450,HOU003,2,6900,300,13500
L00003619,T0001450,BEV002,1,1800,0,1800
L00003620,T0001451,BEV003,2,4000,0,8000
L00003621,T0001452,SNK004,1,2900,0,2900
L00003622,T0001452,BEV004,3,2700,0,8100
L00003623,T0001453,DES001,1,3100,0,3100
L00003624,T0001454,SNK002,1,4400,300,4100
L00003625,T0001455,BEV001,1,2600,200,2400
L00003626,T0001455,BEV002,1,2000,0,2000
L00003627,T0001455,HOU003,1,7100,0,7100
L00003628,T0001456,DES002,1,6100,500,5600
L00003629,T0001456,HOU003,2,6900,0,13800
L00003630,T0001456,RTE001,1,6300,500,5800
L00003631,T0001457,DES001,3,3100,500,8800
L00003632,T0001457,RTE004,1,8800,300,8500
L00003633,T0001458,RTE004,2,8400,500,16300
L00003634,T0001459,DES003,1,3600,300,3300
L00003635,T0001460,SNK003,1,5200,300,4900
L00003636,T0001461,SNK003,1,5300,500,4800
L00003637,T0001461,DES001,2,3100,0,6200
L00003638,T0001461,SNK001,1,3900,200,3700
L00003639,T0001462,DES001,1,3200,500,2700
L00003640,T0001462,BEV001,2,2500,500,4500
L00003641,T0001463,DES003,3,3500,0,10500
L00003642,T0001464,BEV001,1,2300,0,2300
L00003643,T0001465,RTE001,1,6300,300,6000
L00003644,T0001466,RTE004,1,8600,300,8300
L00003645,T0001466,BEV001,1,2500,0,2500
L00003646,T0001466,BEV004,1,2800,200,2600
L00003647,T0001467,RTE003,2,4800,200,9400
L00003648,T0001468,DES003,1,3500,200,3300
L00003649,T0001468,HOU003,2,6900,200,13600
L00003650,T0001468,DES001,3,3300,500,9400
L00003651,T0001469,RTE001,1,6600,0,6600
L00003652,T0001469,BEV004,1,2600,0,2600
L00003653,T0001469,HOU002,1,2300,200,2100
L00003654,T0001469,SNK001,1,3800,200,3600
L00003655,T0001469,SNK004,1,2800,0,2800
L00003656,T0001470,DES001,2,2900,0,5800
L00003657,T0001471,RTE003,1,5000,300,4700
L00003658,T0001471,HOU001,2,2700,0,5400
L00003659,T0001471,BEV001,2,2300,0,4600
L00003660,T0001471,HOU002,1,2100,200,1900
L00003661,T0001472,RTE003,1,4800,500,4300
L00003662,T0001473,DES002,1,5900,300,5600
L00003663,T0001473,BEV003,1,4000,0,4000
L00003664,T0001473,SNK001,1,3800,300,3500
L00003665,T0001473,HOU001,1,2700,500,2200
L00003666,T0001474,SNK001,1,3900,0,3900
L00003667,T0001474,RTE001,1,6700,500,6200
L00003668,T0001475,SNK001,1,3800,0,3800
L00003669,T0001475,DES001,1,3200,0,3200
L00003670,T0001475,BEV002,3,1900,500,5200
L00003671,T0001476,BEV002,1,1600,200,1400
L00003672,T0001477,SNK003,1,5400,0,5400
L00003673,T0001477,BEV001,2,2600,500,4700
L00003674,T0001477,RTE001,2,6500,500,12500
L00003675,T0001477,BEV001,2,2500,0,5000
L00003676,T0001478,HOU002,1,2300,200,2100
L00003677,T0001479,BEV004,1,2400,0,2400
L00003678,T0001479,DES001,1,3300,500,2800
L00003679,T0001480,HOU001,1,2900,0,2900
L00003680,T0001480,DES001,1,2900,200,2700
L00003681,T0001481,HOU003,1,7000,0,7000
L00003682,T0001481,RTE003,2,4600,0,9200
L00003683,T0001481,SNK003,1,5200,0,5200
L00003684,T0001482,SNK001,1,3600,0,3600
L00003685,T0001482,BEV002,1,2000,0,2000
L00003686,T0001482,HOU003,2,6900,200,13600
L00003687,T0001483,BEV003,1,4200,300,3900
L00003688,T0001483,DES002,2,6000,0,12000
L00003689,T0001484,HOU003,1,7100,0,7100
L00003690,T0001485,SNK002,1,4400,0,4400
L00003691,T0001485,DES002,1,5700,300,5400
L00003692,T0001486,DES001,1,3300,500,2800
L00003693,T0001486,DES001,1,3200,300,2900
L00003694,T0001487,DES003,1,3300,300,3000
L00003695,T0001487,HOU001,1,3100,500,2600
L00003696,T0001487,RTE003,2,4600,500,8700
L00003697,T0001488,RTE002,1,7400,0,7400
L00003698,T0001489,BEV002,1,1800,0,1800
L00003699,T0001490,RTE002,1,7400,200,7200
L00003700,T0001490,SNK001,1,4000,0,4000
L00003701,T0001491,BEV004,1,2800,0,2800
L00003702,T0001491,DES002,2,5900,0,11800
L00003703,T0001491,DES003,2,3500,300,6700
L00003704,T0001491,SNK001,1,3800,0,3800
L00003705,T0001492,HOU001,2,3000,300,5700
L00003706,T0001492,HOU003,1,6900,300,6600
L00003707,T0001493,HOU003,1,6900,500,6400
L00003708,T0001494,RTE001,2,6600,0,13200
L00003709,T0001494,SNK002,1,4200,0,4200
L00003710,T0001494,RTE004,3,8400,0,25200
L00003711,T0001495,HOU002,1,2300,0,2300
L00003712,T0001495,SNK003,1,5400,200,5200
L00003713,T0001495,SNK001,1,4000,0,4000
L00003714,T0001496,RTE004,1,8800,0,8800
L00003715,T0001497,HOU002,2,2500,0,5000
L00003716,T0001498,DES001,3,2900,0,8700
L00003717,T0001498,SNK002,2,4200,0,8400
L00003718,T0001498,RTE002,2,7000,0,14000
L00003719,T0001498,DES001,1,3100,300,2800
L00003720,T0001499,DES002,1,5900,0,5900
L00003721,T0001499,SNK002,1,4000,0,4000
L00003722,T0001499,HOU002,1,2300,0,2300
L00003723,T0001499,SNK004,1,2900,0,2900
L00003724,T0001500,RTE002,1,7200,300,6900
L00003725,T0001500,RTE001,1,6500,500,6000
L00003726,T0001500,RTE003,1,4800,200,4600
L00003727,T0001500,RTE001,1,6300,0,6300
L00003728,T0001501,RTE004,2,8600,200,17000
L00003729,T0001502,HOU002,2,2500,200,4800
L00003730,T0001502,DES001,1,3300,500,2800
L00003731,T0001502,HOU003,1,7100,0,7100
L00003732,T0001502,RTE003,1,4800,300,4500
L00003733,T0001503,HOU003,1,7000,0,7000
L00003734,T0001503,DES002,1,5700,500,5200
L00003735,T0001504,RTE003,1,4800,200,4600
L00003736,T0001504,SNK002,1,4200,0,4200
L00003737,T0001505,BEV002,1,1800,0,1800
L00003738,T0001505,HOU003,1,6700,500,6200
L00003739,T0001506,BEV002,2,1900,500,3300
L00003740,T0001506,SNK001,2,3800,0,7600
L00003741,T0001506,RTE003,1,4900,300,4600
L00003742,T0001507,DES002,2,5900,0,11800
L00003743,T0001507,DES002,2,5900,0,11800
L00003744,T0001507,DES002,1,5700,0,5700
L00003745,T0001507,RTE002,2,7300,300,14300
L00003746,T0001508,HOU001,1,2700,200,2500
L00003747,T0001508,RTE001,1,6500,0,6500
L00003748,T0001509,BEV003,2,4400,500,8300
L00003749,T0001509,BEV002,3,1600,0,4800
L00003750,T0001509,BEV001,3,2500,0,7500
L00003751,T0001509,RTE002,1,7200,300,6900
L00003752,T0001510,DES001,1,3100,0,3100
L00003753,T0001511,RTE004,1,8600,0,8600
L00003754,T0001511,HOU001,1,3000,0,3000
L00003755,T0001511,SNK001,1,3900,300,3600
L00003756,T0001511,HOU001,1,3000,0,3000
L00003757,T0001511,SNK001,2,3800,200,7400
L00003758,T0001512,RTE001,2,6500,500,12500
L00003759,T0001513,SNK003,2,5000,0,10000
L00003760,T0001513,SNK003,2,5300,300,10300
L00003761,T0001513,HOU002,1,2100,300,1800
L00003762,T0001514,HOU002,1,2300,0,2300
L00003763,T0001514,SNK001,1,3800,0,3800
L00003764,T0001515,BEV003,1,4300,0,4300
L00003765,T0001515,BEV002,1,1600,300,1300
L00003766,T0001516,DES001,1,3200,500,2700
L00003767,T0001516,BEV001,1,2300,0,2300
L00003768,T0001516,RTE004,1,8800,200,8600
L00003769,T0001517,RTE004,1,8600,200,8400
L00003770,T0001517,BEV004,1,2400,0,2400
L00003771,T0001517,HOU003,1,6900,300,6600
L00003772,T0001518,RTE001,1,6300,0,6300
L00003773,T0001518,RTE002,1,7200,500,6700
L00003774,T0001519,BEV001,1,2500,0,2500
L00003775,T0001519,BEV001,1,2700,500,2200
L00003776,T0001520,HOU001,2,2900,0,5800
L00003777,T0001520,BEV002,1,2000,0,2000
L00003778,T0001521,BEV004,1,2600,300,2300
L00003779,T0001522,DES003,1,3700,0,3700
L00003780,T0001522,BEV002,1,1600,200,1400
L00003781,T0001523,BEV003,2,4400,0,8800
L00003782,T0001523,BEV004,1,2600,0,2600
L00003783,T0001523,SNK002,1,4200,500,3700
L00003784,T0001524,BEV003,3,4200,0,12600
L00003785,T0001524,BEV002,1,1800,200,1600
L00003786,T0001525,SNK002,1,4200,300,3900
L00003787,T0001526,HOU002,3,2400,500,6700
L00003788,T0001526,SNK002,2,4200,0,8400
L00003789,T0001527,RTE001,1,6600,0,6600
L00003790,T0001527,BEV002,1,1600,500,1100
L00003791,T0001527,HOU003,2,6900,500,13300
L00003792,T0001527,RTE002,1,7000,300,6700
L00003793,T0001528,SNK002,1,4300,0,4300
L00003794,T0001528,RTE002,1,7300,500,6800
L00003795,T0001528,RTE004,1,8600,0,8600
L00003796,T0001528,SNK004,1,2800,0,2800
L00003797,T0001528,BEV003,1,4000,300,3700
L00003798,T0001529,HOU002,1,2300,300,2000
L00003799,T0001529,SNK003,2,5200,0,10400
L00003800,T0001530,RTE001,1,6700,200,6500
L00003801,T0001530,SNK004,1,3000,200,2800
L00003802,T0001530,BEV001,1,2500,200,2300
L00003803,T0001530,BEV002,3,1800,0,5400
L00003804,T0001530,SNK003,1,5200,200,5000
L00003805,T0001531,SNK001,1,3800,0,3800
L00003806,T0001531,DES003,1,3500,0,3500
L00003807,T0001532,HOU002,1,2300,0,2300
L00003808,T0001532,SNK001,1,3800,0,3800
L00003809,T0001533,SNK002,1,4300,0,4300
L00003810,T0001533,RTE001,1,6300,0,6300
L00003811,T0001533,HOU002,1,2500,300,2200
L00003812,T0001534,RTE004,1,8600,500,8100
L00003813,T0001534,RTE002,1,7200,300,6900
L00003814,T0001534,BEV001,2,2600,0,5200
L00003815,T0001534,HOU001,1,3100,500,2600
L00003816,T0001534,BEV002,1,1600,300,1300
L00003817,T0001535,RTE001,2,6500,0,13000
L00003818,T0001535,RTE003,1,4800,0,4800
L00003819,T0001535,BEV004,1,2600,0,2600
L00003820,T0001536,RTE004,2,8600,500,16700
L00003821,T0001536,SNK004,1,2900,200,2700
L00003822,T0001536,RTE002,1,7200,200,7000
L00003823,T0001536,BEV003,1,4000,0,4000
L00003824,T0001537,SNK003,1,5200,200,5000
L00003825,T0001537,DES002,1,5900,0,5900
L00003826,T0001538,RTE004,1,8700,0,8700
L00003827,T0001538,RTE004,2,8700,0,17400
L00003828,T0001539,DES002,2,5900,200,11600
L00003829,T0001540,DES001,1,3300,500,2800
L00003830,T0001540,HOU001,1,2700,500,2200
L00003831,T0001541,RTE003,1,4900,300,4600
L00003832,T0001542,BEV001,1,2300,200,2100
L00003833,T0001543,SNK004,1,2900,200,2700
L00003834,T0001544,SNK003,1,5000,0,5000
L00003835,T0001545,SNK004,1,2800,300,2500
L00003836,T0001546,BEV001,1,2500,0,2500
L00003837,T0001547,BEV004,1,2600,200,2400
L00003838,T0001547,HOU003,1,7100,200,6900
L00003839,T0001547,RTE003,1,4600,200,4400
L00003840,T0001547,SNK001,2,4000,0,8000
L00003841,T0001547,SNK001,1,3800,300,3500
L00003842,T0001548,RTE003,1,5000,0,5000
L00003843,T0001548,BEV002,1,1800,0,1800
L00003844,T0001549,DES002,2,6000,300,11700
L00003845,T0001549,BEV003,1,4000,0,4000
L00003846,T0001549,SNK003,1,5200,0,5200
L00003847,T0001550,RTE004,2,8800,300,17300
L00003848,T0001551,RTE003,2,4600,500,8700
L00003849,T0001551,BEV003,3,4300,0,12900
L00003850,T0001551,SNK003,1,5400,300,5100
L00003851,T0001552,DES003,1,3700,300,3400
L00003852,T0001553,SNK001,2,3800,500,7100
L00003853,T0001554,SNK004,2,2800,0,5600
L00003854,T0001554,DES002,1,6000,0,6000
L00003855,T0001555,BEV002,1,2000,0,2000
L00003856,T0001555,HOU002,1,2500,300,2200
L00003857,T0001555,SNK004,2,3000,0,6000
L00003858,T0001556,BEV002,1,1800,0,1800
L00003859,T0001556,SNK002,2,4400,300,8500
L00003860,T0001557,HOU002,2,2100,0,4200
L00003861,T0001557,RTE002,2,7000,0,14000
L00003862,T0001557,HOU002,1,2300,200,2100
L00003863,T0001558,SNK004,1,2800,200,2600
L00003864,T0001558,HOU003,1,6900,500,6400
L00003865,T0001558,RTE001,1,6300,200,6100
L00003866,T0001558,RTE004,1,8600,0,8600
L00003867,T0001559,RTE004,1,8400,0,8400
L00003868,T0001560,HOU002,1,2400,300,2100
L00003869,T0001560,RTE003,1,4900,0,4900
L00003870,T0001560,HOU003,3,7100,0,21300
L00003871,T0001560,RTE001,1,6600,0,6600
L00003872,T0001561,HOU001,1,2900,0,2900
L00003873,T0001561,RTE001,1,6500,0,6500
L00003874,T0001561,BEV001,1,2500,200,2300
L00003875,T0001561,RTE002,1,7200,200,7000
L00003876,T0001562,DES003,1,3600,200,3400
L00003877,T0001562,BEV001,1,2600,0,2600
L00003878,T0001563,SNK004,2,3000,0,6000
L00003879,T0001563,RTE002,2,7300,200,14400
L00003880,T0001564,HOU002,1,2100,0,2100
L00003881,T0001564,SNK003,2,5000,500,9500
L00003882,T0001565,BEV002,1,1600,300,1300
L00003883,T0001566,BEV002,2,2000,0,4000
L00003884,T0001566,BEV001,1,2500,200,2300
L00003885,T0001567,BEV003,1,4300,0,4300
L00003886,T0001567,RTE002,1,7000,0,7000
L00003887,T0001568,HOU003,1,7000,0,7000
L00003888,T0001569,RTE002,1,7200,500,6700
L00003889,T0001570,BEV004,3,2400,500,6700
L00003890,T0001570,RTE003,1,4800,0,4800
L00003891,T0001571,DES001,1,3100,200,2900
L00003892,T0001571,RTE001,1,6500,0,6500
L00003893,T0001571,RTE004,1,8400,500,7900
L00003894,T0001572,DES003,1,3700,0,3700
L00003895,T0001573,SNK002,1,4400,0,4400
L00003896,T0001573,SNK002,1,4400,200,4200
L00003897,T0001573,HOU001,1,2900,0,2900
L00003898,T0001574,DES001,1,3200,0,3200
L00003899,T0001574,DES003,2,3500,300,6700
L00003900,T0001575,DES001,1,3100,0,3100
L00003901,T0001575,DES003,1,3300,300,3000
L00003902,T0001576,RTE003,1,4900,0,4900
L00003903,T0001576,SNK001,1,3600,200,3400
L00003904,T0001576,DES002,1,6100,0,6100
L00003905,T0001576,HOU001,1,3000,0,3000
L00003906,T0001576,BEV001,1,2300,200,2100
L00003907,T0001577,DES003,1,3500,0,3500
L00003908,T0001577,DES003,3,3500,0,10500
L00003909,T0001577,HOU002,1,2500,0,2500
L00003910,T0001577,RTE001,1,6500,0,6500
L00003911,T0001578,SNK002,1,4200,0,4200
L00003912,T0001578,SNK001,2,3600,0,7200
L00003913,T0001579,BEV003,1,4200,0,4200
L00003914,T0001579,HOU003,2,6900,500,13300
L00003915,T0001579,SNK001,2,3800,0,7600
L00003916,T0001580,SNK004,1,2800,500,2300
L00003917,T0001580,RTE004,2,8700,0,17400
L00003918,T0001581,RTE001,1,6500,0,6500
L00003919,T0001581,DES003,1,3600,200,3400
L00003920,T0001582,SNK003,2,5200,500,9900
L00003921,T0001583,SNK001,1,4000,0,4000
L00003922,T0001583,RTE004,2,8700,0,17400
L00003923,T0001584,RTE004,1,8800,0,8800
L00003924,T0001584,DES003,1,3500,0,3500
L00003925,T0001585,SNK001,1,3900,0,3900
L00003926,T0001585,DES001,2,3200,200,6200
L00003927,T0001586,BEV001,1,2700,200,2500
L00003928,T0001587,BEV004,1,2700,0,2700
L00003929,T0001587,RTE001,1,6600,500,6100
L00003930,T0001587,HOU002,1,2300,500,1800
L00003931,T0001587,SNK001,1,3900,0,3900
L00003932,T0001588,RTE001,1,6700,300,6400
L00003933,T0001588,SNK004,1,2900,500,2400
L00003934,T0001589,RTE003,1,4800,300,4500
L00003935,T0001589,BEV001,1,2600,200,2400
L00003936,T0001590,HOU002,1,2400,300,2100
L00003937,T0001590,HOU003,1,6700,500,6200
L00003938,T0001590,BEV003,1,4200,0,4200
L00003939,T0001590,RTE003,1,5000,200,4800
L00003940,T0001591,SNK003,1,5300,0,5300
L00003941,T0001591,BEV001,1,2600,0,2600
L00003942,T0001591,HOU002,1,2300,0,2300
L00003943,T0001591,HOU003,1,6700,300,6400
L00003944,T0001591,DES003,1,3300,0,3300
L00003945,T0001592,DES002,1,5900,0,5900
L00003946,T0001592,RTE004,2,8600,500,16700
L00003947,T0001592,HOU001,2,2700,200,5200
L00003948,T0001593,DES002,1,6000,0,6000
L00003949,T0001593,BEV004,3,2700,300,7800
L00003950,T0001594,BEV003,1,4000,0,4000
L00003951,T0001594,HOU001,1,3100,500,2600
L00003952,T0001594,DES001,1,3200,200,3000
L00003953,T0001595,SNK002,2,4300,200,8400
L00003954,T0001596,DES003,1,3500,200,3300
L00003955,T0001596,SNK002,1,4200,300,3900
L00003956,T0001596,RTE004,2,8600,0,17200
L00003957,T0001596,BEV004,2,2400,0,4800
L00003958,T0001596,HOU001,2,2900,0,5800
L00003959,T0001597,SNK003,1,5400,0,5400
L00003960,T0001597,HOU002,1,2300,0,2300
L00003961,T0001598,HOU002,1,2400,300,2100
L00003962,T0001598,BEV002,1,1800,0,1800
L00003963,T0001599,RTE003,1,4800,0,4800
L00003964,T0001600,BEV003,1,4200,200,4000
L00003965,T0001600,RTE004,2,8600,200,17000
L00003966,T0001600,DES002,1,5900,300,5600
L00003967,T0001601,BEV003,1,4300,200,4100
L00003968,T0001601,SNK001,1,3600,300,3300
L00003969,T0001601,SNK002,1,4200,500,3700
L00003970,T0001602,BEV004,3,2700,0,8100
L00003971,T0001602,SNK002,1,4200,0,4200
L00003972,T0001603,DES001,1,2900,200,2700
L00003973,T0001604,DES003,1,3700,0,3700
L00003974,T0001604,BEV001,2,2300,0,4600
L00003975,T0001605,DES003,1,3500,500,3000
L00003976,T0001606,SNK004,2,2900,300,5500
L00003977,T0001606,HOU003,1,6700,0,6700
L00003978,T0001607,BEV003,1,4400,0,4400
L00003979,T0001607,HOU003,1,6700,500,6200
L00003980,T0001607,BEV001,1,2600,0,2600
L00003981,T0001607,RTE001,2,6500,200,12800
L00003982,T0001607,RTE002,1,7300,300,7000
L00003983,T0001608,HOU001,1,2700,300,2400
L00003984,T0001608,BEV004,1,2600,0,2600
L00003985,T0001608,HOU002,3,2400,500,6700
L00003986,T0001608,RTE001,1,6700,0,6700
L00003987,T0001609,BEV001,1,2500,500,2000
L00003988,T0001609,BEV004,1,2600,0,2600
L00003989,T0001610,DES002,1,5700,0,5700
L00003990,T0001610,DES003,1,3600,0,3600
L00003991,T0001610,SNK004,1,2900,200,2700
L00003992,T0001610,DES002,1,5900,500,5400
L00003993,T0001610,RTE003,1,5000,500,4500
L00003994,T0001611,RTE004,1,8600,300,8300
L00003995,T0001611,BEV002,2,2000,0,4000
L00003996,T0001611,BEV003,2,4200,200,8200
L00003997,T0001611,HOU001,1,3000,0,3000
L00003998,T0001612,SNK004,1,2900,200,2700
L00003999,T0001612,SNK001,2,3600,200,7000
L00004000,T0001612,BEV001,1,2500,0,2500
L00004001,T0001613,BEV001,1,2700,0,2700
L00004002,T0001613,RTE004,1,8700,0,8700
L00004003,T0001613,BEV001,1,2700,0,2700
L00004004,T0001614,SNK002,2,4200,200,8200
L00004005,T0001614,RTE003,3,4800,0,14400
L00004006,T0001614,HOU003,1,7000,0,7000
L00004007,T0001614,DES002,1,5900,300,5600
L00004008,T0001615,DES002,1,6100,500,5600
L00004009,T0001615,DES003,1,3700,200,3500
L00004010,T0001616,HOU002,1,2300,0,2300
L00004011,T0001616,BEV004,1,2700,200,2500
L00004012,T0001616,SNK003,2,5300,0,10600
L00004013,T0001617,DES002,3,5900,300,17400
L00004014,T0001618,SNK004,2,2600,500,4700
L00004015,T0001618,RTE004,2,8700,200,17200
L00004016,T0001619,RTE003,1,4800,300,4500
L00004017,T0001619,RTE003,2,4800,500,9100
L00004018,T0001620,HOU003,1,7000,300,6700
L00004019,T0001620,SNK004,1,2800,500,2300
L00004020,T0001621,DES003,1,3500,0,3500
L00004021,T0001621,SNK002,1,4200,0,4200
L00004022,T0001621,SNK003,1,5000,0,5000
L00004023,T0001622,BEV001,1,2300,200,2100
L00004024,T0001623,DES003,1,3500,0,3500
L00004025,T0001624,HOU002,1,2400,200,2200
L00004026,T0001625,HOU002,1,2300,500,1800
L00004027,T0001625,RTE003,1,4600,200,4400
L00004028,T0001626,HOU002,1,2100,0,2100
L00004029,T0001627,RTE002,1,7000,0,7000
L00004030,T0001628,HOU003,1,6900,0,6900
L00004031,T0001628,RTE002,1,7000,200,6800
L00004032,T0001628,BEV001,2,2600,300,4900
L00004033,T0001629,BEV004,1,2700,300,2400
L00004034,T0001629,HOU001,1,2900,0,2900
L00004035,T0001629,RTE002,1,7300,0,7300
L00004036,T0001629,DES003,1,3600,500,3100
L00004037,T0001630,HOU003,1,6700,300,6400
L00004038,T0001630,SNK002,1,4400,300,4100
L00004039,T0001630,DES003,2,3500,200,6800
L00004040,T0001630,HOU003,1,7100,300,6800
L00004041,T0001631,SNK004,1,2600,500,2100
L00004042,T0001631,DES003,1,3500,0,3500
L00004043,T0001631,SNK001,1,4000,300,3700
L00004044,T0001631,DES001,1,3300,0,3300
L00004045,T0001632,DES003,1,3500,200,3300
L00004046,T0001632,RTE004,1,8600,200,8400
L00004047,T0001632,RTE003,1,4600,300,4300
L00004048,T0001632,DES002,1,5700,500,5200
L00004049,T0001633,BEV004,1,2600,300,2300
L00004050,T0001634,SNK002,1,4000,0,4000
L00004051,T0001635,DES003,1,3500,300,3200
L00004052,T0001635,SNK001,1,3600,0,3600
L00004053,T0001636,BEV002,1,1900,500,1400
L00004054,T0001637,RTE001,1,6600,200,6400
L00004055,T0001637,RTE001,1,6500,0,6500
L00004056,T0001637,DES001,1,3100,0,3100
L00004057,T0001638,BEV001,1,2500,200,2300
L00004058,T0001638,BEV004,1,2400,0,2400
L00004059,T0001639,RTE003,1,4800,0,4800
L00004060,T0001640,SNK001,1,3600,0,3600
L00004061,T0001640,SNK003,1,5300,500,4800
L00004062,T0001640,DES003,1,3600,500,3100
L00004063,T0001640,DES003,1,3300,300,3000
L00004064,T0001640,HOU002,2,2400,0,4800
L00004065,T0001641,DES003,1,3700,0,3700
L00004066,T0001641,BEV002,1,1800,0,1800
L00004067,T0001641,DES001,1,3200,0,3200
L00004068,T0001642,SNK002,2,4300,200,8400
L00004069,T0001643,DES001,1,3200,200,3000
L00004070,T0001643,HOU002,1,2500,0,2500
L00004071,T0001644,SNK001,1,4000,500,3500
L00004072,T0001644,SNK003,1,5200,0,5200
L00004073,T0001645,SNK002,2,4400,0,8800
L00004074,T0001645,BEV001,1,2500,200,2300
L00004075,T0001645,BEV002,1,2000,500,1500
L00004076,T0001646,HOU001,1,3000,0,3000
L00004077,T0001646,SNK003,1,5300,200,5100
L00004078,T0001646,HOU002,1,2500,0,2500
L00004079,T0001646,SNK002,1,4200,500,3700
L00004080,T0001647,BEV001,1,2700,500,2200
L00004081,T0001648,BEV003,1,4200,0,4200
L00004082,T0001648,RTE002,1,7000,200,6800
L00004083,T0001649,RTE004,1,8600,0,8600
L00004084,T0001649,BEV002,1,1800,300,1500
L00004085,T0001649,SNK004,1,2900,0,2900
L00004086,T0001650,BEV001,2,2500,0,5000
L00004087,T0001650,RTE002,1,7400,0,7400
L00004088,T0001651,HOU001,1,2900,500,2400
L00004089,T0001651,RTE004,2,8600,0,17200
L00004090,T0001651,RTE002,1,7200,0,7200
L00004091,T0001652,SNK003,1,5400,200,5200
L00004092,T0001652,SNK004,1,2600,500,2100
L00004093,T0001652,RTE004,1,8800,0,8800
L00004094,T0001653,SNK004,1,2900,200,2700
L00004095,T0001653,HOU002,2,2300,0,4600
L00004096,T0001654,SNK001,1,3600,0,3600
L00004097,T0001654,BEV004,1,2400,0,2400
L00004098,T0001655,HOU003,1,6900,500,6400
L00004099,T0001655,BEV001,1,2700,200,2500
L00004100,T0001655,HOU003,1,6900,0,6900
L00004101,T0001655,BEV004,2,2600,300,4900
L00004102,T0001656,RTE003,1,4600,0,4600
L00004103,T0001656,RTE001,1,6500,300,6200
L00004104,T0001656,RTE003,1,4600,200,4400
L00004105,T0001656,BEV003,1,4000,0,4000
L00004106,T0001656,RTE001,1,6500,500,6000
L00004107,T0001657,RTE002,1,7000,200,6800
L00004108,T0001657,SNK001,1,3600,0,3600
L00004109,T0001657,RTE001,1,6300,300,6000
L00004110,T0001657,DES002,1,5900,0,5900
L00004111,T0001657,RTE001,1,6500,300,6200
L00004112,T0001658,SNK003,1,5200,0,5200
L00004113,T0001658,BEV001,2,2500,500,4500
L00004114,T0001659,HOU002,1,2300,300,2000
L00004115,T0001660,BEV004,1,2600,0,2600
L00004116,T0001660,BEV002,1,1600,200,1400
L00004117,T0001660,RTE001,1,6300,0,6300
L00004118,T0001661,RTE001,1,6500,0,6500
L00004119,T0001662,DES001,1,3200,200,3000
L00004120,T0001662,DES003,2,3700,0,7400
L00004121,T0001662,BEV003,1,4200,0,4200
L00004122,T0001663,RTE004,1,8700,0,8700
L00004123,T0001664,SNK001,1,3600,200,3400
L00004124,T0001664,RTE001,3,6300,300,18600
L00004125,T0001664,HOU002,1,2300,500,1800
L00004126,T0001664,BEV001,1,2300,0,2300
L00004127,T0001665,RTE001,3,6500,0,19500
L00004128,T0001665,SNK001,1,3900,300,3600
L00004129,T0001665,RTE002,1,7200,0,7200
L00004130,T0001665,RTE004,2,8400,200,16600
L00004131,T0001665,SNK004,1,3000,500,2500
L00004132,T0001666,DES001,1,3300,0,3300
L00004133,T0001666,RTE001,2,6600,300,12900
L00004134,T0001666,DES003,2,3700,0,7400
L00004135,T0001666,RTE004,2,8700,200,17200
L00004136,T0001666,RTE004,1,8400,0,8400
L00004137,T0001667,SNK002,1,4300,0,4300
L00004138,T0001667,HOU003,1,7000,0,7000
L00004139,T0001668,SNK004,1,2600,0,2600
L00004140,T0001668,SNK002,1,4400,0,4400
L00004141,T0001669,DES002,1,5900,200,5700
L00004142,T0001669,RTE004,1,8700,0,8700
L00004143,T0001669,SNK004,1,3000,300,2700
L00004144,T0001670,BEV001,1,2300,0,2300
L00004145,T0001670,DES001,3,3100,0,9300
L00004146,T0001670,DES003,2,3300,300,6300
L00004147,T0001670,DES003,1,3300,500,2800
L00004148,T0001671,HOU002,1,2400,0,2400
L00004149,T0001671,DES002,2,6000,0,12000
L00004150,T0001671,SNK001,1,3900,0,3900
L00004151,T0001671,DES001,2,3100,200,6000
L00004152,T0001672,SNK002,1,4200,0,4200
L00004153,T0001673,RTE004,1,8600,500,8100
L00004154,T0001674,RTE003,1,4800,500,4300
L00004155,T0001674,BEV001,1,2500,200,2300
L00004156,T0001675,SNK004,2,2800,0,5600
L00004157,T0001675,RTE004,1,8700,200,8500
L00004158,T0001676,SNK001,1,3800,0,3800
L00004159,T0001676,SNK003,2,5200,0,10400
L00004160,T0001676,DES003,1,3300,300,3000
L00004161,T0001676,RTE004,1,8800,0,8800
L00004162,T0001677,SNK004,1,3000,0,3000
L00004163,T0001677,BEV001,1,2300,500,1800
L00004164,T0001677,SNK002,1,4200,0,4200
L00004165,T0001678,RTE004,1,8800,500,8300
L00004166,T0001678,BEV004,1,2400,0,2400
L00004167,T0001678,DES001,1,2900,500,2400
L00004168,T0001679,SNK001,3,3600,0,10800
L00004169,T0001679,HOU001,1,3100,0,3100
L00004170,T0001680,RTE001,1,6700,200,6500
L00004171,T0001680,BEV001,1,2500,0,2500
L00004172,T0001680,HOU002,1,2300,500,1800
L00004173,T0001680,SNK001,1,3900,300,3600
L00004174,T0001681,DES002,3,6000,0,18000
L00004175,T0001681,SNK002,1,4200,200,4000
L00004176,T0001681,HOU003,1,6900,500,6400
L00004177,T0001681,BEV001,1,2500,500,2000
L00004178,T0001682,HOU001,1,3100,500,2600
L00004179,T0001682,RTE004,1,8400,300,8100
L00004180,T0001683,HOU001,1,3000,300,2700
L00004181,T0001684,RTE002,1,7200,0,7200
L00004182,T0001684,BEV002,1,2000,0,2000
L00004183,T0001684,SNK002,1,4000,0,4000
L00004184,T0001685,RTE002,1,7000,500,6500
L00004185,T0001686,BEV002,1,2000,300,1700
L00004186,T0001686,RTE001,1,6500,0,6500
L00004187,T0001686,HOU003,2,6900,500,13300
L00004188,T0001687,BEV001,1,2600,200,2400
L00004189,T0001688,RTE003,1,4900,500,4400
L00004190,T0001688,SNK004,2,2900,0,5800
L00004191,T0001689,RTE001,1,6500,300,6200
L00004192,T0001689,BEV002,1,1600,300,1300
L00004193,T0001690,BEV004,1,2800,0,2800
L00004194,T0001690,HOU002,1,2100,0,2100
L00004195,T0001690,BEV004,1,2800,0,2800
L00004196,T0001690,SNK003,1,5000,0,5000
L00004197,T0001691,DES001,1,3100,300,2800
L00004198,T0001691,RTE002,1,7200,0,7200
L00004199,T0001692,DES003,1,3600,0,3600
L00004200,T0001692,SNK004,1,2800,0,2800
L00004201,T0001692,RTE001,1,6500,200,6300
L00004202,T0001693,RTE001,1,6500,0,6500
L00004203,T0001694,HOU001,2,2900,500,5300
L00004204,T0001694,BEV001,2,2500,0,5000
L00004205,T0001695,BEV003,1,4300,0,4300
L00004206,T0001696,BEV001,1,2600,200,2400
L00004207,T0001697,BEV001,1,2500,0,2500
L00004208,T0001697,RTE003,1,4800,0,4800
L00004209,T0001697,HOU001,1,2900,0,2900
L00004210,T0001698,SNK002,1,4400,0,4400
L00004211,T0001698,HOU002,1,2400,300,2100
L00004212,T0001698,BEV004,3,2800,0,8400
L00004213,T0001698,BEV002,1,1600,500,1100
L00004214,T0001698,RTE002,1,7200,200,7000
L00004215,T0001699,RTE003,1,4800,500,4300
L00004216,T0001699,HOU003,1,7000,0,7000
L00004217,T0001700,DES001,1,3100,0,3100
L00004218,T0001700,SNK004,1,3000,0,3000
L00004219,T0001701,BEV004,1,2800,0,2800
L00004220,T0001701,BEV004,1,2700,0,2700
L00004221,T0001701,BEV001,1,2600,200,2400
L00004222,T0001701,DES001,1,3100,0,3100
L00004223,T0001702,RTE002,2,7300,0,14600
L00004224,T0001702,HOU003,2,7000,200,13800
L00004225,T0001702,SNK002,1,4000,500,3500
L00004226,T0001702,DES003,2,3700,200,7200
L00004227,T0001702,HOU003,3,7100,200,21100
L00004228,T0001703,SNK002,2,4000,200,7800
L00004229,T0001703,HOU003,2,6900,0,13800
L00004230,T0001703,BEV003,2,4200,0,8400
L00004231,T0001703,BEV001,1,2600,300,2300
L00004232,T0001703,RTE004,1,8600,0,8600
L00004233,T0001704,BEV001,1,2500,0,2500
L00004234,T0001704,HOU003,1,6900,200,6700
L00004235,T0001704,SNK002,3,4200,0,12600
L00004236,T0001704,SNK002,1,4200,0,4200
L00004237,T0001705,HOU002,2,2500,200,4800
L00004238,T0001705,RTE004,2,8700,0,17400
L00004239,T0001706,DES002,1,5700,0,5700
L00004240,T0001707,RTE001,1,6500,0,6500
L00004241,T0001707,RTE004,1,8600,300,8300
L00004242,T0001708,RTE004,1,8700,300,8400
L00004243,T0001708,RTE002,1,7000,0,7000
L00004244,T0001708,HOU003,1,6700,0,6700
L00004245,T0001709,HOU001,1,2700,0,2700
L00004246,T0001709,SNK003,3,5000,0,15000
L00004247,T0001710,DES002,1,6000,500,5500
L00004248,T0001710,BEV002,1,2000,200,1800
L00004249,T0001710,RTE003,1,4600,300,4300
L00004250,T0001711,SNK004,1,2900,300,2600
L00004251,T0001711,BEV003,1,4000,300,3700
L00004252,T0001711,RTE002,1,7000,0,7000
L00004253,T0001712,SNK002,2,4400,200,8600
L00004254,T0001712,SNK003,1,5200,0,5200
L00004255,T0001712,SNK004,1,2900,0,2900
L00004256,T0001712,RTE001,1,6500,500,6000
L00004257,T0001712,BEV001,1,2500,0,2500
L00004258,T0001713,BEV004,1,2800,500,2300
L00004259,T0001714,SNK004,1,2800,0,2800
L00004260,T0001714,RTE001,1,6300,0,6300
L00004261,T0001714,RTE004,1,8700,0,8700
L00004262,T0001714,BEV003,1,4200,0,4200
L00004263,T0001714,SNK002,1,4200,0,4200
L00004264,T0001715,SNK001,1,3900,300,3600
L00004265,T0001716,BEV003,1,4400,0,4400
L00004266,T0001716,BEV004,1,2800,500,2300
L00004267,T0001717,BEV004,1,2400,500,1900
L00004268,T0001717,HOU003,1,6700,200,6500
L00004269,T0001718,HOU003,1,6700,500,6200
L00004270,T0001718,HOU003,1,6900,300,6600
L00004271,T0001718,HOU001,2,2900,0,5800
L00004272,T0001718,RTE002,1,7000,0,7000
L00004273,T0001719,BEV003,1,4200,0,4200
L00004274,T0001719,BEV002,1,2000,0,2000
L00004275,T0001719,RTE003,2,5000,0,10000
L00004276,T0001719,RTE003,1,4800,300,4500
L00004277,T0001720,RTE001,1,6700,0,6700
L00004278,T0001721,BEV002,1,1800,0,1800
L00004279,T0001721,BEV004,2,2400,200,4600
L00004280,T0001722,RTE004,1,8600,0,8600
L00004281,T0001723,RTE004,1,8600,0,8600
L00004282,T0001723,BEV002,1,1800,300,1500
L00004283,T0001724,HOU003,2,7000,0,14000
L00004284,T0001725,SNK003,1,5000,0,5000
L00004285,T0001725,SNK001,1,4000,0,4000
L00004286,T0001726,SNK002,1,4400,500,3900
L00004287,T0001727,SNK001,1,4000,0,4000
L00004288,T0001727,RTE002,1,7200,0,7200
L00004289,T0001727,DES001,1,3100,0,3100
L00004290,T0001727,SNK002,1,4200,200,4000
L00004291,T0001728,SNK002,1,4200,0,4200
L00004292,T0001729,DES002,1,6000,0,6000
L00004293,T0001729,SNK003,1,5200,0,5200
L00004294,T0001730,DES003,1,3300,0,3300
L00004295,T0001731,RTE003,1,5000,300,4700
L00004296,T0001731,RTE003,1,4800,0,4800
L00004297,T0001732,BEV004,1,2600,200,2400
L00004298,T0001732,DES001,1,3200,300,2900
L00004299,T0001733,RTE002,2,7000,0,14000
L00004300,T0001733,RTE002,1,7200,0,7200
L00004301,T0001733,DES002,2,5900,300,11500
L00004302,T0001734,HOU002,2,2300,300,4300
L00004303,T0001735,RTE002,1,7400,0,7400
L00004304,T0001735,DES003,1,3500,200,3300
L00004305,T0001735,HOU002,2,2100,300,3900
L00004306,T0001735,HOU001,1,2700,200,2500
L00004307,T0001736,DES002,1,6000,0,6000
L00004308,T0001736,RTE002,1,7000,0,7000
L00004309,T0001736,RTE002,1,7300,300,7000
L00004310,T0001737,RTE003,1,4800,300,4500
L00004311,T0001737,RTE003,1,4800,300,4500
L00004312,T0001738,SNK004,1,2800,300,2500
L00004313,T0001738,DES003,1,3500,0,3500
L00004314,T0001739,DES002,1,6100,200,5900
L00004315,T0001739,RTE002,1,7300,0,7300
L00004316,T0001740,SNK003,1,5000,0,5000
L00004317,T0001740,SNK004,1,2600,300,2300
L00004318,T0001741,HOU001,1,3000,0,3000
L00004319,T0001742,BEV003,1,4200,0,4200
L00004320,T0001743,SNK004,1,2900,300,2600
L00004321,T0001743,RTE001,1,6300,300,6000
L00004322,T0001744,BEV003,1,4200,200,4000
L00004323,T0001744,BEV001,1,2500,0,2500
L00004324,T0001745,SNK002,1,4400,0,4400
L00004325,T0001745,SNK003,2,5200,0,10400
L00004326,T0001745,BEV004,1,2700,500,2200
L00004327,T0001746,RTE003,1,4800,300,4500
L00004328,T0001746,HOU003,1,7000,0,7000
L00004329,T0001746,RTE003,1,4900,500,4400
L00004330,T0001747,BEV002,3,1800,0,5400
L00004331,T0001747,DES003,2,3500,0,7000
L00004332,T0001747,SNK004,1,2800,0,2800
L00004333,T0001748,DES002,1,5700,0,5700
L00004334,T0001748,SNK002,1,4300,300,4000
L00004335,T0001748,RTE003,1,4800,0,4800
L00004336,T0001749,RTE001,1,6500,0,6500
L00004337,T0001749,DES003,1,3300,200,3100
L00004338,T0001750,SNK004,1,2800,0,2800
L00004339,T0001750,DES001,2,3100,0,6200
L00004340,T0001750,SNK004,1,2900,500,2400
L00004341,T0001751,BEV004,1,2700,300,2400
L00004342,T0001751,SNK002,1,4300,200,4100
L00004343,T0001751,SNK003,1,5300,500,4800
L00004344,T0001751,DES003,1,3500,0,3500
L00004345,T0001752,DES001,1,3100,0,3100
L00004346,T0001752,DES003,1,3500,0,3500
L00004347,T0001752,HOU001,2,2900,500,5300
L00004348,T0001753,SNK004,1,2800,0,2800
L00004349,T0001753,BEV001,2,2500,0,5000
L00004350,T0001753,SNK003,2,5000,0,10000
L00004351,T0001753,RTE003,1,4800,0,4800
L00004352,T0001754,HOU003,1,7000,200,6800
L00004353,T0001754,SNK004,1,2900,0,2900
L00004354,T0001755,SNK001,1,3800,200,3600
L00004355,T0001755,BEV003,2,4300,300,8300
L00004356,T0001755,RTE001,2,6300,0,12600
L00004357,T0001756,BEV002,1,2000,0,2000
L00004358,T0001757,RTE001,1,6500,0,6500
L00004359,T0001757,RTE003,3,4800,500,13900
L00004360,T0001758,SNK003,2,5200,300,10100
L00004361,T0001758,RTE003,1,5000,500,4500
L00004362,T0001758,SNK001,1,3600,0,3600
L00004363,T0001758,RTE002,2,7000,200,13800
L00004364,T0001758,HOU001,1,2900,0,2900
L00004365,T0001759,DES001,2,3100,0,6200
L00004366,T0001759,SNK003,1,5200,500,4700
L00004367,T0001759,BEV001,1,2600,0,2600
L00004368,T0001760,BEV002,1,1600,300,1300
L00004369,T0001760,DES002,1,6000,200,5800
L00004370,T0001761,RTE001,1,6700,200,6500
L00004371,T0001761,DES001,1,2900,500,2400
L00004372,T0001761,SNK001,1,4000,200,3800
L00004373,T0001761,HOU001,1,3000,0,3000
L00004374,T0001761,DES001,1,3100,500,2600
L00004375,T0001762,SNK001,1,4000,0,4000
L00004376,T0001763,BEV001,1,2500,0,2500
L00004377,T0001763,DES001,1,3200,300,2900
L00004378,T0001763,RTE004,1,8600,300,8300
L00004379,T0001763,BEV004,1,2600,0,2600
L00004380,T0001764,BEV004,2,2600,0,5200
L00004381,T0001764,SNK001,1,3600,200,3400
L00004382,T0001764,BEV002,2,1600,300,2900
L00004383,T0001765,HOU003,1,6700,0,6700
L00004384,T0001766,BEV002,1,2000,200,1800
L00004385,T0001766,HOU003,1,6900,300,6600
L00004386,T0001766,DES001,1,3100,0,3100
L00004387,T0001766,RTE003,1,4600,500,4100
L00004388,T0001767,SNK001,1,3600,0,3600
L00004389,T0001767,SNK001,1,4000,0,4000
L00004390,T0001768,RTE001,1,6500,0,6500
L00004391,T0001768,BEV004,1,2400,0,2400
L00004392,T0001768,RTE003,1,4900,0,4900
L00004393,T0001768,BEV004,1,2800,200,2600
L00004394,T0001769,RTE003,1,4600,0,4600
L00004395,T0001770,RTE001,2,6500,300,12700
L00004396,T0001770,RTE004,1,8800,0,8800
L00004397,T0001771,BEV004,1,2600,0,2600
L00004398,T0001772,RTE001,1,6600,0,6600
L00004399,T0001772,HOU001,1,2900,500,2400
L00004400,T0001773,BEV002,1,1900,0,1900
L00004401,T0001773,BEV003,2,4000,300,7700
L00004402,T0001774,SNK001,1,3600,0,3600
L00004403,T0001774,SNK001,1,3600,300,3300
L00004404,T0001774,RTE003,1,5000,0,5000
L00004405,T0001774,HOU003,2,6700,0,13400
L00004406,T0001775,SNK001,2,3600,0,7200
L00004407,T0001775,HOU001,2,3000,0,6000
L00004408,T0001775,RTE002,2,7200,0,14400
L00004409,T0001775,SNK004,1,2900,0,2900
L00004410,T0001776,HOU001,1,3100,300,2800
L00004411,T0001777,RTE001,1,6300,300,6000
L00004412,T0001777,DES003,1,3700,0,3700
L00004413,T0001778,HOU003,1,6700,200,6500
L00004414,T0001778,HOU002,1,2500,0,2500
L00004415,T0001778,DES002,1,5900,0,5900
L00004416,T0001778,HOU003,1,6700,200,6500
L00004417,T0001778,SNK001,1,3600,0,3600
L00004418,T0001779,DES002,1,5700,200,5500
L00004419,T0001780,SNK003,1,5000,0,5000
L00004420,T0001781,RTE002,2,7200,200,14200
L00004421,T0001781,HOU001,1,2900,0,2900
L00004422,T0001782,HOU003,1,6700,0,6700
L00004423,T0001783,RTE003,2,4800,500,9100
L00004424,T0001783,RTE002,2,7200,0,14400
L00004425,T0001784,RTE002,2,7200,0,14400
L00004426,T0001785,RTE001,1,6700,0,6700
L00004427,T0001785,RTE002,2,7200,200,14200
L00004428,T0001785,SNK001,1,3600,0,3600
L00004429,T0001785,SNK004,1,2600,200,2400
L00004430,T0001786,SNK004,1,2900,300,2600
L00004431,T0001786,DES002,1,6000,200,5800
L00004432,T0001786,RTE001,1,6500,0,6500
L00004433,T0001787,BEV002,1,1800,500,1300
L00004434,T0001787,DES003,1,3500,0,3500
L00004435,T0001787,SNK001,2,3600,300,6900
L00004436,T0001787,SNK001,1,3800,0,3800
L00004437,T0001787,BEV003,1,4300,0,4300
L00004438,T0001788,HOU003,1,7100,500,6600
L00004439,T0001788,RTE004,2,8600,200,17000
L00004440,T0001788,BEV004,1,2400,500,1900
L00004441,T0001788,BEV003,1,4300,500,3800
L00004442,T0001789,SNK004,3,2900,0,8700
L00004443,T0001789,SNK002,1,4400,0,4400
L00004444,T0001790,DES001,2,3100,300,5900
L00004445,T0001791,HOU001,1,3000,300,2700
L00004446,T0001791,RTE001,1,6500,300,6200
L00004447,T0001791,DES002,2,5900,300,11500
L00004448,T0001791,BEV003,1,4200,0,4200
L00004449,T0001791,SNK001,2,4000,0,8000
L00004450,T0001792,BEV001,1,2700,300,2400
L00004451,T0001792,DES002,1,5900,500,5400
L00004452,T0001792,HOU003,2,7000,0,14000
L00004453,T0001793,BEV004,1,2600,0,2600
L00004454,T0001793,SNK001,1,3800,0,3800
L00004455,T0001793,RTE004,1,8600,500,8100
L00004456,T0001793,BEV001,1,2500,0,2500
L00004457,T0001793,BEV003,1,4200,500,3700
L00004458,T0001794,BEV002,1,1800,200,1600
L00004459,T0001794,BEV001,2,2500,0,5000
L00004460,T0001795,DES001,1,3300,0,3300
L00004461,T0001795,DES001,1,3100,0,3100
L00004462,T0001796,SNK001,2,3800,0,7600
L00004463,T0001796,RTE003,1,4800,0,4800
L00004464,T0001797,BEV003,1,4200,0,4200
L00004465,T0001797,RTE002,1,7400,500,6900
L00004466,T0001797,BEV004,3,2400,0,7200
L00004467,T0001797,DES002,1,6100,0,6100
L00004468,T0001797,DES003,1,3500,0,3500
L00004469,T0001798,RTE001,2,6600,0,13200
L00004470,T0001798,HOU003,1,6900,500,6400
L00004471,T0001798,RTE004,2,8800,0,17600
L00004472,T0001799,DES002,1,6100,500,5600
L00004473,T0001799,SNK001,1,3800,200,3600
L00004474,T0001800,BEV002,1,2000,200,1800
L00004475,T0001800,DES001,1,3100,0,3100
L00004476,T0001800,HOU001,1,3000,0,3000
L00004477,T0001801,RTE001,1,6300,500,5800
L00004478,T0001801,BEV004,1,2800,0,2800
L00004479,T0001802,HOU002,1,2300,0,2300
L00004480,T0001802,BEV001,2,2700,0,5400
L00004481,T0001803,HOU001,1,2700,0,2700
L00004482,T0001803,DES003,1,3500,0,3500
L00004483,T0001803,BEV001,1,2500,500,2000
L00004484,T0001804,RTE004,1,8700,500,8200
L00004485,T0001805,SNK003,3,5200,0,15600
L00004486,T0001806,BEV002,1,1900,0,1900
L00004487,T0001806,RTE002,2,7200,300,14100
L00004488,T0001807,SNK003,1,5300,0,5300
L00004489,T0001807,DES002,1,6100,300,5800
L00004490,T0001807,SNK004,1,3000,500,2500
L00004491,T0001808,DES001,1,3100,200,2900
L00004492,T0001809,SNK004,1,2800,500,2300
L00004493,T0001810,HOU001,1,2900,200,2700
L00004494,T0001810,SNK002,1,4000,0,4000
L00004495,T0001810,BEV003,2,4000,0,8000
L00004496,T0001810,HOU001,1,2700,300,2400
L00004497,T0001811,BEV001,1,2700,0,2700
L00004498,T0001812,RTE002,1,7000,500,6500
L00004499,T0001812,HOU003,1,7100,500,6600
L00004500,T0001813,SNK001,1,3800,300,3500
L00004501,T0001813,SNK004,1,2800,0,2800
L00004502,T0001814,SNK001,1,3900,200,3700
L00004503,T0001814,DES003,1,3500,0,3500
L00004504,T0001814,SNK003,1,5300,200,5100
L00004505,T0001815,SNK002,1,4400,500,3900
L00004506,T0001815,DES003,1,3500,0,3500
L00004507,T0001815,RTE002,1,7200,0,7200
L00004508,T0001816,BEV003,1,4200,200,4000
L00004509,T0001816,BEV002,1,1900,0,1900
L00004510,T0001817,RTE004,1,8800,0,8800
L00004511,T0001817,BEV002,1,1600,0,1600
L00004512,T0001817,HOU002,1,2500,0,2500
L00004513,T0001818,RTE003,1,4900,0,4900
L00004514,T0001818,HOU003,1,6900,200,6700
L00004515,T0001818,RTE002,2,7200,0,14400
L00004516,T0001819,BEV002,1,1800,300,1500
L00004517,T0001820,BEV002,2,1800,300,3300
L00004518,T0001820,RTE002,2,7200,0,14400
L00004519,T0001820,BEV002,1,1800,500,1300
L00004520,T0001820,RTE003,2,4800,300,9300
L00004521,T0001821,BEV004,1,2400,0,2400
L00004522,T0001821,BEV002,1,2000,200,1800
L00004523,T0001821,RTE004,2,8700,0,17400
L00004524,T0001821,HOU001,1,2700,0,2700
L00004525,T0001822,SNK001,1,3900,0,3900
L00004526,T0001822,RTE003,1,4600,200,4400
L00004527,T0001822,SNK003,2,5400,300,10500
L00004528,T0001823,SNK004,1,2600,0,2600
L00004529,T0001823,DES002,1,5700,0,5700
L00004530,T0001824,DES003,1,3300,0,3300
L00004531,T0001824,SNK004,1,2900,0,2900
L00004532,T0001824,RTE003,2,4800,200,9400
L00004533,T0001825,DES003,1,3300,500,2800
L00004534,T0001826,RTE001,1,6700,0,6700
L00004535,T0001826,DES001,1,3100,300,2800
L00004536,T0001826,BEV003,2,4400,0,8800
L00004537,T0001826,SNK003,1,5400,0,5400
L00004538,T0001826,BEV003,1,4200,300,3900
L00004539,T0001827,RTE002,1,7200,0,7200
L00004540,T0001827,RTE002,1,7300,300,7000
L00004541,T0001828,SNK002,1,4000,300,3700
L00004542,T0001828,SNK003,1,5200,500,4700
L00004543,T0001828,DES001,1,3100,200,2900
L00004544,T0001828,SNK002,1,4200,0,4200
L00004545,T0001828,RTE001,1,6300,0,6300
L00004546,T0001829,BEV002,1,1800,500,1300
L00004547,T0001830,RTE003,1,5000,0,5000
L00004548,T0001830,BEV001,1,2500,500,2000
L00004549,T0001830,SNK002,1,4200,0,4200
L00004550,T0001830,RTE002,2,7200,0,14400
L00004551,T0001831,SNK003,1,5200,200,5000
L00004552,T0001831,DES003,2,3600,0,7200
L00004553,T0001831,BEV001,1,2500,200,2300
L00004554,T0001831,SNK004,1,2800,200,2600
L00004555,T0001832,BEV003,1,4200,0,4200
L00004556,T0001832,RTE004,1,8600,0,8600
L00004557,T0001832,BEV002,2,2000,500,3500
L00004558,T0001833,BEV003,2,4200,200,8200
L00004559,T0001833,RTE004,1,8400,300,8100
L00004560,T0001833,RTE001,3,6300,0,18900
L00004561,T0001833,HOU002,1,2300,0,2300
L00004562,T0001834,BEV004,1,2400,0,2400
L00004563,T0001834,RTE001,2,6300,0,12600
L00004564,T0001834,HOU001,1,3100,500,2600
L00004565,T0001835,RTE004,1,8600,0,8600
L00004566,T0001836,HOU003,1,7000,0,7000
L00004567,T0001837,SNK001,1,3800,0,3800
L00004568,T0001837,SNK001,1,3800,200,3600
L00004569,T0001837,HOU003,1,7000,200,6800
L00004570,T0001838,BEV004,1,2700,200,2500
L00004571,T0001838,BEV002,1,1800,0,1800
L00004572,T0001838,BEV003,1,4400,0,4400
L00004573,T0001838,BEV001,1,2600,0,2600
L00004574,T0001838,RTE004,1,8400,0,8400
L00004575,T0001839,BEV004,1,2600,0,2600
L00004576,T0001839,BEV002,1,1600,0,1600
L00004577,T0001840,HOU001,1,3000,0,3000
L00004578,T0001840,RTE002,1,7200,500,6700
L00004579,T0001841,RTE002,1,7200,200,7000
L00004580,T0001841,RTE003,2,4800,0,9600
L00004581,T0001842,BEV001,2,2500,300,4700
L00004582,T0001843,HOU001,1,2900,0,2900
L00004583,T0001843,BEV004,2,2800,500,5100
L00004584,T0001844,HOU003,1,7000,300,6700
L00004585,T0001844,HOU003,1,7000,300,6700
L00004586,T0001844,RTE001,1,6500,0,6500
L00004587,T0001845,DES002,1,5900,0,5900
L00004588,T0001845,HOU001,1,2700,300,2400
L00004589,T0001846,BEV001,1,2600,0,2600
L00004590,T0001846,RTE004,1,8600,0,8600
L00004591,T0001846,SNK004,1,2800,300,2500
L00004592,T0001847,DES001,1,2900,0,2900
L00004593,T0001847,SNK003,3,5400,0,16200
L00004594,T0001848,BEV002,2,1800,500,3100
L00004595,T0001849,SNK001,1,4000,0,4000
L00004596,T0001850,HOU003,1,6900,300,6600
L00004597,T0001850,RTE004,1,8600,0,8600
L00004598,T0001851,DES003,1,3500,500,3000
L00004599,T0001851,RTE004,2,8600,0,17200
L00004600,T0001852,SNK004,1,3000,0,3000
L00004601,T0001852,RTE001,1,6300,500,5800
L00004602,T0001853,RTE003,1,4900,500,4400
L00004603,T0001854,SNK002,1,4300,0,4300
L00004604,T0001855,RTE003,1,4900,0,4900
L00004605,T0001855,BEV004,1,2600,0,2600
L00004606,T0001856,DES002,1,6000,0,6000
L00004607,T0001856,SNK002,1,4400,200,4200
L00004608,T0001857,RTE001,2,6700,300,13100
L00004609,T0001857,BEV004,2,2600,200,5000
L00004610,T0001858,BEV002,1,1800,0,1800
L00004611,T0001858,SNK004,1,2800,300,2500
L00004612,T0001859,DES003,1,3500,200,3300
L00004613,T0001859,RTE002,2,7000,0,14000
L00004614,T0001859,DES002,2,5900,0,11800
L00004615,T0001860,SNK001,1,3900,300,3600
L00004616,T0001860,RTE003,1,4600,300,4300
L00004617,T0001860,BEV001,2,2500,0,5000
L00004618,T0001860,DES002,2,5700,0,11400
L00004619,T0001860,BEV002,1,1900,500,1400
L00004620,T0001861,RTE004,1,8700,0,8700
L00004621,T0001861,BEV002,1,1800,0,1800
L00004622,T0001862,BEV003,1,4400,200,4200
L00004623,T0001862,RTE002,1,7300,0,7300
L00004624,T0001863,HOU003,1,7100,0,7100
L00004625,T0001864,SNK003,1,5300,0,5300
L00004626,T0001864,RTE001,1,6500,0,6500
L00004627,T0001864,BEV001,1,2300,300,2000
L00004628,T0001864,DES003,1,3700,0,3700
L00004629,T0001865,DES003,1,3300,500,2800
L00004630,T0001866,BEV003,1,4400,200,4200
L00004631,T0001866,BEV004,1,2700,500,2200
L00004632,T0001867,RTE004,1,8600,300,8300
L00004633,T0001868,RTE004,1,8400,200,8200
L00004634,T0001869,HOU003,1,6700,0,6700
L00004635,T0001869,RTE002,1,7000,300,6700
L00004636,T0001869,HOU003,1,6700,0,6700
L00004637,T0001870,HOU001,1,3100,0,3100
L00004638,T0001870,BEV002,1,1800,0,1800
L00004639,T0001871,DES001,1,3100,200,2900
L00004640,T0001871,DES001,1,3300,200,3100
L00004641,T0001871,RTE003,2,4800,300,9300
L00004642,T0001872,DES001,2,3300,0,6600
L00004643,T0001872,SNK004,2,2600,200,5000
L00004644,T0001872,RTE002,1,7200,0,7200
L00004645,T0001873,DES002,2,5700,500,10900
L00004646,T0001874,RTE002,2,7400,0,14800
L00004647,T0001875,BEV002,1,1800,0,1800
L00004648,T0001876,HOU001,2,2700,0,5400
L00004649,T0001877,DES002,1,6100,500,5600
L00004650,T0001877,RTE004,2,8800,200,17400
L00004651,T0001878,RTE001,1,6500,300,6200
L00004652,T0001879,RTE001,1,6500,200,6300
L00004653,T0001879,SNK001,1,3600,500,3100
L00004654,T0001879,BEV002,1,1900,300,1600
L00004655,T0001880,RTE003,1,4900,0,4900
L00004656,T0001880,SNK001,1,3600,0,3600
L00004657,T0001880,BEV001,1,2300,0,2300
L00004658,T0001880,HOU001,1,2700,0,2700
L00004659,T0001881,RTE002,1,7300,0,7300
L00004660,T0001881,DES002,1,5700,200,5500
L00004661,T0001882,HOU001,1,2700,0,2700
L00004662,T0001882,RTE002,1,7200,500,6700
L00004663,T0001883,SNK002,1,4000,200,3800
L00004664,T0001883,HOU001,1,3100,0,3100
L00004665,T0001883,BEV001,2,2300,200,4400
L00004666,T0001884,RTE002,2,7200,500,13900
L00004667,T0001885,DES002,1,5700,0,5700
L00004668,T0001885,HOU003,1,7000,0,7000
L00004669,T0001885,RTE003,1,4600,0,4600
L00004670,T0001886,SNK003,1,5400,0,5400
L00004671,T0001886,DES003,2,3300,0,6600
L00004672,T0001886,SNK001,1,3800,0,3800
L00004673,T0001886,DES003,1,3500,200,3300
L00004674,T0001887,RTE001,1,6700,0,6700
L00004675,T0001887,BEV002,1,1800,300,1500
L00004676,T0001887,BEV004,1,2600,200,2400
L00004677,T0001887,RTE003,1,4800,300,4500
L00004678,T0001888,HOU001,1,2900,500,2400
L00004679,T0001889,HOU002,1,2500,200,2300
L00004680,T0001889,DES001,1,3300,0,3300
L00004681,T0001890,DES003,1,3500,500,3000
L00004682,T0001890,HOU001,1,2900,300,2600
L00004683,T0001891,HOU001,1,2900,500,2400
L00004684,T0001891,SNK003,1,5200,0,5200
L00004685,T0001891,BEV002,1,1900,500,1400
L00004686,T0001892,BEV004,1,2600,500,2100
L00004687,T0001893,RTE001,1,6700,500,6200
L00004688,T0001893,SNK001,1,3800,200,3600
L00004689,T0001893,HOU003,2,6900,300,13500
L00004690,T0001894,HOU003,1,6900,300,6600
L00004691,T0001894,BEV002,1,2000,300,1700
L00004692,T0001894,HOU002,1,2100,300,1800
L00004693,T0001895,HOU003,1,7000,200,6800
L00004694,T0001895,BEV001,3,2700,500,7600
L00004695,T0001895,SNK002,1,4400,0,4400
L00004696,T0001896,HOU002,1,2400,0,2400
L00004697,T0001896,DES003,1,3600,500,3100
L00004698,T0001896,BEV002,1,1600,0,1600
L00004699,T0001897,RTE004,1,8700,300,8400
L00004700,T0001897,RTE002,2,7300,500,14100
L00004701,T0001898,RTE002,1,7300,0,7300
L00004702,T0001898,BEV001,1,2500,500,2000
L00004703,T0001898,SNK004,1,2900,500,2400
L00004704,T0001898,BEV004,1,2600,200,2400
L00004705,T0001899,RTE002,1,7000,200,6800
L00004706,T0001899,BEV004,2,2400,300,4500
L00004707,T0001899,SNK001,1,3800,0,3800
L00004708,T0001900,SNK004,1,2900,500,2400
L00004709,T0001901,SNK002,2,4400,0,8800
L00004710,T0001901,SNK001,1,3900,200,3700
L00004711,T0001902,BEV001,1,2500,0,2500
L00004712,T0001902,HOU003,1,6900,200,6700
L00004713,T0001902,SNK004,1,3000,0,3000
L00004714,T0001902,BEV002,1,1800,500,1300
L00004715,T0001903,SNK002,1,4200,0,4200
L00004716,T0001903,BEV003,1,4200,0,4200
L00004717,T0001904,BEV002,2,1800,0,3600
L00004718,T0001904,BEV001,1,2500,0,2500
L00004719,T0001905,DES003,1,3600,200,3400
L00004720,T0001906,SNK001,1,3800,0,3800
L00004721,T0001906,HOU001,1,2900,0,2900
L00004722,T0001906,RTE004,1,8400,200,8200
L00004723,T0001906,SNK002,1,4300,300,4000
L00004724,T0001907,SNK001,1,4000,300,3700
L00004725,T0001907,RTE003,1,5000,0,5000
L00004726,T0001907,SNK002,1,4200,0,4200
L00004727,T0001907,RTE002,1,7200,300,6900
L00004728,T0001908,DES003,1,3500,0,3500
L00004729,T0001908,HOU001,1,2700,300,2400
L00004730,T0001908,HOU001,1,2900,0,2900
L00004731,T0001909,HOU001,3,2700,500,7600
L00004732,T0001909,SNK002,1,4000,500,3500
L00004733,T0001910,RTE004,1,8700,0,8700
L00004734,T0001910,SNK002,1,4300,500,3800
L00004735,T0001910,DES002,1,5700,0,5700
L00004736,T0001911,RTE004,1,8800,0,8800
L00004737,T0001911,RTE003,2,4600,0,9200
L00004738,T0001912,RTE004,1,8600,200,8400
L00004739,T0001912,BEV001,1,2500,0,2500
L00004740,T0001913,BEV003,1,4200,0,4200
L00004741,T0001914,BEV001,3,2600,0,7800
L00004742,T0001915,RTE001,1,6600,500,6100
L00004743,T0001915,DES003,1,3700,500,3200
L00004744,T0001916,SNK001,1,3900,0,3900
L00004745,T0001917,HOU003,1,7000,200,6800
L00004746,T0001917,RTE002,2,7200,0,14400
L00004747,T0001918,SNK004,1,3000,200,2800
L00004748,T0001918,DES001,1,3200,0,3200
L00004749,T0001919,HOU001,2,2900,0,5800
L00004750,T0001919,RTE004,1,8600,0,8600
L00004751,T0001919,SNK004,2,2800,0,5600
L00004752,T0001919,BEV002,1,1800,0,1800
L00004753,T0001919,RTE003,1,4800,0,4800
L00004754,T0001920,HOU001,1,2900,0,2900
L00004755,T0001920,SNK003,1,5200,0,5200
L00004756,T0001920,RTE002,1,7400,0,7400
L00004757,T0001921,RTE001,1,6300,0,6300
L00004758,T0001921,BEV002,1,1800,0,1800
L00004759,T0001921,RTE004,1,8600,0,8600
L00004760,T0001922,RTE001,1,6700,0,6700
L00004761,T0001923,DES003,1,3300,500,2800
L00004762,T0001923,SNK002,1,4200,0,4200
L00004763,T0001923,RTE003,1,5000,0,5000
L00004764,T0001924,RTE002,1,7200,300,6900
L00004765,T0001924,BEV001,2,2500,0,5000
L00004766,T0001924,RTE004,1,8800,0,8800
L00004767,T0001924,BEV003,1,4200,200,4000
L00004768,T0001925,SNK002,1,4000,0,4000
L00004769,T0001925,RTE002,1,7200,0,7200
L00004770,T0001925,HOU002,1,2400,0,2400
L00004771,T0001925,BEV001,1,2700,200,2500
L00004772,T0001926,BEV003,1,4400,500,3900
L00004773,T0001926,DES001,1,3100,300,2800
L00004774,T0001927,RTE001,1,6700,0,6700
L00004775,T0001928,RTE004,3,8600,300,25500
L00004776,T0001928,DES003,1,3700,0,3700
L00004777,T0001928,BEV002,2,1600,0,3200
L00004778,T0001929,BEV002,1,1800,500,1300
L00004779,T0001930,BEV001,1,2500,300,2200
L00004780,T0001931,SNK004,1,3000,500,2500
L00004781,T0001931,BEV003,2,4400,0,8800
L00004782,T0001932,DES001,1,3200,0,3200
L00004783,T0001933,SNK003,1,5300,200,5100
L00004784,T0001933,SNK002,1,4300,300,4000
L00004785,T0001934,HOU003,1,6900,500,6400
L00004786,T0001934,HOU003,1,7100,200,6900
L00004787,T0001935,HOU001,1,2700,0,2700
L00004788,T0001936,SNK003,1,5400,0,5400
L00004789,T0001937,HOU001,1,3000,200,2800
L00004790,T0001937,BEV003,1,4200,500,3700
L00004791,T0001938,DES001,1,3200,0,3200
L00004792,T0001938,BEV004,2,2600,0,5200
L00004793,T0001938,BEV003,1,4000,200,3800
L00004794,T0001939,BEV003,2,4400,200,8600
L00004795,T0001939,BEV002,1,1900,0,1900
L00004796,T0001939,RTE003,2,4600,300,8900
L00004797,T0001940,SNK002,1,4200,200,4000
L00004798,T0001940,RTE001,1,6500,500,6000
L00004799,T0001940,HOU002,1,2100,200,1900
L00004800,T0001941,HOU002,1,2400,500,1900
L00004801,T0001942,DES003,1,3600,300,3300
L00004802,T0001942,RTE002,1,7300,200,7100
L00004803,T0001942,RTE002,1,7200,500,6700
L00004804,T0001943,SNK001,1,3800,500,3300
L00004805,T0001943,BEV003,1,4000,0,4000
L00004806,T0001943,SNK002,1,4200,200,4000
L00004807,T0001943,RTE004,1,8600,300,8300
L00004808,T0001943,DES002,1,5900,300,5600
L00004809,T0001944,BEV004,2,2700,0,5400
L00004810,T0001944,DES002,1,6000,200,5800
L00004811,T0001944,DES002,1,5700,200,5500
L00004812,T0001945,RTE002,1,7200,200,7000
L00004813,T0001945,BEV004,1,2600,200,2400
L00004814,T0001945,BEV002,1,1600,0,1600
L00004815,T0001945,RTE004,1,8600,200,8400
L00004816,T0001946,SNK001,3,3900,500,11200
L00004817,T0001947,BEV004,2,2700,200,5200
L00004818,T0001947,BEV004,1,2600,0,2600
L00004819,T0001947,RTE001,2,6600,0,13200
L00004820,T0001948,SNK001,2,4000,200,7800
L00004821,T0001948,HOU001,1,3100,0,3100
L00004822,T0001948,DES001,1,3100,0,3100
L00004823,T0001949,BEV004,2,2800,0,5600
L00004824,T0001949,HOU003,1,6900,200,6700
L00004825,T0001950,HOU003,2,7000,200,13800
L00004826,T0001950,BEV004,1,2800,0,2800
L00004827,T0001950,DES001,2,2900,0,5800
L00004828,T0001950,HOU003,1,7100,0,7100
L00004829,T0001951,DES002,3,5700,500,16600
L00004830,T0001951,SNK003,2,5200,0,10400
L00004831,T0001951,HOU001,2,2900,0,5800
L00004832,T0001951,HOU003,1,6900,300,6600
L00004833,T0001952,HOU001,1,3000,500,2500
L00004834,T0001953,RTE002,3,7300,0,21900
L00004835,T0001953,SNK001,2,3800,200,7400
L00004836,T0001953,SNK001,1,4000,200,3800
L00004837,T0001954,BEV004,1,2700,0,2700
L00004838,T0001954,RTE003,2,4900,0,9800
L00004839,T0001955,SNK001,2,3600,0,7200
L00004840,T0001956,SNK002,1,4200,0,4200
L00004841,T0001956,DES001,1,3100,200,2900
L00004842,T0001956,DES002,1,6100,0,6100
L00004843,T0001957,SNK004,1,3000,0,3000
L00004844,T0001957,SNK003,1,5300,0,5300
L00004845,T0001957,RTE001,2,6700,200,13200
L00004846,T0001958,BEV003,1,4400,0,4400
L00004847,T0001959,BEV003,1,4300,200,4100
L00004848,T0001960,RTE004,1,8700,0,8700
L00004849,T0001961,RTE001,1,6600,300,6300
L00004850,T0001961,SNK001,1,3800,200,3600
L00004851,T0001961,BEV003,1,4200,200,4000
L00004852,T0001962,RTE001,1,6300,200,6100
L00004853,T0001963,SNK001,1,4000,500,3500
L00004854,T0001963,SNK001,1,3900,200,3700
L00004855,T0001964,SNK004,1,3000,200,2800
L00004856,T0001965,SNK003,1,5000,300,4700
L00004857,T0001965,DES003,1,3600,0,3600
L00004858,T0001966,BEV004,1,2700,200,2500
L00004859,T0001966,BEV003,1,4300,300,4000
L00004860,T0001967,RTE001,1,6500,300,6200
L00004861,T0001967,SNK002,1,4300,300,4000
L00004862,T0001967,BEV002,1,1800,0,1800
L00004863,T0001967,SNK004,1,2600,0,2600
L00004864,T0001968,HOU003,1,6900,0,6900
L00004865,T0001969,BEV002,1,1600,0,1600
L00004866,T0001969,BEV003,1,4200,300,3900
L00004867,T0001969,HOU003,1,7100,0,7100
L00004868,T0001970,DES002,2,6100,300,11900
L00004869,T0001970,RTE001,2,6700,200,13200
L00004870,T0001970,RTE004,1,8800,0,8800
L00004871,T0001970,BEV004,1,2600,200,2400
L00004872,T0001971,HOU001,1,2700,500,2200
L00004873,T0001971,RTE002,1,7200,200,7000
L00004874,T0001972,SNK004,2,2900,0,5800
L00004875,T0001973,SNK001,1,3800,300,3500
L00004876,T0001973,DES001,1,2900,200,2700
L00004877,T0001973,SNK004,1,2800,200,2600
L00004878,T0001974,DES002,1,6000,200,5800
L00004879,T0001974,SNK003,2,5300,0,10600
L00004880,T0001974,BEV004,3,2600,200,7600
L00004881,T0001974,HOU001,1,3000,200,2800
L00004882,T0001974,SNK002,1,4200,0,4200
L00004883,T0001975,BEV002,1,2000,300,1700
L00004884,T0001975,BEV001,1,2700,0,2700
L00004885,T0001975,RTE004,1,8600,200,8400
L00004886,T0001976,HOU002,1,2300,300,2000
L00004887,T0001976,HOU002,1,2300,500,1800
L00004888,T0001976,SNK004,1,2600,300,2300
L00004889,T0001976,RTE004,1,8600,0,8600
L00004890,T0001977,BEV002,2,1800,200,3400
L00004891,T0001977,RTE002,1,7200,500,6700
L00004892,T0001978,RTE004,1,8400,0,8400
L00004893,T0001978,SNK001,1,3600,200,3400
L00004894,T0001978,SNK001,1,3900,0,3900
L00004895,T0001978,BEV002,1,1900,500,1400
L00004896,T0001978,SNK002,1,4200,300,3900
L00004897,T0001979,RTE003,1,4800,500,4300
L00004898,T0001979,BEV001,3,2600,0,7800
L00004899,T0001979,RTE002,1,7200,500,6700
L00004900,T0001980,BEV004,3,2400,0,7200
L00004901,T0001980,RTE002,1,7000,200,6800
L00004902,T0001980,BEV003,1,4200,200,4000
L00004903,T0001980,BEV004,1,2800,500,2300
L00004904,T0001981,DES002,1,5900,300,5600
L00004905,T0001981,RTE003,1,4900,300,4600
L00004906,T0001981,BEV002,1,1800,0,1800
L00004907,T0001981,RTE004,2,8800,0,17600
L00004908,T0001981,BEV002,1,1600,300,1300
L00004909,T0001982,BEV004,1,2700,0,2700
L00004910,T0001982,BEV004,3,2700,300,7800
L00004911,T0001982,SNK001,1,3800,0,3800
L00004912,T0001983,BEV002,1,1800,0,1800
L00004913,T0001983,SNK004,2,3000,200,5800
L00004914,T0001983,SNK004,1,2800,0,2800
L00004915,T0001984,RTE001,1,6600,500,6100
L00004916,T0001984,SNK002,1,4300,0,4300
L00004917,T0001985,SNK003,1,5200,500,4700
L00004918,T0001986,DES002,1,5900,200,5700
L00004919,T0001986,RTE002,2,7300,200,14400
L00004920,T0001986,BEV001,1,2700,200,2500
L00004921,T0001987,HOU003,1,6700,300,6400
L00004922,T0001987,BEV002,1,1900,200,1700
L00004923,T0001988,HOU002,1,2300,0,2300
L00004924,T0001988,BEV002,2,1800,0,3600
L00004925,T0001988,HOU003,3,6900,0,20700
L00004926,T0001989,SNK003,2,5000,0,10000
L00004927,T0001989,RTE001,1,6600,500,6100
L00004928,T0001989,SNK002,2,4200,0,8400
L00004929,T0001990,SNK001,1,3800,0,3800
L00004930,T0001990,DES001,1,3100,0,3100
L00004931,T0001991,SNK001,2,3600,0,7200
L00004932,T0001992,RTE001,1,6700,0,6700
L00004933,T0001992,DES002,1,6000,0,6000
L00004934,T0001992,SNK003,1,5400,200,5200
L00004935,T0001993,BEV004,1,2400,0,2400
L00004936,T0001993,BEV004,1,2800,0,2800
L00004937,T0001994,BEV003,1,4400,0,4400
L00004938,T0001994,DES003,2,3600,200,7000
L00004939,T0001995,HOU003,2,7100,0,14200
L00004940,T0001996,DES001,1,3200,200,3000
L00004941,T0001996,HOU001,1,2700,300,2400
L00004942,T0001997,SNK002,1,4300,0,4300
L00004943,T0001997,HOU001,1,3000,0,3000
L00004944,T0001997,SNK001,1,3800,300,3500
L00004945,T0001998,HOU003,2,6900,500,13300
L00004946,T0001998,SNK003,2,5300,0,10600
L00004947,T0001998,RTE002,1,7400,0,7400
L00004948,T0001999,BEV001,2,2500,0,5000
L00004949,T0001999,HOU001,2,2700,0,5400
L00004950,T0001999,RTE002,1,7200,500,6700
L00004951,T0002000,SNK004,1,2900,300,2600
L00004952,T0002000,BEV002,1,1600,0,1600
L00004953,T0002000,RTE001,1,6300,0,6300
L00004954,T0002001,BEV003,1,4200,0,4200
L00004955,T0002001,RTE001,1,6600,0,6600
L00004956,T0002001,SNK002,1,4300,0,4300
L00004957,T0002001,BEV004,1,2800,300,2500
L00004958,T0002002,HOU002,2,2300,0,4600
L00004959,T0002003,HOU002,1,2400,0,2400
L00004960,T0002003,SNK003,1,5000,0,5000
L00004961,T0002003,SNK004,2,2800,300,5300
L00004962,T0002004,SNK003,1,5400,0,5400
L00004963,T0002005,HOU001,1,3000,0,3000
L00004964,T0002005,SNK001,1,4000,300,3700
L00004965,T0002006,SNK003,1,5400,0,5400
L00004966,T0002006,SNK003,1,5200,500,4700
L00004967,T0002006,BEV003,2,4300,0,8600
L00004968,T0002007,RTE002,1,7300,200,7100
L00004969,T0002007,SNK001,2,3600,300,6900
L00004970,T0002007,BEV003,1,4400,0,4400
L00004971,T0002008,SNK002,1,4200,0,4200
L00004972,T0002008,BEV003,1,4200,0,4200
L00004973,T0002008,BEV002,1,1600,200,1400
L00004974,T0002009,RTE003,1,4800,0,4800
L00004975,T0002009,HOU001,1,3100,0,3100
L00004976,T0002009,HOU002,2,2300,200,4400
L00004977,T0002010,SNK002,1,4300,300,4000
L00004978,T0002010,BEV002,1,1600,0,1600
L00004979,T0002011,HOU003,1,7000,200,6800
L00004980,T0002011,BEV001,1,2600,0,2600
L00004981,T0002011,SNK004,1,2800,200,2600
L00004982,T0002011,RTE004,1,8800,300,8500
L00004983,T0002012,BEV002,1,1800,200,1600
L00004984,T0002012,RTE003,1,5000,0,5000
L00004985,T0002012,SNK002,1,4200,0,4200
L00004986,T0002013,HOU002,1,2500,0,2500
L00004987,T0002013,DES002,1,5900,0,5900
L00004988,T0002013,RTE004,1,8800,0,8800
L00004989,T0002014,BEV001,1,2700,500,2200
L00004990,T0002015,DES003,1,3500,500,3000
L00004991,T0002015,DES003,2,3600,0,7200
L00004992,T0002015,BEV004,1,2600,300,2300
L00004993,T0002015,RTE003,1,4600,0,4600
L00004994,T0002016,SNK002,1,4400,500,3900
L00004995,T0002016,SNK001,2,3800,0,7600
L00004996,T0002016,RTE004,2,8600,200,17000
L00004997,T0002016,RTE002,3,7000,0,21000
L00004998,T0002016,RTE004,2,8600,500,16700
L00004999,T0002017,SNK003,1,5400,500,4900
L00005000,T0002017,SNK004,1,2600,0,2600
L00005001,T0002017,BEV003,2,4200,0,8400
L00005002,T0002018,RTE002,1,7200,0,7200
L00005003,T0002019,RTE004,1,8400,0,8400
L00005004,T0002019,DES001,1,3300,0,3300
L00005005,T0002020,DES003,3,3500,0,10500
L00005006,T0002021,BEV002,1,2000,0,2000
L00005007,T0002022,RTE004,1,8600,200,8400
L00005008,T0002022,BEV002,2,1600,200,3000
L00005009,T0002022,RTE003,1,4900,0,4900
L00005010,T0002022,HOU001,2,2900,500,5300
L00005011,T0002023,RTE001,1,6500,0,6500
L00005012,T0002023,SNK002,1,4000,500,3500
L00005013,T0002023,BEV003,1,4200,0,4200
L00005014,T0002023,SNK003,1,5300,0,5300
L00005015,T0002024,HOU001,1,3000,200,2800
L00005016,T0002024,SNK001,2,3800,200,7400
L00005017,T0002025,HOU002,2,2500,500,4500
L00005018,T0002025,SNK003,1,5000,0,5000
L00005019,T0002025,SNK001,1,3600,200,3400
L00005020,T0002026,BEV003,3,4300,300,12600
L00005021,T0002026,RTE004,1,8600,0,8600
L00005022,T0002026,DES002,2,6000,500,11500
L00005023,T0002027,RTE001,2,6500,200,12800
L00005024,T0002027,HOU003,1,7000,300,6700
L00005025,T0002028,SNK002,1,4200,0,4200
L00005026,T0002029,BEV002,1,2000,200,1800
L00005027,T0002029,DES001,1,3200,0,3200
L00005028,T0002029,HOU001,2,2900,200,5600
L00005029,T0002029,RTE004,1,8600,0,8600
L00005030,T0002030,SNK003,1,5000,500,4500
L00005031,T0002030,BEV003,1,4200,500,3700
L00005032,T0002030,DES003,1,3500,0,3500
L00005033,T0002031,RTE001,1,6500,200,6300
L00005034,T0002031,DES001,1,2900,0,2900
L00005035,T0002031,RTE004,1,8400,200,8200
L00005036,T0002031,RTE003,1,5000,0,5000
L00005037,T0002032,RTE003,1,5000,200,4800
L00005038,T0002032,HOU003,3,7100,300,21000
L00005039,T0002033,HOU001,1,2900,200,2700
L00005040,T0002034,HOU002,1,2300,0,2300
L00005041,T0002034,DES003,1,3300,0,3300
L00005042,T0002035,RTE001,2,6300,200,12400
L00005043,T0002036,BEV003,1,4000,300,3700
L00005044,T0002036,SNK004,3,3000,500,8500
L00005045,T0002036,RTE003,1,4600,0,4600
L00005046,T0002037,BEV003,2,4200,0,8400
L00005047,T0002037,RTE002,1,7400,0,7400
L00005048,T0002038,BEV002,1,1600,0,1600
L00005049,T0002038,DES003,1,3300,300,3000
L00005050,T0002038,DES002,1,5700,500,5200
L00005051,T0002038,RTE004,1,8400,0,8400
L00005052,T0002038,SNK003,1,5200,0,5200
L00005053,T0002039,HOU003,1,6700,500,6200
L00005054,T0002039,BEV004,1,2700,200,2500
L00005055,T0002039,BEV003,1,4200,0,4200
L00005056,T0002039,HOU001,1,2700,0,2700
L00005057,T0002040,RTE003,2,4800,500,9100
L00005058,T0002041,RTE002,1,7200,200,7000
L00005059,T0002041,RTE002,1,7200,0,7200
L00005060,T0002042,DES002,1,5700,0,5700
L00005061,T0002043,RTE001,1,6700,500,6200
L00005062,T0002043,HOU002,2,2300,0,4600
L00005063,T0002044,SNK002,1,4300,500,3800
L00005064,T0002044,RTE001,1,6600,0,6600
L00005065,T0002044,DES002,2,6100,0,12200
L00005066,T0002044,RTE002,1,7200,0,7200
L00005067,T0002045,SNK002,1,4400,500,3900
L00005068,T0002046,SNK001,1,3600,0,3600
L00005069,T0002046,BEV001,1,2600,0,2600
L00005070,T0002046,DES002,1,5900,200,5700
L00005071,T0002047,DES003,2,3700,200,7200
L00005072,T0002048,RTE002,2,7200,0,14400
L00005073,T0002049,SNK002,1,4200,0,4200
L00005074,T0002049,BEV003,2,4000,0,8000
L00005075,T0002049,BEV003,1,4000,0,4000
L00005076,T0002050,HOU002,1,2100,0,2100
L00005077,T0002050,RTE002,1,7400,0,7400
L00005078,T0002051,RTE003,1,4800,0,4800
L00005079,T0002052,RTE003,2,4600,0,9200
L00005080,T0002053,SNK001,1,3900,200,3700
L00005081,T0002053,DES001,1,3300,0,3300
L00005082,T0002053,DES003,1,3300,500,2800
L00005083,T0002053,DES002,1,5900,200,5700
L00005084,T0002053,RTE002,1,7200,0,7200
L00005085,T0002054,DES001,3,3100,0,9300
L00005086,T0002054,HOU002,1,2300,0,2300
L00005087,T0002054,BEV003,1,4200,200,4000
L00005088,T0002054,RTE001,1,6700,0,6700
L00005089,T0002055,BEV002,1,2000,0,2000
L00005090,T0002055,BEV001,1,2600,300,2300
L00005091,T0002055,HOU003,1,6900,0,6900
L00005092,T0002055,DES002,1,5700,500,5200
L00005093,T0002056,HOU002,1,2300,500,1800
L00005094,T0002056,DES002,1,6000,300,5700
L00005095,T0002056,HOU002,1,2500,200,2300
L00005096,T0002057,BEV003,1,4200,300,3900
L00005097,T0002058,BEV001,1,2500,0,2500
L00005098,T0002058,SNK001,1,3900,0,3900
L00005099,T0002058,SNK001,2,3800,0,7600
L00005100,T0002058,RTE003,1,4800,0,4800
L00005101,T0002059,BEV003,1,4200,300,3900
L00005102,T0002059,BEV001,1,2500,0,2500
L00005103,T0002060,HOU003,1,7000,0,7000
L00005104,T0002060,RTE003,1,4600,0,4600
L00005105,T0002060,RTE001,1,6700,200,6500
L00005106,T0002061,RTE002,1,7000,500,6500
L00005107,T0002062,SNK001,1,3800,300,3500
L00005108,T0002062,BEV004,1,2600,500,2100
L00005109,T0002062,RTE002,1,7400,500,6900
L00005110,T0002062,BEV004,1,2700,0,2700
L00005111,T0002063,BEV004,1,2600,500,2100
L00005112,T0002064,SNK002,1,4200,200,4000
L00005113,T0002064,SNK003,1,5300,0,5300
L00005114,T0002064,BEV001,1,2300,300,2000
L00005115,T0002065,SNK002,1,4000,300,3700
L00005116,T0002065,BEV002,1,2000,0,2000
L00005117,T0002066,DES003,3,3500,0,10500
L00005118,T0002066,BEV004,1,2600,0,2600
L00005119,T0002066,SNK001,1,3800,500,3300
L00005120,T0002066,SNK003,1,5000,0,5000
L00005121,T0002067,HOU002,3,2400,300,6900
L00005122,T0002067,RTE004,1,8700,200,8500
L00005123,T0002068,DES002,2,6000,300,11700
L00005124,T0002068,SNK001,1,3900,200,3700
L00005125,T0002069,SNK001,2,3600,300,6900
L00005126,T0002070,HOU003,2,7000,0,14000
L00005127,T0002071,SNK003,1,5000,0,5000
L00005128,T0002071,SNK001,1,3800,300,3500
L00005129,T0002071,HOU002,1,2300,300,2000
L00005130,T0002072,RTE002,1,7400,300,7100
L00005131,T0002072,RTE004,1,8800,0,8800
L00005132,T0002072,SNK002,1,4200,200,4000
L00005133,T0002072,RTE001,1,6300,0,6300
L00005134,T0002072,SNK004,1,2600,0,2600
L00005135,T0002073,DES002,1,6100,0,6100
L00005136,T0002074,SNK003,1,5200,200,5000
L00005137,T0002075,RTE004,1,8600,300,8300
L00005138,T0002075,DES002,1,6100,300,5800
L00005139,T0002075,HOU001,1,3000,0,3000
L00005140,T0002076,BEV001,1,2600,500,2100
L00005141,T0002076,BEV004,1,2600,0,2600
L00005142,T0002076,DES002,1,5700,200,5500
L00005143,T0002077,SNK001,1,3600,0,3600
L00005144,T0002077,HOU001,1,2700,500,2200
L00005145,T0002078,DES003,2,3600,500,6700
L00005146,T0002078,DES002,1,6000,300,5700
L00005147,T0002079,RTE004,1,8800,500,8300
L00005148,T0002080,HOU003,1,7100,0,7100
L00005149,T0002080,RTE002,2,7300,0,14600
L00005150,T0002081,SNK001,2,4000,200,7800
L00005151,T0002081,SNK002,1,4200,0,4200
L00005152,T0002081,RTE001,3,6600,0,19800
L00005153,T0002081,SNK003,1,5200,0,5200
L00005154,T0002082,HOU002,3,2100,200,6100
L00005155,T0002082,SNK002,2,4300,0,8600
L00005156,T0002082,SNK003,2,5400,0,10800
L00005157,T0002083,HOU002,2,2500,0,5000
L00005158,T0002083,DES001,1,2900,500,2400
L00005159,T0002083,RTE002,1,7300,200,7100
L00005160,T0002083,HOU001,1,2700,0,2700
L00005161,T0002083,RTE003,2,5000,200,9800
L00005162,T0002084,BEV004,1,2800,500,2300
L00005163,T0002084,RTE002,1,7200,500,6700
L00005164,T0002085,BEV004,1,2600,0,2600
L00005165,T0002086,HOU001,1,3100,200,2900
L00005166,T0002086,BEV004,1,2800,300,2500
L00005167,T0002086,SNK002,1,4000,500,3500
L00005168,T0002086,BEV004,1,2600,200,2400
L00005169,T0002087,BEV004,1,2700,0,2700
L00005170,T0002088,BEV001,1,2500,200,2300
L00005171,T0002088,BEV002,1,1600,500,1100
L00005172,T0002088,BEV001,1,2700,500,2200
L00005173,T0002088,DES002,1,5700,0,5700
L00005174,T0002089,DES003,1,3300,200,3100
L00005175,T0002089,DES002,1,5900,300,5600
L00005176,T0002090,SNK004,1,2800,300,2500
L00005177,T0002090,RTE003,1,4900,200,4700
L00005178,T0002091,DES002,1,5900,0,5900
L00005179,T0002092,SNK003,2,5000,300,9700
L00005180,T0002092,RTE001,1,6500,0,6500
L00005181,T0002092,SNK002,1,4200,0,4200
L00005182,T0002093,RTE002,1,7200,0,7200
L00005183,T0002093,DES001,2,3100,300,5900
L00005184,T0002094,BEV003,2,4400,0,8800
L00005185,T0002094,RTE002,1,7300,0,7300
L00005186,T0002095,HOU002,1,2400,0,2400
L00005187,T0002095,RTE004,2,8600,0,17200
L00005188,T0002095,BEV001,1,2300,0,2300
L00005189,T0002095,SNK001,1,3800,0,3800
L00005190,T0002096,RTE002,1,7400,300,7100
L00005191,T0002097,HOU002,1,2300,0,2300
L00005192,T0002097,HOU003,1,7100,0,7100
L00005193,T0002098,RTE002,1,7000,500,6500
L00005194,T0002098,BEV002,1,2000,200,1800
L00005195,T0002099,RTE003,1,4800,0,4800
L00005196,T0002099,HOU001,1,2900,0,2900
L00005197,T0002099,SNK002,2,4000,0,8000
L00005198,T0002099,RTE002,2,7200,200,14200
L00005199,T0002099,SNK003,1,5000,500,4500
L00005200,T0002100,BEV004,1,2400,300,2100
L00005201,T0002101,HOU003,1,7100,0,7100
L00005202,T0002101,BEV004,1,2600,0,2600
L00005203,T0002101,DES003,1,3500,0,3500
L00005204,T0002101,BEV004,2,2700,0,5400
L00005205,T0002102,DES003,1,3300,200,3100
L00005206,T0002103,HOU001,1,2900,0,2900
L00005207,T0002104,DES001,1,3200,0,3200
L00005208,T0002104,DES002,1,5700,300,5400
L00005209,T0002104,DES003,2,3300,0,6600
L00005210,T0002105,RTE002,1,7400,300,7100
L00005211,T0002105,RTE001,2,6300,0,12600
L00005212,T0002105,DES003,1,3300,0,3300
L00005213,T0002105,HOU001,3,2900,0,8700
L00005214,T0002106,SNK002,1,4000,300,3700
L00005215,T0002107,SNK002,3,4200,200,12400
L00005216,T0002108,RTE003,1,4800,500,4300
L00005217,T0002108,RTE003,1,4900,0,4900
L00005218,T0002109,HOU002,3,2100,200,6100
L00005219,T0002109,HOU001,1,2900,0,2900
L00005220,T0002109,HOU003,1,6700,0,6700
L00005221,T0002109,RTE001,2,6500,200,12800
L00005222,T0002109,BEV003,2,4400,0,8800
L00005223,T0002110,SNK003,1,5400,200,5200
L00005224,T0002110,SNK003,1,5300,200,5100
L00005225,T0002110,BEV002,1,1900,500,1400
L00005226,T0002111,SNK003,1,5200,300,4900
L00005227,T0002111,BEV001,2,2600,500,4700
L00005228,T0002111,RTE003,2,4800,0,9600
L00005229,T0002112,RTE001,1,6500,0,6500
L00005230,T0002112,SNK002,1,4000,500,3500
L00005231,T0002112,RTE003,2,4800,500,9100
L00005232,T0002113,RTE004,1,8800,500,8300
L00005233,T0002113,SNK001,2,4000,200,7800
L00005234,T0002113,DES002,1,6000,0,6000
L00005235,T0002114,DES001,1,3100,0,3100
L00005236,T0002115,HOU001,1,2900,0,2900
L00005237,T0002115,RTE002,1,7200,300,6900
L00005238,T0002116,SNK001,1,3800,300,3500
L00005239,T0002117,SNK003,2,5300,0,10600
L00005240,T0002117,DES002,1,6100,0,6100
L00005241,T0002117,HOU001,1,3000,500,2500
L00005242,T0002117,SNK003,1,5300,200,5100
L00005243,T0002118,RTE004,1,8600,500,8100
L00005244,T0002118,BEV004,1,2800,0,2800
L00005245,T0002118,DES001,1,3200,0,3200
L00005246,T0002119,SNK001,2,4000,0,8000
L00005247,T0002120,HOU003,1,7100,0,7100
L00005248,T0002120,BEV002,1,2000,200,1800
L00005249,T0002120,BEV001,1,2700,500,2200
L00005250,T0002120,SNK002,1,4400,0,4400
L00005251,T0002121,BEV001,1,2500,300,2200
L00005252,T0002122,RTE004,1,8800,300,8500
L00005253,T0002122,SNK004,1,2800,0,2800
L00005254,T0002122,RTE001,1,6700,0,6700
L00005255,T0002123,BEV002,1,1900,0,1900
L00005256,T0002123,DES003,3,3500,300,10200
L00005257,T0002124,HOU001,1,2900,500,2400
L00005258,T0002125,RTE004,1,8700,0,8700
L00005259,T0002125,SNK002,1,4300,0,4300
L00005260,T0002125,SNK001,1,3900,0,3900
L00005261,T0002125,RTE002,2,7400,200,14600
L00005262,T0002125,BEV003,2,4000,0,8000
L00005263,T0002126,RTE003,1,4800,200,4600
L00005264,T0002126,RTE003,1,5000,0,5000
L00005265,T0002127,SNK004,1,3000,500,2500
L00005266,T0002128,HOU003,2,6700,0,13400
L00005267,T0002128,SNK004,1,2900,0,2900
L00005268,T0002128,HOU003,1,7000,200,6800
L00005269,T0002129,BEV004,1,2400,300,2100
L00005270,T0002129,SNK002,2,4000,300,7700
L00005271,T0002130,BEV001,1,2500,0,2500
L00005272,T0002130,RTE001,1,6500,0,6500
L00005273,T0002130,HOU001,1,3100,0,3100
L00005274,T0002131,SNK001,2,3800,0,7600
L00005275,T0002132,BEV003,1,4200,200,4000
L00005276,T0002132,DES002,1,5700,0,5700
L00005277,T0002132,DES001,1,3200,500,2700
L00005278,T0002132,SNK001,2,4000,500,7500
L00005279,T0002133,RTE002,1,7300,300,7000
L00005280,T0002133,SNK002,1,4400,500,3900
L00005281,T0002134,BEV001,1,2300,500,1800
L00005282,T0002134,DES001,2,3100,200,6000
L00005283,T0002134,SNK004,1,3000,0,3000
L00005284,T0002134,RTE002,1,7400,0,7400
L00005285,T0002134,BEV003,1,4000,0,4000
L00005286,T0002135,HOU002,1,2300,500,1800
L00005287,T0002136,RTE003,1,4800,200,4600
L00005288,T0002136,SNK003,3,5000,300,14700
L00005289,T0002136,RTE004,1,8800,500,8300
L00005290,T0002136,DES002,1,6000,0,6000
L00005291,T0002136,BEV002,2,1800,0,3600
L00005292,T0002137,SNK001,2,3600,0,7200
L00005293,T0002137,DES003,1,3300,0,3300
L00005294,T0002137,RTE001,1,6500,500,6000
L00005295,T0002137,BEV001,2,2300,0,4600
L00005296,T0002137,RTE003,1,5000,300,4700
L00005297,T0002138,DES001,1,3300,0,3300
L00005298,T0002139,RTE004,2,8700,300,17100
L00005299,T0002139,BEV003,2,4200,300,8100
L00005300,T0002139,BEV003,1,4200,0,4200
L00005301,T0002140,DES001,1,3100,0,3100
L00005302,T0002140,BEV001,1,2300,0,2300
L00005303,T0002140,BEV003,1,4200,200,4000
L00005304,T0002140,SNK002,1,4400,0,4400
L00005305,T0002141,SNK002,1,4000,0,4000
L00005306,T0002142,HOU001,1,2700,0,2700
L00005307,T0002143,BEV003,1,4300,300,4000
L00005308,T0002143,BEV004,1,2700,0,2700
L00005309,T0002143,SNK003,1,5000,500,4500
L00005310,T0002144,RTE003,1,4600,500,4100
L00005311,T0002144,SNK003,1,5400,300,5100
L00005312,T0002144,DES002,1,5700,0,5700
L00005313,T0002144,SNK002,1,4200,0,4200
L00005314,T0002145,SNK003,1,5000,0,5000
L00005315,T0002145,BEV003,2,4400,300,8500
L00005316,T0002146,RTE001,1,6700,300,6400
L00005317,T0002146,HOU003,1,7000,200,6800
L00005318,T0002146,BEV003,1,4000,500,3500
L00005319,T0002146,RTE002,1,7400,0,7400
L00005320,T0002147,RTE001,1,6300,0,6300
L00005321,T0002148,HOU003,1,6900,300,6600
L00005322,T0002148,RTE003,1,5000,0,5000
L00005323,T0002149,HOU003,1,6700,500,6200
L00005324,T0002149,SNK003,1,5300,0,5300
L00005325,T0002149,RTE004,1,8700,0,8700
L00005326,T0002150,BEV004,2,2600,200,5000
L00005327,T0002151,BEV003,1,4400,0,4400
L00005328,T0002151,HOU001,1,3100,300,2800
L00005329,T0002152,HOU001,1,3100,200,2900
L00005330,T0002153,HOU002,1,2400,300,2100
L00005331,T0002153,DES001,1,3100,0,3100
L00005332,T0002153,SNK002,2,4200,500,7900
L00005333,T0002154,SNK002,1,4200,300,3900
L00005334,T0002154,DES002,1,5900,500,5400
L00005335,T0002154,RTE004,1,8600,0,8600
L00005336,T0002154,BEV003,1,4000,200,3800
L00005337,T0002155,DES002,1,6100,200,5900
L00005338,T0002155,HOU003,1,7000,500,6500
L00005339,T0002155,BEV001,1,2500,200,2300
L00005340,T0002156,SNK004,1,2900,0,2900
L00005341,T0002156,SNK004,1,3000,200,2800
L00005342,T0002156,BEV003,1,4200,0,4200
L00005343,T0002156,DES003,1,3700,0,3700
L00005344,T0002157,HOU001,1,3000,200,2800
L00005345,T0002157,BEV002,2,1900,0,3800
L00005346,T0002157,SNK003,1,5200,0,5200
L00005347,T0002157,RTE004,1,8400,500,7900
L00005348,T0002157,HOU003,1,7100,0,7100
L00005349,T0002158,DES003,1,3600,0,3600
L00005350,T0002158,BEV001,1,2500,0,2500
L00005351,T0002159,DES002,1,6100,200,5900
L00005352,T0002159,DES001,1,3200,0,3200
L00005353,T0002159,RTE003,1,4800,0,4800
L00005354,T0002159,HOU001,1,2700,0,2700
L00005355,T0002159,SNK001,1,3600,500,3100
L00005356,T0002160,HOU002,2,2300,0,4600
L00005357,T0002160,SNK001,1,4000,300,3700
L00005358,T0002160,RTE004,1,8800,300,8500
L00005359,T0002161,SNK001,1,3600,0,3600
L00005360,T0002162,HOU001,2,3000,0,6000
L00005361,T0002163,BEV002,1,2000,0,2000
L00005362,T0002163,DES001,1,3300,200,3100
L00005363,T0002163,BEV004,2,2400,0,4800
L00005364,T0002163,HOU001,1,2900,0,2900
L00005365,T0002163,BEV004,1,2400,200,2200
L00005366,T0002164,RTE003,1,4600,0,4600
L00005367,T0002165,RTE003,1,5000,300,4700
L00005368,T0002165,SNK002,2,4400,0,8800
L00005369,T0002166,HOU001,2,3100,300,5900
L00005370,T0002166,DES001,1,3300,0,3300
L00005371,T0002167,DES003,1,3500,300,3200
L00005372,T0002168,HOU001,1,2700,0,2700
L00005373,T0002168,BEV003,1,4300,0,4300
L00005374,T0002168,RTE004,1,8400,0,8400
L00005375,T0002169,BEV003,1,4200,500,3700
L00005376,T0002170,SNK001,1,3900,0,3900
L00005377,T0002170,DES001,1,3300,0,3300
L00005378,T0002170,BEV002,2,1800,300,3300
L00005379,T0002170,RTE003,1,4800,0,4800
L00005380,T0002171,SNK004,1,2800,0,2800
L00005381,T0002171,RTE003,2,4800,300,9300
L00005382,T0002171,SNK003,1,5200,500,4700
L00005383,T0002172,BEV004,1,2600,0,2600
L00005384,T0002173,BEV001,1,2500,300,2200
L00005385,T0002174,RTE002,1,7200,0,7200
L00005386,T0002174,BEV003,1,4300,500,3800
L00005387,T0002174,SNK003,1,5000,0,5000
L00005388,T0002175,HOU002,3,2300,0,6900
L00005389,T0002175,BEV002,1,1800,300,1500
L00005390,T0002175,BEV004,3,2600,300,7500
L00005391,T0002176,SNK003,2,5200,300,10100
L00005392,T0002176,RTE002,1,7300,300,7000
L00005393,T0002176,RTE001,3,6600,0,19800
L00005394,T0002177,BEV001,1,2600,0,2600
L00005395,T0002177,SNK001,1,3600,0,3600
L00005396,T0002177,RTE001,2,6500,300,12700
L00005397,T0002177,BEV002,1,1900,200,1700
L00005398,T0002177,BEV001,1,2500,500,2000
L00005399,T0002178,DES003,1,3500,300,3200
L00005400,T0002178,RTE002,1,7200,0,7200
L00005401,T0002179,BEV003,3,4200,0,12600
L00005402,T0002179,DES003,1,3500,0,3500
L00005403,T0002179,RTE002,1,7000,300,6700
L00005404,T0002179,HOU002,1,2300,0,2300
L00005405,T0002179,HOU002,1,2300,300,2000
L00005406,T0002180,HOU001,2,2700,0,5400
L00005407,T0002181,RTE004,2,8600,300,16900
L00005408,T0002181,RTE003,1,4800,300,4500
L00005409,T0002182,HOU001,2,3000,300,5700
L00005410,T0002182,SNK003,1,5000,0,5000
L00005411,T0002183,DES002,1,6000,300,5700
L00005412,T0002183,RTE004,2,8400,0,16800
L00005413,T0002183,BEV004,1,2800,0,2800
L00005414,T0002184,DES001,1,3300,300,3000
L00005415,T0002184,DES003,1,3300,500,2800
L00005416,T0002184,SNK001,2,3800,0,7600
L00005417,T0002184,HOU001,2,2700,0,5400
L00005418,T0002185,HOU002,1,2500,200,2300
L00005419,T0002186,RTE004,2,8700,500,16900
L00005420,T0002186,RTE004,2,8600,300,16900
L00005421,T0002187,DES003,3,3600,300,10500
L00005422,T0002187,HOU002,2,2400,0,4800
L00005423,T0002187,HOU001,1,2700,500,2200
L00005424,T0002188,BEV003,1,4200,500,3700
L00005425,T0002188,HOU002,1,2500,300,2200
L00005426,T0002188,DES003,1,3500,200,3300
L00005427,T0002189,HOU001,1,2900,500,2400
L00005428,T0002189,SNK002,1,4000,300,3700
L00005429,T0002190,RTE003,2,5000,200,9800
L00005430,T0002191,DES001,1,3300,0,3300
L00005431,T0002192,SNK001,1,3800,200,3600
L00005432,T0002192,DES003,1,3700,0,3700
L00005433,T0002192,BEV004,3,2800,0,8400
L00005434,T0002193,RTE002,1,7300,200,7100
L00005435,T0002193,HOU003,1,6900,0,6900
L00005436,T0002194,BEV001,1,2600,0,2600
L00005437,T0002195,SNK001,1,3600,300,3300
L00005438,T0002195,HOU003,1,7100,0,7100
L00005439,T0002195,DES002,2,6100,0,12200
L00005440,T0002196,RTE002,1,7000,0,7000
L00005441,T0002196,BEV001,1,2500,500,2000
L00005442,T0002197,RTE002,1,7000,300,6700
L00005443,T0002198,SNK003,1,5200,0,5200
L00005444,T0002199,BEV002,1,1800,0,1800
L00005445,T0002200,SNK004,1,3000,200,2800
L00005446,T0002200,HOU002,1,2400,0,2400
L00005447,T0002200,DES003,1,3500,0,3500
L00005448,T0002201,RTE001,1,6500,0,6500
L00005449,T0002201,BEV001,1,2600,0,2600
L00005450,T0002202,DES002,1,5900,0,5900
L00005451,T0002202,DES002,3,5900,0,17700
L00005452,T0002203,DES002,1,6100,300,5800
L00005453,T0002203,RTE003,1,4800,300,4500
L00005454,T0002204,BEV003,2,4400,500,8300
L00005455,T0002205,DES001,1,3100,200,2900
L00005456,T0002205,HOU002,1,2300,200,2100
L00005457,T0002206,BEV002,2,1800,500,3100
L00005458,T0002206,BEV003,1,4200,200,4000
L00005459,T0002207,HOU001,1,3000,500,2500
L00005460,T0002207,SNK002,1,4200,0,4200
L00005461,T0002207,DES002,2,6000,0,12000
L00005462,T0002208,BEV004,1,2400,0,2400
L00005463,T0002208,DES001,1,3100,500,2600
L00005464,T0002209,DES003,2,3700,0,7400
L00005465,T0002209,DES002,1,5900,0,5900
L00005466,T0002209,BEV002,1,2000,300,1700
L00005467,T0002210,BEV003,1,4000,500,3500
L00005468,T0002210,RTE001,1,6500,200,6300
L00005469,T0002211,SNK004,1,3000,0,3000
L00005470,T0002212,HOU002,1,2100,0,2100
L00005471,T0002212,BEV001,1,2300,300,2000
L00005472,T0002213,RTE003,1,5000,300,4700
L00005473,T0002213,SNK004,1,2800,0,2800
L00005474,T0002214,DES003,1,3500,0,3500
L00005475,T0002214,RTE002,1,7000,300,6700
L00005476,T0002215,SNK002,1,4200,200,4000
L00005477,T0002215,HOU001,1,2900,0,2900
L00005478,T0002216,SNK002,2,4000,200,7800
L00005479,T0002216,DES003,2,3500,0,7000
L00005480,T0002217,RTE003,1,4900,0,4900
L00005481,T0002217,DES001,1,2900,0,2900
L00005482,T0002217,RTE004,1,8600,200,8400
L00005483,T0002217,BEV004,1,2600,0,2600
L00005484,T0002218,RTE001,1,6600,0,6600
L00005485,T0002218,BEV001,2,2600,200,5000
L00005486,T0002218,BEV001,1,2500,0,2500
L00005487,T0002218,HOU003,1,7100,0,7100
L00005488,T0002219,BEV004,1,2600,200,2400
L00005489,T0002219,DES001,1,2900,500,2400
L00005490,T0002219,SNK004,2,2800,300,5300
L00005491,T0002220,SNK004,1,2900,300,2600
L00005492,T0002220,SNK001,2,4000,0,8000
L00005493,T0002220,BEV004,1,2700,0,2700
L00005494,T0002220,BEV004,1,2400,0,2400
L00005495,T0002221,RTE004,1,8600,0,8600
L00005496,T0002221,RTE004,1,8400,500,7900
L00005497,T0002221,HOU003,1,6700,300,6400
L00005498,T0002221,DES002,1,6100,0,6100
L00005499,T0002222,HOU003,2,7000,500,13500
L00005500,T0002223,RTE003,1,4800,0,4800
L00005501,T0002223,RTE003,2,4900,200,9600
L00005502,T0002223,SNK001,1,3900,300,3600
L00005503,T0002223,RTE001,1,6300,200,6100
L00005504,T0002224,DES003,2,3600,200,7000
L00005505,T0002225,BEV003,1,4300,300,4000
L00005506,T0002225,BEV002,1,2000,0,2000
L00005507,T0002225,RTE004,1,8400,0,8400
L00005508,T0002226,DES002,1,6100,500,5600
L00005509,T0002227,HOU001,1,3000,0,3000
L00005510,T0002228,BEV002,2,1800,500,3100
L00005511,T0002229,SNK002,1,4400,200,4200
L00005512,T0002229,BEV002,2,1900,0,3800
L00005513,T0002230,DES001,1,3200,0,3200
L00005514,T0002231,RTE001,1,6700,0,6700
L00005515,T0002231,DES001,1,3200,200,3000
L00005516,T0002231,SNK001,1,3800,0,3800
L00005517,T0002231,BEV003,2,4200,0,8400
L00005518,T0002232,DES001,1,3100,500,2600
L00005519,T0002233,SNK004,1,2800,0,2800
L00005520,T0002233,DES003,1,3300,300,3000
L00005521,T0002234,SNK003,1,5200,0,5200
L00005522,T0002234,BEV001,1,2500,200,2300
L00005523,T0002234,SNK001,1,4000,500,3500
L00005524,T0002235,BEV004,1,2700,0,2700
L00005525,T0002236,RTE001,1,6500,500,6000
L00005526,T0002237,SNK003,1,5400,200,5200
L00005527,T0002238,SNK004,1,2800,0,2800
L00005528,T0002238,BEV003,1,4200,200,4000
L00005529,T0002238,DES002,1,5900,0,5900
L00005530,T0002238,HOU003,3,6700,0,20100
L00005531,T0002239,RTE003,1,4900,200,4700
L00005532,T0002239,DES003,1,3500,200,3300
L00005533,T0002240,RTE002,1,7000,200,6800
L00005534,T0002240,BEV001,2,2300,300,4300
L00005535,T0002241,SNK003,1,5200,0,5200
L00005536,T0002242,DES002,2,5900,0,11800
L00005537,T0002242,SNK004,1,2600,500,2100
L00005538,T0002242,BEV001,2,2500,500,4500
L00005539,T0002243,BEV001,2,2500,500,4500
L00005540,T0002244,DES002,2,6100,0,12200
L00005541,T0002245,HOU001,3,2900,300,8400
L00005542,T0002245,BEV002,1,2000,0,2000
L00005543,T0002245,HOU003,1,6900,500,6400
L00005544,T0002246,SNK004,2,2900,0,5800
L00005545,T0002246,HOU003,1,7100,200,6900
L00005546,T0002246,RTE001,1,6500,200,6300
L00005547,T0002246,DES003,1,3700,0,3700
L00005548,T0002247,HOU002,1,2100,0,2100
L00005549,T0002247,RTE001,1,6700,500,6200
L00005550,T0002247,HOU002,1,2300,300,2000
L00005551,T0002247,BEV001,2,2600,500,4700
L00005552,T0002247,HOU002,1,2300,500,1800
L00005553,T0002248,DES003,1,3500,0,3500
L00005554,T0002249,SNK003,1,5200,0,5200
L00005555,T0002249,RTE003,2,4600,200,9000
L00005556,T0002249,SNK004,2,2900,0,5800
L00005557,T0002249,DES002,1,5900,0,5900
L00005558,T0002249,HOU002,1,2300,500,1800
L00005559,T0002250,RTE001,1,6500,200,6300
L00005560,T0002250,HOU001,1,2900,0,2900
L00005561,T0002250,BEV001,1,2500,0,2500
L00005562,T0002250,HOU001,1,2700,0,2700
L00005563,T0002251,DES002,1,5900,0,5900
L00005564,T0002251,DES001,1,3200,0,3200
L00005565,T0002251,RTE004,2,8600,0,17200
L00005566,T0002252,RTE002,3,7000,200,20800
L00005567,T0002252,BEV001,1,2500,500,2000
L00005568,T0002252,BEV002,1,1600,300,1300
L00005569,T0002252,HOU002,1,2400,0,2400
L00005570,T0002253,BEV004,1,2800,500,2300
L00005571,T0002253,RTE003,2,4900,0,9800
L00005572,T0002253,HOU001,1,2900,200,2700
L00005573,T0002253,SNK004,1,2800,0,2800
L00005574,T0002254,HOU002,1,2500,0,2500
L00005575,T0002254,HOU001,1,2700,500,2200
L00005576,T0002255,SNK002,1,4300,0,4300
L00005577,T0002255,RTE004,1,8600,500,8100
L00005578,T0002255,DES001,1,3300,200,3100
L00005579,T0002255,BEV004,1,2400,0,2400
L00005580,T0002256,BEV003,1,4300,500,3800
L00005581,T0002256,SNK003,2,5000,0,10000
L00005582,T0002257,HOU003,1,6700,0,6700
L00005583,T0002258,SNK003,2,5400,200,10600
L00005584,T0002258,BEV004,1,2400,300,2100
L00005585,T0002259,BEV004,1,2600,300,2300
L00005586,T0002259,DES001,1,3200,500,2700
L00005587,T0002259,BEV003,1,4400,200,4200
L00005588,T0002260,HOU002,1,2300,0,2300
L00005589,T0002260,BEV001,3,2500,0,7500
L00005590,T0002260,RTE004,1,8700,0,8700
L00005591,T0002260,RTE003,1,4900,0,4900
L00005592,T0002260,RTE004,2,8600,0,17200
L00005593,T0002261,DES001,1,3100,0,3100
L00005594,T0002261,DES001,3,3200,200,9400
L00005595,T0002261,SNK001,1,3600,200,3400
L00005596,T0002261,SNK001,1,3900,0,3900
L00005597,T0002261,BEV003,1,4400,0,4400
L00005598,T0002262,HOU002,1,2300,0,2300
L00005599,T0002262,DES001,1,3200,0,3200
L00005600,T0002262,RTE002,1,7000,0,7000
L00005601,T0002263,SNK002,1,4200,0,4200
L00005602,T0002263,RTE003,1,5000,300,4700
L00005603,T0002264,RTE001,1,6600,0,6600
L00005604,T0002264,SNK002,2,4300,0,8600
L00005605,T0002264,RTE002,1,7200,500,6700
L00005606,T0002265,SNK003,2,5200,300,10100
L00005607,T0002265,DES002,1,6000,0,6000
L00005608,T0002265,SNK003,1,5400,0,5400
L00005609,T0002265,BEV001,1,2500,200,2300
L00005610,T0002266,SNK003,1,5000,300,4700
L00005611,T0002266,BEV001,1,2300,500,1800
L00005612,T0002267,SNK002,1,4200,0,4200
L00005613,T0002267,RTE003,2,4800,300,9300
L00005614,T0002267,RTE002,1,7200,200,7000
L00005615,T0002268,RTE003,1,4600,0,4600
L00005616,T0002268,BEV003,1,4200,0,4200
L00005617,T0002268,RTE001,1,6600,300,6300
L00005618,T0002269,SNK002,1,4000,0,4000
L00005619,T0002269,HOU001,1,2900,500,2400
L00005620,T0002270,BEV003,1,4200,300,3900
L00005621,T0002271,RTE001,1,6500,500,6000
L00005622,T0002272,SNK001,1,3600,0,3600
L00005623,T0002272,BEV004,1,2700,300,2400
L00005624,T0002272,BEV003,1,4000,0,4000
L00005625,T0002272,RTE003,1,4800,200,4600
L00005626,T0002272,RTE003,1,5000,0,5000
L00005627,T0002273,SNK003,1,5200,200,5000
L00005628,T0002274,SNK001,2,3800,0,7600
L00005629,T0002274,BEV004,1,2800,200,2600
L00005630,T0002275,BEV004,1,2800,0,2800
L00005631,T0002275,DES001,1,2900,300,2600
L00005632,T0002275,HOU001,1,2900,0,2900
L00005633,T0002275,RTE002,1,7200,500,6700
L00005634,T0002275,SNK003,1,5200,500,4700
L00005635,T0002276,DES003,1,3600,200,3400
L00005636,T0002276,DES003,1,3700,500,3200
L00005637,T0002276,HOU003,1,6900,0,6900
L00005638,T0002276,BEV004,1,2700,500,2200
L00005639,T0002277,SNK003,2,5000,300,9700
L00005640,T0002277,DES002,1,6000,500,5500
L00005641,T0002277,SNK002,1,4200,500,3700
L00005642,T0002278,RTE001,1,6500,300,6200
L00005643,T0002278,RTE004,1,8600,500,8100
L00005644,T0002278,HOU003,1,6900,300,6600
L00005645,T0002278,DES001,1,3100,0,3100
L00005646,T0002278,BEV004,1,2600,0,2600
L00005647,T0002279,SNK001,1,3800,500,3300
L00005648,T0002279,BEV004,2,2600,300,4900
L00005649,T0002279,BEV004,1,2600,0,2600
L00005650,T0002280,RTE003,2,5000,0,10000
L00005651,T0002280,DES002,1,6100,200,5900
L00005652,T0002280,HOU003,1,7000,0,7000
L00005653,T0002280,HOU002,2,2100,0,4200
L00005654,T0002281,BEV001,1,2600,500,2100
L00005655,T0002281,RTE003,2,4800,200,9400
L00005656,T0002282,BEV003,1,4200,0,4200
L00005657,T0002282,HOU003,2,7000,500,13500
L00005658,T0002282,SNK001,1,4000,200,3800
L00005659,T0002283,HOU002,1,2500,0,2500
L00005660,T0002283,HOU003,2,6900,200,13600
L00005661,T0002283,DES002,1,5700,300,5400
L00005662,T0002283,RTE002,1,7200,200,7000
L00005663,T0002283,RTE002,1,7200,200,7000
L00005664,T0002284,BEV004,1,2400,500,1900
L00005665,T0002285,HOU003,3,6900,300,20400
L00005666,T0002285,DES001,3,3300,0,9900
L00005667,T0002285,DES002,1,6100,300,5800
L00005668,T0002286,RTE001,1,6700,500,6200
L00005669,T0002286,RTE001,1,6600,0,6600
L00005670,T0002286,DES002,1,6100,300,5800
L00005671,T0002286,BEV001,2,2700,0,5400
L00005672,T0002286,HOU001,1,3000,0,3000
L00005673,T0002287,BEV003,1,4200,500,3700
L00005674,T0002287,SNK001,1,3900,0,3900
L00005675,T0002288,BEV003,1,4400,0,4400
L00005676,T0002288,SNK004,1,2900,500,2400
L00005677,T0002289,SNK004,1,2800,0,2800
L00005678,T0002289,SNK001,1,4000,500,3500
L00005679,T0002290,HOU001,1,3100,500,2600
L00005680,T0002291,BEV002,1,2000,0,2000
L00005681,T0002291,RTE004,1,8400,0,8400
L00005682,T0002292,RTE001,1,6500,0,6500
L00005683,T0002292,DES003,2,3600,500,6700
L00005684,T0002292,HOU003,2,6900,500,13300
L00005685,T0002293,RTE004,1,8800,500,8300
L00005686,T0002293,BEV002,2,1900,0,3800
L00005687,T0002293,RTE002,1,7300,200,7100
L00005688,T0002293,DES001,2,2900,0,5800
L00005689,T0002294,DES002,1,6000,0,6000
L00005690,T0002295,DES002,2,5700,300,11100
L00005691,T0002295,SNK001,1,3900,300,3600
L00005692,T0002296,RTE002,1,7200,200,7000
L00005693,T0002297,BEV003,1,4000,300,3700
L00005694,T0002297,HOU003,1,6700,300,6400
L00005695,T0002297,RTE004,1,8600,200,8400
L00005696,T0002297,SNK003,1,5200,500,4700
L00005697,T0002297,BEV001,1,2300,0,2300
L00005698,T0002298,BEV004,1,2700,0,2700
L00005699,T0002298,SNK003,1,5300,500,4800
L00005700,T0002298,RTE003,1,4600,0,4600
L00005701,T0002298,DES001,1,3200,300,2900
L00005702,T0002299,HOU002,1,2100,200,1900
L00005703,T0002300,SNK003,1,5200,0,5200
L00005704,T0002300,DES003,1,3300,0,3300
L00005705,T0002300,HOU001,1,3100,0,3100
L00005706,T0002301,BEV002,1,1800,500,1300
L00005707,T0002301,BEV001,1,2600,300,2300
L00005708,T0002302,RTE003,1,5000,500,4500
L00005709,T0002302,RTE002,1,7200,300,6900
L00005710,T0002302,DES002,1,5700,0,5700
L00005711,T0002303,SNK002,1,4200,500,3700
L00005712,T0002303,BEV004,1,2600,500,2100
L00005713,T0002304,RTE004,2,8600,500,16700
L00005714,T0002305,DES001,3,3100,0,9300
L00005715,T0002305,HOU002,1,2100,0,2100
L00005716,T0002306,RTE001,1,6700,0,6700
L00005717,T0002306,HOU001,1,3100,300,2800
L00005718,T0002307,BEV001,1,2700,300,2400
L00005719,T0002308,RTE004,1,8600,0,8600
L00005720,T0002308,BEV003,1,4300,0,4300
L00005721,T0002308,DES002,1,5700,0,5700
L00005722,T0002309,SNK001,1,3800,0,3800
L00005723,T0002309,RTE001,2,6600,0,13200
L00005724,T0002309,SNK003,1,5200,0,5200
L00005725,T0002309,HOU002,2,2100,200,4000
L00005726,T0002310,BEV001,1,2500,200,2300
L00005727,T0002311,SNK001,1,3600,0,3600
L00005728,T0002311,SNK003,2,5400,0,10800
L00005729,T0002312,BEV004,1,2700,0,2700
L00005730,T0002313,BEV001,1,2500,0,2500
L00005731,T0002313,BEV004,1,2400,200,2200
L00005732,T0002313,BEV001,1,2700,200,2500
L00005733,T0002314,BEV004,2,2600,0,5200
L00005734,T0002314,HOU001,1,3000,300,2700
L00005735,T0002315,RTE002,1,7300,0,7300
L00005736,T0002315,DES001,2,3300,500,6100
L00005737,T0002316,RTE001,1,6600,500,6100
L00005738,T0002316,BEV001,1,2600,0,2600
L00005739,T0002316,BEV001,1,2500,0,2500
L00005740,T0002316,RTE004,1,8600,300,8300
L00005741,T0002316,BEV004,1,2400,500,1900
L00005742,T0002317,RTE003,1,4800,500,4300
L00005743,T0002317,HOU002,1,2300,500,1800
L00005744,T0002317,RTE001,1,6600,500,6100
L00005745,T0002317,RTE004,2,8600,0,17200
L00005746,T0002318,BEV001,1,2600,0,2600
L00005747,T0002318,DES001,1,3300,200,3100
L00005748,T0002318,BEV001,1,2700,300,2400
L00005749,T0002318,HOU003,1,6900,200,6700
L00005750,T0002319,SNK003,2,5300,0,10600
L00005751,T0002319,RTE004,1,8800,200,8600
L00005752,T0002319,DES002,2,6100,0,12200
L00005753,T0002320,BEV002,1,1900,0,1900
L00005754,T0002320,BEV002,1,2000,200,1800
L00005755,T0002321,BEV002,1,1800,500,1300
L00005756,T0002322,DES003,1,3600,500,3100
L00005757,T0002323,SNK003,1,5300,0,5300
L00005758,T0002323,RTE004,1,8400,0,8400
L00005759,T0002324,SNK004,2,2800,200,5400
L00005760,T0002324,HOU003,2,7100,0,14200
L00005761,T0002324,HOU002,2,2100,0,4200
L00005762,T0002325,HOU002,1,2300,0,2300
L00005763,T0002325,RTE003,1,4800,500,4300
L00005764,T0002325,BEV003,1,4400,300,4100
L00005765,T0002326,DES003,1,3300,300,3000
L00005766,T0002327,RTE001,1,6500,0,6500
L00005767,T0002327,SNK002,3,4000,300,11700
L00005768,T0002328,DES002,2,6100,0,12200
L00005769,T0002328,DES002,1,6000,0,6000
L00005770,T0002329,DES002,1,5900,500,5400
L00005771,T0002330,RTE004,1,8600,500,8100
L00005772,T0002330,RTE002,1,7000,200,6800
L00005773,T0002330,RTE003,1,4800,0,4800
L00005774,T0002331,DES001,1,2900,0,2900
L00005775,T0002331,DES003,2,3300,200,6400
L00005776,T0002331,SNK003,1,5200,0,5200
L00005777,T0002332,DES002,2,5700,0,11400
L00005778,T0002332,RTE003,2,4900,0,9800
L00005779,T0002332,BEV003,1,4200,500,3700
L00005780,T0002332,DES002,1,5700,0,5700
L00005781,T0002333,DES003,1,3300,300,3000
L00005782,T0002333,SNK003,1,5200,0,5200
L00005783,T0002334,RTE003,1,4800,0,4800
L00005784,T0002334,SNK003,1,5400,0,5400
L00005785,T0002334,RTE001,1,6500,0,6500
L00005786,T0002335,HOU003,1,6900,0,6900
L00005787,T0002336,BEV004,3,2400,0,7200
L00005788,T0002336,SNK002,1,4000,500,3500
L00005789,T0002336,DES002,1,5900,0,5900
L00005790,T0002337,BEV004,1,2400,300,2100
L00005791,T0002337,BEV003,1,4000,200,3800
L00005792,T0002338,HOU003,1,7100,300,6800
L00005793,T0002338,SNK003,1,5400,500,4900
L00005794,T0002339,SNK004,1,2600,0,2600
L00005795,T0002340,HOU002,1,2400,0,2400
L00005796,T0002340,BEV003,1,4200,0,4200
L00005797,T0002341,SNK003,1,5000,300,4700
L00005798,T0002341,RTE002,2,7400,0,14800
L00005799,T0002342,DES002,1,6000,0,6000
L00005800,T0002342,BEV004,1,2600,0,2600
L00005801,T0002342,BEV004,1,2600,200,2400
L00005802,T0002342,BEV003,1,4200,0,4200
L00005803,T0002343,RTE002,1,7300,0,7300
L00005804,T0002343,DES002,1,5900,0,5900
L00005805,T0002343,RTE001,1,6600,300,6300
L00005806,T0002343,RTE004,1,8600,0,8600
L00005807,T0002344,RTE004,1,8600,300,8300
L00005808,T0002344,RTE004,1,8400,0,8400
L00005809,T0002345,SNK003,2,5400,500,10300
L00005810,T0002345,BEV003,1,4300,0,4300
L00005811,T0002345,BEV001,1,2700,0,2700
L00005812,T0002346,SNK004,1,2800,500,2300
L00005813,T0002346,SNK003,1,5400,300,5100
L00005814,T0002346,DES001,1,3100,200,2900
L00005815,T0002347,HOU003,1,7000,200,6800
L00005816,T0002347,DES002,2,5900,200,11600
L00005817,T0002348,BEV001,2,2500,0,5000
L00005818,T0002348,RTE002,1,7400,0,7400
L00005819,T0002348,SNK002,2,4000,0,8000
L00005820,T0002349,RTE001,1,6500,300,6200
L00005821,T0002350,SNK003,2,5200,0,10400
L00005822,T0002351,BEV002,1,1900,500,1400
L00005823,T0002351,BEV003,1,4200,0,4200
L00005824,T0002351,DES001,1,3100,0,3100
L00005825,T0002351,SNK002,1,4300,200,4100
L00005826,T0002351,BEV002,2,1800,300,3300
L00005827,T0002352,HOU001,1,3000,500,2500
L00005828,T0002353,DES002,2,6000,300,11700
L00005829,T0002353,BEV001,2,2700,0,5400
L00005830,T0002353,BEV002,1,1800,300,1500
L00005831,T0002354,DES001,2,3300,0,6600
L00005832,T0002355,SNK002,1,4400,0,4400
L00005833,T0002356,SNK001,2,3800,0,7600
L00005834,T0002357,DES003,1,3500,0,3500
L00005835,T0002358,HOU002,1,2400,200,2200
L00005836,T0002358,SNK002,1,4000,300,3700
L00005837,T0002358,HOU002,1,2300,0,2300
L00005838,T0002359,DES001,1,3100,0,3100
L00005839,T0002359,SNK003,2,5400,0,10800
L00005840,T0002359,SNK002,1,4200,0,4200
L00005841,T0002359,BEV003,2,4300,200,8400
L00005842,T0002360,HOU002,1,2400,0,2400
L00005843,T0002361,DES001,1,3200,500,2700
L00005844,T0002361,BEV003,3,4200,200,12400
L00005845,T0002361,HOU003,1,6900,0,6900
L00005846,T0002361,SNK001,1,3800,300,3500
L00005847,T0002362,BEV004,1,2400,0,2400
L00005848,T0002362,SNK001,1,3900,0,3900
L00005849,T0002363,DES001,1,3300,0,3300
L00005850,T0002363,HOU003,2,7100,200,14000
L00005851,T0002363,HOU002,3,2400,300,6900
L00005852,T0002364,BEV003,1,4300,500,3800
L00005853,T0002364,HOU002,2,2300,0,4600
L00005854,T0002364,BEV003,2,4200,0,8400
L00005855,T0002364,DES001,2,3200,500,5900
L00005856,T0002365,HOU003,1,6900,500,6400
L00005857,T0002366,RTE003,1,4600,0,4600
L00005858,T0002366,BEV004,1,2700,0,2700
L00005859,T0002366,DES001,1,3300,0,3300
L00005860,T0002367,SNK002,1,4000,500,3500
L00005861,T0002367,DES002,1,6000,300,5700
L00005862,T0002367,DES003,1,3500,0,3500
L00005863,T0002368,BEV002,2,2000,200,3800
L00005864,T0002368,BEV001,1,2700,200,2500
L00005865,T0002369,HOU003,3,7100,300,21000
L00005866,T0002369,DES001,1,3100,500,2600
L00005867,T0002370,RTE004,1,8700,500,8200
L00005868,T0002370,DES003,1,3300,0,3300
L00005869,T0002370,RTE001,1,6300,0,6300
L00005870,T0002370,DES001,2,3100,500,5700
L00005871,T0002371,SNK001,2,4000,200,7800
L00005872,T0002371,BEV003,1,4300,0,4300
L00005873,T0002371,DES002,1,5900,0,5900
L00005874,T0002372,BEV002,1,1600,300,1300
L00005875,T0002372,RTE004,2,8800,500,17100
L00005876,T0002372,RTE003,1,4600,0,4600
L00005877,T0002372,RTE002,1,7200,0,7200
L00005878,T0002373,DES003,1,3500,0,3500
L00005879,T0002373,BEV001,2,2600,0,5200
L00005880,T0002374,RTE002,2,7000,0,14000
L00005881,T0002374,DES001,1,3200,0,3200
L00005882,T0002374,SNK002,2,4200,500,7900
L00005883,T0002375,DES002,1,5700,0,5700
L00005884,T0002375,RTE002,1,7200,500,6700
L00005885,T0002375,BEV002,1,2000,0,2000
L00005886,T0002376,DES003,1,3500,300,3200
L00005887,T0002377,HOU001,1,2700,300,2400
L00005888,T0002377,RTE004,2,8700,0,17400
L00005889,T0002378,BEV003,1,4400,0,4400
L00005890,T0002378,SNK003,2,5300,0,10600
L00005891,T0002379,SNK003,1,5200,300,4900
L00005892,T0002379,HOU001,1,2900,200,2700
L00005893,T0002379,SNK001,1,3800,200,3600
L00005894,T0002379,BEV002,1,1600,0,1600
L00005895,T0002379,DES001,1,3100,200,2900
L00005896,T0002380,RTE001,1,6500,300,6200
L00005897,T0002380,HOU003,1,7100,0,7100
L00005898,T0002380,DES001,2,3200,0,6400
L00005899,T0002380,HOU001,1,2700,200,2500
L00005900,T0002381,DES001,1,3300,0,3300
L00005901,T0002381,DES001,2,3200,300,6100
L00005902,T0002381,BEV004,1,2800,0,2800
L00005903,T0002382,DES001,1,2900,0,2900
L00005904,T0002382,RTE001,1,6600,0,6600
L00005905,T0002383,HOU003,1,6900,300,6600
L00005906,T0002384,HOU001,1,3100,500,2600
L00005907,T0002384,DES002,1,6000,300,5700
L00005908,T0002385,HOU003,1,7100,0,7100
L00005909,T0002385,BEV003,1,4200,0,4200
L00005910,T0002385,DES003,1,3500,300,3200
L00005911,T0002385,HOU003,1,7000,200,6800
L00005912,T0002385,SNK001,2,3800,300,7300
L00005913,T0002386,SNK002,2,4400,300,8500
L00005914,T0002386,BEV003,1,4300,0,4300
L00005915,T0002386,RTE004,1,8600,200,8400
L00005916,T0002387,RTE001,1,6500,0,6500
L00005917,T0002387,DES001,2,3100,0,6200
L00005918,T0002387,RTE003,2,4800,500,9100
L00005919,T0002388,SNK002,2,4200,0,8400
L00005920,T0002388,BEV001,2,2500,0,5000
L00005921,T0002388,HOU003,1,6900,200,6700
L00005922,T0002388,DES002,1,5900,0,5900
L00005923,T0002389,SNK004,1,2900,0,2900
L00005924,T0002390,SNK003,1,5200,500,4700
L00005925,T0002391,BEV001,2,2500,0,5000
L00005926,T0002391,DES003,1,3500,0,3500
L00005927,T0002391,RTE002,1,7200,0,7200
L00005928,T0002392,BEV004,1,2700,200,2500
L00005929,T0002392,HOU002,2,2300,0,4600
L00005930,T0002392,SNK002,1,4000,0,4000
L00005931,T0002392,HOU001,1,2700,0,2700
L00005932,T0002392,BEV004,1,2600,300,2300
L00005933,T0002393,HOU003,1,7000,200,6800
L00005934,T0002394,BEV004,1,2400,500,1900
L00005935,T0002394,SNK003,1,5400,0,5400
L00005936,T0002395,SNK003,3,5300,0,15900
L00005937,T0002395,HOU001,1,3000,200,2800
L00005938,T0002395,DES003,1,3500,200,3300
L00005939,T0002396,BEV004,1,2800,0,2800
L00005940,T0002397,SNK004,1,2800,500,2300
L00005941,T0002397,BEV002,1,1900,500,1400
L00005942,T0002397,RTE001,1,6600,200,6400
L00005943,T0002398,SNK004,1,3000,500,2500
L00005944,T0002399,RTE003,2,4600,0,9200
L00005945,T0002399,SNK002,1,4300,500,3800
L00005946,T0002399,BEV001,1,2300,300,2000
L00005947,T0002399,HOU003,1,6900,0,6900
L00005948,T0002399,BEV002,1,1900,0,1900
L00005949,T0002400,HOU002,1,2300,500,1800
L00005950,T0002400,RTE001,1,6600,0,6600
L00005951,T0002401,DES003,1,3300,0,3300
L00005952,T0002402,HOU001,3,3100,0,9300
L00005953,T0002403,RTE002,1,7000,0,7000
L00005954,T0002404,SNK003,1,5200,500,4700
L00005955,T0002405,BEV003,2,4400,200,8600
L00005956,T0002405,SNK004,1,2800,300,2500
L00005957,T0002406,RTE004,1,8700,0,8700
L00005958,T0002406,SNK001,1,4000,500,3500
L00005959,T0002407,HOU003,1,7000,0,7000
L00005960,T0002407,DES003,1,3700,0,3700
L00005961,T0002407,SNK003,1,5200,200,5000
L00005962,T0002407,RTE004,1,8400,200,8200
L00005963,T0002408,SNK001,3,3600,0,10800
L00005964,T0002408,RTE003,1,4900,500,4400
L00005965,T0002408,BEV002,1,2000,300,1700
L00005966,T0002409,BEV004,1,2600,200,2400
L00005967,T0002409,HOU003,1,6700,300,6400
L00005968,T0002410,RTE001,1,6700,500,6200
L00005969,T0002410,HOU003,1,6900,300,6600
L00005970,T0002410,SNK002,2,4200,0,8400
L00005971,T0002410,HOU003,1,7100,0,7100
L00005972,T0002411,DES001,1,3100,0,3100
L00005973,T0002411,SNK001,1,3900,500,3400
L00005974,T0002411,DES002,3,6100,0,18300
L00005975,T0002411,RTE002,2,7000,200,13800
L00005976,T0002412,BEV003,1,4000,0,4000
L00005977,T0002412,DES003,1,3300,300,3000
L00005978,T0002412,DES002,1,5900,500,5400
L00005979,T0002413,BEV001,1,2600,500,2100
L00005980,T0002413,BEV004,2,2400,300,4500
L00005981,T0002414,HOU003,1,6900,200,6700
L00005982,T0002414,BEV002,2,1800,500,3100
L00005983,T0002415,SNK004,1,2800,300,2500
L00005984,T0002415,BEV003,1,4200,500,3700
L00005985,T0002416,DES001,1,3300,0,3300
L00005986,T0002416,RTE001,1,6500,500,6000
L00005987,T0002416,SNK003,1,5200,0,5200
L00005988,T0002417,SNK001,1,3600,0,3600
L00005989,T0002417,RTE002,1,7000,500,6500
L00005990,T0002417,SNK004,1,3000,0,3000
L00005991,T0002417,HOU002,1,2400,200,2200
L00005992,T0002417,HOU003,1,6900,200,6700
L00005993,T0002418,RTE002,1,7000,300,6700
L00005994,T0002418,SNK004,1,2800,500,2300
L00005995,T0002418,DES002,1,5700,500,5200
L00005996,T0002419,SNK001,1,4000,300,3700
L00005997,T0002420,DES003,1,3500,0,3500
L00005998,T0002420,SNK004,1,2800,0,2800
L00005999,T0002421,BEV002,1,1900,300,1600
L00006000,T0002422,BEV003,1,4200,300,3900
L00006001,T0002422,DES002,1,5900,300,5600
L00006002,T0002422,HOU003,1,6700,0,6700
L00006003,T0002422,BEV004,1,2800,0,2800
L00006004,T0002422,SNK001,1,3800,500,3300
L00006005,T0002423,HOU003,1,6700,0,6700
L00006006,T0002424,HOU002,1,2100,0,2100
L00006007,T0002424,BEV002,1,1800,0,1800
L00006008,T0002424,RTE001,2,6300,200,12400
L00006009,T0002424,RTE001,1,6500,300,6200
L00006010,T0002425,SNK002,2,4200,300,8100
L00006011,T0002425,RTE003,1,5000,0,5000
L00006012,T0002426,HOU001,2,2700,200,5200
L00006013,T0002426,DES003,1,3300,300,3000
L00006014,T0002426,BEV003,1,4200,0,4200
L00006015,T0002426,RTE002,1,7200,500,6700
L00006016,T0002427,DES002,1,6000,0,6000
L00006017,T0002427,BEV003,1,4000,300,3700
L00006018,T0002427,HOU001,1,2700,0,2700
L00006019,T0002427,BEV002,1,1800,0,1800
L00006020,T0002428,SNK003,1,5400,0,5400
L00006021,T0002428,HOU002,2,2100,300,3900
L00006022,T0002429,HOU002,1,2500,0,2500
L00006023,T0002429,BEV003,1,4300,500,3800
L00006024,T0002429,DES002,3,5900,200,17500
L00006025,T0002430,SNK002,2,4300,300,8300
L00006026,T0002430,RTE002,1,7200,0,7200
L00006027,T0002430,DES001,1,2900,0,2900
L00006028,T0002430,HOU003,1,6700,0,6700
L00006029,T0002431,RTE004,1,8800,200,8600
L00006030,T0002432,HOU001,2,3000,0,6000
L00006031,T0002433,HOU001,1,2900,0,2900
L00006032,T0002433,DES001,1,3100,300,2800
L00006033,T0002433,BEV003,2,4400,0,8800
L00006034,T0002434,BEV003,1,4200,0,4200
L00006035,T0002434,HOU001,1,2900,300,2600
L00006036,T0002434,BEV003,1,4000,0,4000
L00006037,T0002435,DES002,1,5700,0,5700
L00006038,T0002435,DES002,1,6100,0,6100
L00006039,T0002436,SNK003,2,5000,300,9700
L00006040,T0002437,HOU003,1,7100,0,7100
L00006041,T0002437,RTE003,1,4900,0,4900
L00006042,T0002437,RTE004,2,8600,0,17200
L00006043,T0002438,BEV001,1,2300,0,2300
L00006044,T0002438,DES003,1,3300,200,3100
L00006045,T0002438,BEV004,2,2600,0,5200
L00006046,T0002438,SNK004,1,3000,0,3000
L00006047,T0002439,RTE002,1,7200,200,7000
L00006048,T0002439,DES003,2,3600,200,7000
L00006049,T0002439,HOU002,2,2100,0,4200
L00006050,T0002439,BEV002,1,1800,0,1800
L00006051,T0002440,BEV003,1,4300,0,4300
L00006052,T0002440,SNK001,1,3800,0,3800
L00006053,T0002441,BEV002,2,1900,500,3300
L00006054,T0002441,HOU003,1,7100,0,7100
L00006055,T0002442,RTE003,1,5000,300,4700
L00006056,T0002442,BEV003,1,4300,200,4100
L00006057,T0002443,DES001,1,3300,0,3300
L00006058,T0002443,HOU001,1,2700,300,2400
L00006059,T0002443,SNK004,1,2600,0,2600
L00006060,T0002443,DES001,1,3100,500,2600
L00006061,T0002444,SNK002,2,4000,0,8000
L00006062,T0002445,BEV004,1,2700,200,2500
L00006063,T0002445,RTE004,1,8700,0,8700
L00006064,T0002446,DES002,2,5900,200,11600
L00006065,T0002447,RTE001,1,6700,300,6400
L00006066,T0002447,BEV004,1,2600,0,2600
L00006067,T0002447,HOU002,1,2100,0,2100
L00006068,T0002447,BEV001,1,2500,0,2500
L00006069,T0002448,SNK004,1,2800,300,2500
L00006070,T0002448,DES003,3,3700,0,11100
L00006071,T0002448,DES003,1,3500,0,3500
L00006072,T0002449,BEV002,1,2000,0,2000
L00006073,T0002449,RTE001,1,6700,500,6200
L00006074,T0002449,SNK003,1,5400,0,5400
L00006075,T0002450,HOU003,1,6700,0,6700
L00006076,T0002451,DES001,1,2900,0,2900
L00006077,T0002451,SNK002,1,4200,500,3700
L00006078,T0002451,DES001,1,3100,0,3100
L00006079,T0002452,RTE001,2,6500,300,12700
L00006080,T0002452,BEV003,1,4200,200,4000
L00006081,T0002453,RTE001,1,6500,300,6200
L00006082,T0002453,HOU002,2,2100,0,4200
L00006083,T0002454,RTE003,2,4800,0,9600
L00006084,T0002455,BEV003,2,4000,500,7500
L00006085,T0002455,RTE002,1,7200,0,7200
L00006086,T0002455,SNK001,1,3800,0,3800
L00006087,T0002456,HOU001,1,2900,200,2700
L00006088,T0002456,SNK002,1,4200,500,3700
L00006089,T0002457,RTE003,1,5000,0,5000
L00006090,T0002457,HOU003,3,7100,300,21000
L00006091,T0002457,SNK003,1,5200,500,4700
L00006092,T0002457,SNK001,1,3900,500,3400
L00006093,T0002458,RTE003,1,4600,0,4600
L00006094,T0002459,BEV001,1,2300,300,2000
L00006095,T0002460,SNK004,2,2900,0,5800
L00006096,T0002461,HOU001,1,2900,0,2900
L00006097,T0002461,BEV003,1,4400,200,4200
L00006098,T0002461,DES001,2,2900,500,5300
L00006099,T0002461,DES002,1,5700,0,5700
L00006100,T0002462,SNK004,1,2900,200,2700
L00006101,T0002462,RTE004,1,8400,0,8400
L00006102,T0002463,HOU003,1,6900,0,6900
L00006103,T0002463,HOU001,1,2900,200,2700
L00006104,T0002464,BEV003,1,4200,200,4000
L00006105,T0002464,DES002,1,6100,0,6100
L00006106,T0002465,HOU003,1,7000,0,7000
L00006107,T0002465,BEV002,1,2000,200,1800
L00006108,T0002466,DES001,1,3300,0,3300
L00006109,T0002466,RTE002,2,7000,300,13700
L00006110,T0002466,RTE001,1,6300,500,5800
L00006111,T0002466,RTE003,1,5000,0,5000
L00006112,T0002467,RTE004,1,8400,0,8400
L00006113,T0002467,SNK001,1,3800,0,3800
L00006114,T0002468,SNK001,1,4000,200,3800
L00006115,T0002468,BEV003,2,4000,0,8000
L00006116,T0002469,RTE004,1,8700,0,8700
L00006117,T0002469,DES003,1,3300,500,2800
L00006118,T0002469,BEV002,1,1600,500,1100
L00006119,T0002470,HOU001,1,3100,0,3100
L00006120,T0002470,BEV001,2,2600,300,4900
L00006121,T0002470,DES001,1,3300,0,3300
L00006122,T0002471,BEV002,1,1800,500,1300
L00006123,T0002471,DES001,1,3200,0,3200
L00006124,T0002471,RTE002,1,7300,0,7300
L00006125,T0002472,BEV002,1,1600,0,1600
L00006126,T0002472,SNK001,1,3900,0,3900
L00006127,T0002473,RTE002,1,7000,500,6500
L00006128,T0002473,SNK002,1,4300,0,4300
L00006129,T0002473,DES003,3,3600,300,10500
L00006130,T0002474,BEV003,1,4200,300,3900
L00006131,T0002474,RTE004,1,8600,0,8600
L00006132,T0002475,RTE003,2,4800,300,9300
L00006133,T0002475,RTE001,2,6500,500,12500
L00006134,T0002476,BEV003,1,4000,500,3500
L00006135,T0002476,BEV002,1,1800,0,1800
L00006136,T0002477,BEV004,1,2400,500,1900
L00006137,T0002477,DES001,3,3200,0,9600
L00006138,T0002478,BEV003,1,4200,0,4200
L00006139,T0002478,DES001,2,3200,0,6400
L00006140,T0002479,BEV004,1,2600,0,2600
L00006141,T0002479,SNK003,2,5400,0,10800
L00006142,T0002479,HOU003,1,7100,0,7100
L00006143,T0002480,BEV002,3,1900,0,5700
L00006144,T0002480,SNK004,1,2900,0,2900
L00006145,T0002481,SNK004,1,2900,300,2600
L00006146,T0002481,SNK001,2,3600,300,6900
L00006147,T0002481,SNK004,2,2600,0,5200
L00006148,T0002482,RTE004,1,8700,200,8500
L00006149,T0002483,HOU003,1,7000,300,6700
L00006150,T0002483,SNK004,1,2800,200,2600
L00006151,T0002483,SNK001,1,3800,200,3600
L00006152,T0002483,DES002,2,6000,0,12000
L00006153,T0002484,HOU001,1,3100,200,2900
L00006154,T0002484,DES003,2,3700,500,6900
L00006155,T0002484,DES003,1,3600,0,3600
L00006156,T0002484,SNK001,1,4000,0,4000
L00006157,T0002485,SNK003,1,5200,0,5200
L00006158,T0002485,SNK003,1,5200,200,5000
L00006159,T0002485,HOU003,1,6900,0,6900
L00006160,T0002486,RTE003,2,4800,0,9600
L00006161,T0002486,RTE001,1,6500,0,6500
L00006162,T0002486,SNK003,1,5300,0,5300
L00006163,T0002486,HOU002,1,2500,500,2000
L00006164,T0002486,RTE003,1,4900,300,4600
L00006165,T0002487,HOU002,1,2300,300,2000
L00006166,T0002487,BEV001,1,2500,0,2500
L00006167,T0002487,HOU001,1,3100,500,2600
L00006168,T0002487,SNK002,1,4200,300,3900
L00006169,T0002488,BEV003,1,4200,200,4000
L00006170,T0002488,HOU002,1,2300,0,2300
L00006171,T0002488,BEV001,1,2500,0,2500
L00006172,T0002488,BEV002,2,1600,500,2700
L00006173,T0002489,BEV002,1,1600,0,1600
L00006174,T0002490,RTE004,2,8600,0,17200
L00006175,T0002491,RTE002,1,7200,0,7200
L00006176,T0002492,SNK003,1,5200,300,4900
L00006177,T0002492,RTE002,1,7300,0,7300
L00006178,T0002493,BEV003,1,4200,500,3700
L00006179,T0002494,RTE001,1,6600,200,6400
L00006180,T0002494,SNK003,1,5400,300,5100
L00006181,T0002494,RTE001,1,6500,300,6200
L00006182,T0002494,HOU002,2,2300,0,4600
L00006183,T0002494,RTE004,1,8800,500,8300
L00006184,T0002495,HOU001,1,3100,0,3100
L00006185,T0002495,RTE001,1,6600,0,6600
L00006186,T0002496,SNK004,1,2900,300,2600
L00006187,T0002497,SNK001,1,3800,200,3600
L00006188,T0002497,BEV002,1,2000,0,2000
L00006189,T0002498,SNK004,1,3000,0,3000
L00006190,T0002498,HOU001,1,3100,0,3100
L00006191,T0002499,SNK004,1,2800,0,2800
L00006192,T0002499,BEV002,2,1600,0,3200
L00006193,T0002499,BEV002,1,1800,200,1600
L00006194,T0002500,SNK003,1,5200,0,5200
L00006195,T0002501,RTE002,1,7200,0,7200
L00006196,T0002501,SNK001,2,3900,0,7800
L00006197,T0002502,RTE002,1,7400,300,7100
L00006198,T0002502,DES002,1,5900,300,5600
L00006199,T0002502,RTE004,1,8600,300,8300
L00006200,T0002503,RTE001,2,6700,0,13400
L00006201,T0002503,HOU003,1,6700,0,6700
L00006202,T0002503,DES003,1,3500,0,3500
L00006203,T0002503,RTE001,1,6500,0,6500
L00006204,T0002503,RTE003,1,5000,200,4800
L00006205,T0002504,RTE003,1,4800,0,4800
L00006206,T0002504,DES003,2,3500,0,7000
L00006207,T0002504,HOU003,1,7000,0,7000
L00006208,T0002504,HOU003,2,7000,300,13700
L00006209,T0002504,DES001,1,2900,300,2600
L00006210,T0002505,RTE002,1,7200,200,7000
L00006211,T0002505,DES003,1,3700,300,3400
L00006212,T0002505,HOU001,1,2700,0,2700
L00006213,T0002505,DES003,1,3300,0,3300
L00006214,T0002506,DES003,2,3500,0,7000
L00006215,T0002506,RTE004,1,8800,300,8500
L00006216,T0002507,BEV001,2,2600,300,4900
L00006217,T0002507,BEV002,1,2000,200,1800
L00006218,T0002507,SNK004,1,3000,300,2700
L00006219,T0002507,HOU003,1,6900,500,6400
L00006220,T0002508,RTE002,1,7300,500,6800
L00006221,T0002508,HOU003,1,6900,0,6900
L00006222,T0002509,SNK003,1,5300,300,5000
L00006223,T0002509,SNK001,1,3600,0,3600
L00006224,T0002509,SNK001,2,3800,0,7600
L00006225,T0002509,RTE001,1,6600,500,6100
L00006226,T0002510,HOU003,1,6900,200,6700
L00006227,T0002510,HOU001,2,2700,300,5100
L00006228,T0002511,SNK004,1,2900,200,2700
L00006229,T0002512,RTE002,1,7200,0,7200
L00006230,T0002512,BEV004,1,2800,500,2300
L00006231,T0002513,SNK002,2,4000,200,7800
L00006232,T0002513,SNK001,1,3800,300,3500
L00006233,T0002513,BEV001,3,2300,500,6400
L00006234,T0002514,SNK003,2,5400,300,10500
L00006235,T0002514,RTE001,1,6700,300,6400
L00006236,T0002514,DES002,1,6100,0,6100
L00006237,T0002514,BEV004,2,2400,0,4800
L00006238,T0002514,SNK002,2,4300,200,8400
L00006239,T0002515,BEV004,1,2600,0,2600
L00006240,T0002515,BEV002,2,2000,500,3500
L00006241,T0002515,BEV004,1,2400,0,2400
L00006242,T0002516,SNK001,1,4000,300,3700
L00006243,T0002517,HOU001,1,3000,0,3000
L00006244,T0002517,SNK003,2,5300,500,10100
L00006245,T0002517,SNK003,1,5000,500,4500
L00006246,T0002517,BEV002,2,1900,300,3500
L00006247,T0002517,BEV001,1,2300,200,2100
L00006248,T0002518,SNK003,1,5000,500,4500
L00006249,T0002518,HOU003,1,6700,0,6700
L00006250,T0002519,DES003,1,3600,0,3600
L00006251,T0002520,DES003,1,3500,200,3300
L00006252,T0002520,DES001,3,3200,200,9400
L00006253,T0002520,BEV001,1,2300,0,2300
L00006254,T0002520,BEV003,2,4000,500,7500
L00006255,T0002521,RTE001,2,6700,300,13100
L00006256,T0002521,HOU002,3,2100,0,6300
L00006257,T0002521,SNK003,1,5300,500,4800
L00006258,T0002522,BEV003,1,4300,0,4300
L00006259,T0002522,SNK003,1,5300,0,5300
L00006260,T0002523,BEV003,2,4300,0,8600
L00006261,T0002523,SNK004,1,2800,0,2800
L00006262,T0002524,SNK003,2,5000,0,10000
L00006263,T0002525,HOU003,2,6900,200,13600
L00006264,T0002526,HOU001,1,2900,0,2900
L00006265,T0002527,HOU003,1,6900,0,6900
L00006266,T0002527,HOU003,1,7100,0,7100
L00006267,T0002527,BEV004,1,2800,0,2800
L00006268,T0002527,RTE002,1,7300,200,7100
L00006269,T0002528,DES003,1,3500,500,3000
L00006270,T0002528,BEV004,1,2600,0,2600
L00006271,T0002528,BEV003,1,4000,0,4000
L00006272,T0002529,BEV002,1,1800,500,1300
L00006273,T0002529,RTE004,1,8600,0,8600
L00006274,T0002529,RTE002,1,7000,300,6700
L00006275,T0002529,BEV004,2,2400,0,4800
L00006276,T0002530,RTE004,1,8600,0,8600
L00006277,T0002530,BEV002,1,1800,200,1600
L00006278,T0002530,HOU003,1,6700,0,6700
L00006279,T0002530,DES002,1,6100,500,5600
L00006280,T0002531,BEV004,3,2800,500,7900
L00006281,T0002531,BEV003,1,4200,0,4200
L00006282,T0002532,SNK002,1,4300,0,4300
L00006283,T0002532,DES001,1,3300,0,3300
L00006284,T0002533,DES003,1,3300,300,3000
L00006285,T0002533,RTE001,1,6600,200,6400
L00006286,T0002533,HOU002,2,2500,200,4800
L00006287,T0002533,SNK003,1,5200,0,5200
L00006288,T0002533,SNK002,1,4300,500,3800
L00006289,T0002534,BEV001,1,2500,0,2500
L00006290,T0002534,HOU001,1,2700,0,2700
L00006291,T0002534,HOU001,1,3100,0,3100
L00006292,T0002535,BEV001,1,2500,0,2500
L00006293,T0002536,RTE004,1,8400,200,8200
L00006294,T0002536,SNK003,2,5400,0,10800
L00006295,T0002536,BEV002,1,2000,300,1700
L00006296,T0002537,BEV002,1,1800,0,1800
L00006297,T0002538,BEV002,1,1800,0,1800
L00006298,T0002538,DES002,1,5700,0,5700
L00006299,T0002538,HOU001,1,2700,0,2700
L00006300,T0002539,HOU003,1,6700,500,6200
L00006301,T0002539,BEV002,1,1800,0,1800
L00006302,T0002540,SNK001,2,3900,200,7600
L00006303,T0002540,SNK001,1,3600,200,3400
L00006304,T0002540,RTE001,2,6600,0,13200
L00006305,T0002541,DES003,1,3600,500,3100
L00006306,T0002541,RTE003,1,4900,0,4900
L00006307,T0002541,SNK004,3,3000,0,9000
L00006308,T0002542,RTE004,1,8400,0,8400
L00006309,T0002542,RTE002,1,7200,300,6900
L00006310,T0002542,SNK001,1,4000,300,3700
L00006311,T0002543,SNK003,1,5300,0,5300
L00006312,T0002544,RTE002,1,7300,300,7000
L00006313,T0002544,BEV001,3,2300,300,6600
L00006314,T0002544,SNK004,1,2600,200,2400
L00006315,T0002545,RTE004,1,8600,500,8100
L00006316,T0002545,BEV004,1,2700,500,2200
L00006317,T0002545,RTE002,1,7000,300,6700
L00006318,T0002545,RTE001,1,6600,0,6600
L00006319,T0002546,BEV001,1,2600,300,2300
L00006320,T0002546,RTE002,1,7000,0,7000
L00006321,T0002546,RTE001,2,6500,200,12800
L00006322,T0002546,BEV001,1,2300,200,2100
L00006323,T0002546,HOU003,3,6900,200,20500
L00006324,T0002547,SNK002,1,4200,0,4200
L00006325,T0002547,DES003,1,3600,200,3400
L00006326,T0002547,DES003,1,3500,200,3300
L00006327,T0002548,SNK002,1,4000,0,4000
L00006328,T0002549,RTE001,2,6500,500,12500
L00006329,T0002549,SNK002,2,4000,0,8000
L00006330,T0002550,SNK004,1,2900,0,2900
L00006331,T0002550,BEV002,1,1900,500,1400
L00006332,T0002550,DES001,1,2900,0,2900
L00006333,T0002550,SNK002,1,4200,300,3900
L00006334,T0002551,BEV002,2,2000,0,4000
L00006335,T0002551,SNK002,1,4000,0,4000
L00006336,T0002551,SNK004,1,2800,500,2300
L00006337,T0002552,RTE004,1,8600,300,8300
L00006338,T0002553,RTE002,1,7200,500,6700
L00006339,T0002553,HOU001,1,2700,0,2700
L00006340,T0002554,BEV003,1,4300,300,4000
L00006341,T0002554,HOU001,1,2900,0,2900
L00006342,T0002555,HOU002,3,2100,0,6300
L00006343,T0002555,DES002,1,6000,300,5700
L00006344,T0002555,SNK001,1,3600,300,3300
L00006345,T0002555,DES003,1,3700,200,3500
L00006346,T0002555,DES003,3,3500,0,10500
L00006347,T0002556,HOU003,1,6700,0,6700
L00006348,T0002556,DES003,1,3700,0,3700
L00006349,T0002556,SNK001,1,3600,0,3600
L00006350,T0002557,HOU003,1,7000,0,7000
L00006351,T0002557,DES002,3,5900,0,17700
L00006352,T0002558,DES001,1,2900,500,2400
L00006353,T0002558,SNK003,1,5400,300,5100
L00006354,T0002558,BEV003,1,4300,200,4100
L00006355,T0002558,SNK004,1,2600,0,2600
L00006356,T0002558,SNK004,1,2800,0,2800
L00006357,T0002559,RTE001,1,6300,200,6100
L00006358,T0002559,DES003,1,3300,0,3300
L00006359,T0002559,RTE004,1,8600,0,8600
L00006360,T0002559,SNK002,1,4000,300,3700
L00006361,T0002560,RTE001,1,6600,200,6400
L00006362,T0002560,SNK001,1,3900,0,3900
L00006363,T0002560,RTE003,1,4600,0,4600
L00006364,T0002560,BEV004,2,2400,300,4500
L00006365,T0002561,BEV003,1,4200,500,3700
L00006366,T0002561,RTE001,1,6700,500,6200
L00006367,T0002561,DES002,1,5700,0,5700
L00006368,T0002561,BEV001,1,2700,500,2200
L00006369,T0002562,DES003,1,3500,0,3500
L00006370,T0002562,SNK001,1,3900,500,3400
L00006371,T0002563,BEV002,1,2000,500,1500
L00006372,T0002563,SNK004,1,3000,200,2800
L00006373,T0002564,DES003,1,3500,0,3500
L00006374,T0002564,BEV002,1,1600,500,1100
L00006375,T0002564,RTE002,1,7200,0,7200
L00006376,T0002565,RTE002,2,7300,500,14100
L00006377,T0002566,DES002,1,5900,0,5900
L00006378,T0002567,BEV001,1,2500,0,2500
L00006379,T0002567,BEV003,1,4300,0,4300
L00006380,T0002568,HOU003,1,6700,0,6700
L00006381,T0002568,HOU001,1,2900,300,2600
L00006382,T0002568,RTE003,2,4800,300,9300
L00006383,T0002569,SNK001,1,3900,300,3600
L00006384,T0002570,DES003,1,3500,0,3500
L00006385,T0002571,RTE001,1,6500,0,6500
L00006386,T0002571,DES001,1,3100,0,3100
L00006387,T0002572,SNK004,1,2600,0,2600
L00006388,T0002572,RTE004,1,8400,0,8400
L00006389,T0002573,SNK004,1,2900,500,2400
L00006390,T0002573,HOU002,1,2300,0,2300
L00006391,T0002573,HOU001,1,3000,200,2800
L00006392,T0002573,DES001,1,3100,300,2800
L00006393,T0002574,SNK002,1,4000,200,3800
L00006394,T0002574,RTE003,2,5000,0,10000
L00006395,T0002575,BEV002,1,1800,200,1600
L00006396,T0002575,BEV001,1,2600,0,2600
L00006397,T0002576,HOU003,1,7000,0,7000
L00006398,T0002577,BEV002,1,1600,0,1600
L00006399,T0002577,SNK001,1,3900,200,3700
L00006400,T0002577,RTE004,2,8700,0,17400
L00006401,T0002578,BEV004,2,2800,200,5400
L00006402,T0002578,SNK004,1,3000,200,2800
L00006403,T0002579,RTE001,1,6700,500,6200
L00006404,T0002579,RTE004,2,8800,0,17600
L00006405,T0002580,BEV004,1,2800,500,2300
L00006406,T0002580,SNK001,1,3800,0,3800
L00006407,T0002580,BEV002,2,1800,500,3100
L00006408,T0002580,SNK004,2,2800,200,5400
L00006409,T0002580,BEV004,1,2600,0,2600
L00006410,T0002581,HOU002,1,2300,300,2000
L00006411,T0002581,BEV001,1,2500,0,2500
L00006412,T0002581,RTE002,1,7200,0,7200
L00006413,T0002581,RTE001,1,6300,0,6300
L00006414,T0002582,RTE004,1,8600,500,8100
L00006415,T0002582,SNK001,1,3900,200,3700
L00006416,T0002582,HOU003,1,6700,300,6400
L00006417,T0002582,HOU003,1,7100,200,6900
L00006418,T0002582,SNK002,1,4000,200,3800
L00006419,T0002583,SNK004,2,2600,0,5200
L00006420,T0002583,SNK003,2,5300,300,10300
L00006421,T0002583,SNK004,2,2800,200,5400
L00006422,T0002583,SNK003,3,5000,200,14800
L00006423,T0002584,BEV001,2,2500,0,5000
L00006424,T0002584,RTE004,1,8800,500,8300
L00006425,T0002585,DES002,1,6000,0,6000
L00006426,T0002585,SNK004,1,2600,0,2600
L00006427,T0002586,DES003,1,3300,0,3300
L00006428,T0002586,SNK004,1,2800,0,2800
L00006429,T0002586,RTE001,1,6300,200,6100
L00006430,T0002586,BEV003,1,4200,0,4200
L00006431,T0002587,HOU003,1,7100,0,7100
L00006432,T0002587,SNK004,1,2800,300,2500
L00006433,T0002587,RTE002,1,7400,200,7200
L00006434,T0002588,RTE002,2,7200,500,13900
L00006435,T0002588,DES002,1,6000,300,5700
L00006436,T0002589,RTE001,1,6700,300,6400
L00006437,T0002589,SNK003,1,5000,500,4500
L00006438,T0002589,BEV003,3,4200,0,12600
L00006439,T0002590,HOU002,1,2300,0,2300
L00006440,T0002590,SNK004,2,3000,200,5800
L00006441,T0002591,DES002,2,6100,0,12200
L00006442,T0002591,SNK004,1,2600,0,2600
L00006443,T0002591,DES001,1,3100,200,2900
L00006444,T0002592,RTE003,2,4800,300,9300
L00006445,T0002592,DES001,1,3300,0,3300
L00006446,T0002592,BEV003,2,4000,0,8000
L00006447,T0002593,HOU001,1,3100,0,3100
L00006448,T0002593,HOU002,1,2100,200,1900
L00006449,T0002594,SNK004,1,2600,0,2600
L00006450,T0002595,BEV004,1,2400,500,1900
L00006451,T0002595,SNK004,1,2800,300,2500
L00006452,T0002596,DES002,1,6100,0,6100
L00006453,T0002596,RTE001,1,6600,0,6600
L00006454,T0002596,SNK004,1,2900,0,2900
L00006455,T0002597,SNK004,3,2600,200,7600
L00006456,T0002597,BEV003,1,4200,500,3700
L00006457,T0002598,SNK003,3,5300,0,15900
L00006458,T0002598,BEV003,1,4200,0,4200
L00006459,T0002599,HOU002,2,2500,0,5000
L00006460,T0002599,HOU001,1,3000,0,3000
L00006461,T0002599,SNK001,1,4000,300,3700
L00006462,T0002600,BEV003,2,4000,0,8000
L00006463,T0002600,RTE003,1,4600,0,4600
L00006464,T0002601,HOU001,1,2900,0,2900
L00006465,T0002601,BEV004,2,2400,0,4800
L00006466,T0002601,SNK003,1,5400,0,5400
L00006467,T0002601,RTE002,3,7300,0,21900
L00006468,T0002602,DES003,1,3700,0,3700
L00006469,T0002602,RTE004,1,8800,500,8300
L00006470,T0002603,RTE004,3,8700,0,26100
L00006471,T0002604,RTE004,1,8700,500,8200
L00006472,T0002605,DES001,1,3100,500,2600
L00006473,T0002605,SNK003,2,5300,0,10600
L00006474,T0002605,SNK001,1,4000,0,4000
L00006475,T0002606,HOU003,1,6900,0,6900
L00006476,T0002606,DES003,1,3700,0,3700
L00006477,T0002606,SNK003,1,5300,0,5300
L00006478,T0002606,DES003,1,3500,500,3000
L00006479,T0002607,RTE004,1,8700,0,8700
L00006480,T0002608,DES001,1,3100,200,2900
L00006481,T0002608,BEV002,1,1600,500,1100
L00006482,T0002608,SNK004,1,3000,0,3000
L00006483,T0002608,HOU002,1,2400,300,2100
L00006484,T0002609,SNK004,1,2600,0,2600
L00006485,T0002609,BEV002,1,2000,300,1700
L00006486,T0002609,RTE004,1,8600,0,8600
L00006487,T0002610,HOU001,1,3000,0,3000
L00006488,T0002611,RTE003,1,4900,500,4400
L00006489,T0002612,HOU003,1,6700,0,6700
L00006490,T0002612,DES003,1,3700,0,3700
L00006491,T0002612,BEV004,1,2600,200,2400
L00006492,T0002613,SNK002,1,4300,0,4300
L00006493,T0002613,HOU003,2,7100,200,14000
L00006494,T0002613,DES001,1,3100,200,2900
L00006495,T0002614,SNK003,1,5300,0,5300
L00006496,T0002614,DES002,1,5900,500,5400
L00006497,T0002615,RTE001,1,6500,0,6500
L00006498,T0002615,SNK001,1,3900,300,3600
L00006499,T0002615,RTE003,1,4800,0,4800
L00006500,T0002615,HOU003,1,7100,300,6800
L00006501,T0002616,BEV001,1,2600,0,2600
L00006502,T0002616,SNK002,2,4300,0,8600
L00006503,T0002617,SNK002,2,4200,200,8200
L00006504,T0002617,RTE003,1,4900,300,4600
L00006505,T0002618,RTE001,1,6300,500,5800
L00006506,T0002618,SNK003,2,5200,500,9900
L00006507,T0002618,SNK004,1,2800,0,2800
L00006508,T0002618,SNK004,1,2900,0,2900
L00006509,T0002618,BEV004,1,2700,0,2700
L00006510,T0002619,BEV003,1,4000,0,4000
L00006511,T0002620,SNK003,1,5200,0,5200
L00006512,T0002621,HOU001,1,2900,0,2900
L00006513,T0002621,DES002,1,6000,0,6000
L00006514,T0002622,DES002,1,5900,500,5400
L00006515,T0002622,SNK004,1,3000,200,2800
L00006516,T0002622,RTE002,1,7300,300,7000
L00006517,T0002623,BEV003,1,4300,0,4300
L00006518,T0002623,DES001,1,3200,500,2700
L00006519,T0002624,HOU002,1,2400,0,2400
L00006520,T0002624,DES001,2,3300,200,6400
L00006521,T0002624,HOU003,1,6900,0,6900
L00006522,T0002625,RTE001,1,6500,300,6200
L00006523,T0002625,BEV003,1,4200,500,3700
L00006524,T0002626,HOU003,1,6900,0,6900
L00006525,T0002626,RTE002,1,7400,0,7400
L00006526,T0002627,BEV003,1,4200,200,4000
L00006527,T0002627,DES002,1,6000,0,6000
L00006528,T0002628,RTE001,1,6300,200,6100
L00006529,T0002628,RTE001,1,6600,0,6600
L00006530,T0002629,SNK003,1,5200,0,5200
L00006531,T0002629,HOU001,2,3100,300,5900
L00006532,T0002630,SNK001,1,3800,0,3800
L00006533,T0002630,DES003,3,3700,0,11100
L00006534,T0002630,SNK003,2,5200,200,10200
L00006535,T0002630,DES001,1,3100,500,2600
L00006536,T0002631,BEV004,1,2600,200,2400
L00006537,T0002631,RTE001,1,6300,0,6300
L00006538,T0002632,RTE002,2,7300,0,14600
L00006539,T0002632,BEV003,1,4200,0,4200
L00006540,T0002632,RTE002,1,7000,0,7000
L00006541,T0002632,BEV004,1,2800,200,2600
L00006542,T0002632,RTE003,1,5000,0,5000
L00006543,T0002633,HOU002,2,2300,500,4100
L00006544,T0002633,SNK002,1,4200,300,3900
L00006545,T0002633,HOU003,2,7000,500,13500
L00006546,T0002633,RTE001,1,6600,200,6400
L00006547,T0002634,SNK003,2,5400,200,10600
L00006548,T0002634,BEV001,1,2600,0,2600
L00006549,T0002635,RTE002,1,7400,0,7400
L00006550,T0002635,BEV003,1,4200,200,4000
L00006551,T0002636,BEV001,2,2500,200,4800
L00006552,T0002636,DES001,1,3100,500,2600
L00006553,T0002636,HOU002,1,2400,500,1900
L00006554,T0002637,RTE004,2,8600,500,16700
L00006555,T0002637,SNK001,1,3900,0,3900
L00006556,T0002637,HOU003,1,6900,300,6600
L00006557,T0002637,BEV003,1,4200,0,4200
L00006558,T0002638,BEV004,2,2600,0,5200
L00006559,T0002639,SNK004,1,3000,0,3000
L00006560,T0002640,RTE003,3,4800,0,14400
L00006561,T0002640,RTE003,1,4900,300,4600
L00006562,T0002640,BEV001,3,2500,0,7500
L00006563,T0002640,BEV004,1,2600,0,2600
L00006564,T0002640,RTE003,2,4800,0,9600
L00006565,T0002641,BEV002,1,1600,300,1300
L00006566,T0002642,BEV004,2,2400,0,4800
L00006567,T0002642,HOU002,1,2300,500,1800
L00006568,T0002643,RTE003,1,4600,0,4600
L00006569,T0002643,DES003,1,3500,500,3000
L00006570,T0002643,BEV001,3,2500,200,7300
L00006571,T0002643,SNK003,1,5200,200,5000
L00006572,T0002643,RTE001,2,6500,200,12800
L00006573,T0002644,HOU002,2,2300,200,4400
L00006574,T0002644,RTE004,1,8400,500,7900
L00006575,T0002644,RTE002,2,7200,0,14400
L00006576,T0002644,HOU003,2,6700,300,13100
L00006577,T0002645,BEV001,3,2700,500,7600
L00006578,T0002645,DES002,2,6100,0,12200
L00006579,T0002646,RTE004,1,8600,500,8100
L00006580,T0002646,SNK004,2,2800,0,5600
L00006581,T0002646,SNK002,1,4200,0,4200
L00006582,T0002646,SNK002,1,4000,300,3700
L00006583,T0002646,RTE001,1,6600,0,6600
L00006584,T0002647,BEV001,1,2500,0,2500
L00006585,T0002648,SNK004,1,2900,200,2700
L00006586,T0002648,HOU003,1,7100,0,7100
L00006587,T0002649,RTE003,1,4800,0,4800
L00006588,T0002649,DES003,2,3700,300,7100
L00006589,T0002649,RTE004,1,8800,500,8300
L00006590,T0002650,RTE001,3,6300,0,18900
L00006591,T0002650,SNK004,2,2800,0,5600
L00006592,T0002651,HOU003,1,6900,0,6900
L00006593,T0002651,HOU003,1,6900,200,6700
L00006594,T0002651,SNK004,2,2800,500,5100
L00006595,T0002651,RTE004,1,8700,500,8200
L00006596,T0002652,RTE004,1,8600,0,8600
L00006597,T0002652,SNK002,1,4300,200,4100
L00006598,T0002652,RTE003,1,4800,0,4800
L00006599,T0002653,BEV004,2,2600,500,4700
L00006600,T0002653,DES001,1,2900,0,2900
L00006601,T0002654,SNK003,1,5300,0,5300
L00006602,T0002655,RTE003,1,5000,0,5000
L00006603,T0002656,RTE003,1,4800,0,4800
L00006604,T0002656,HOU002,1,2300,0,2300
L00006605,T0002656,SNK001,1,3800,300,3500
L00006606,T0002656,SNK001,1,3800,500,3300
L00006607,T0002657,HOU003,1,7000,300,6700
L00006608,T0002658,HOU001,2,3100,300,5900
L00006609,T0002658,DES002,3,5900,500,17200
L00006610,T0002658,DES002,1,6100,500,5600
L00006611,T0002658,DES003,1,3300,300,3000
L00006612,T0002659,DES003,1,3700,0,3700
L00006613,T0002659,SNK001,1,3800,0,3800
L00006614,T0002659,RTE004,2,8600,0,17200
L00006615,T0002659,BEV002,1,1900,500,1400
L00006616,T0002659,SNK003,1,5200,0,5200
L00006617,T0002660,RTE001,1,6500,0,6500
L00006618,T0002661,HOU001,1,2900,0,2900
L00006619,T0002661,RTE002,2,7200,0,14400
L00006620,T0002661,BEV003,1,4200,0,4200
L00006621,T0002662,SNK004,2,2900,200,5600
L00006622,T0002662,HOU003,1,6900,300,6600
L00006623,T0002662,BEV001,1,2500,0,2500
L00006624,T0002662,BEV001,1,2500,300,2200
L00006625,T0002663,RTE001,1,6700,500,6200
L00006626,T0002664,SNK004,1,2900,500,2400
L00006627,T0002664,SNK003,1,5200,0,5200
L00006628,T0002665,SNK001,2,3800,0,7600
L00006629,T0002665,DES001,1,2900,500,2400
L00006630,T0002665,DES003,1,3600,0,3600
L00006631,T0002666,BEV002,1,1800,0,1800
L00006632,T0002666,SNK004,1,2900,300,2600
L00006633,T0002666,SNK002,2,4200,200,8200
L00006634,T0002667,DES003,1,3500,0,3500
L00006635,T0002667,BEV003,1,4300,0,4300
L00006636,T0002667,SNK001,1,4000,300,3700
L00006637,T0002668,BEV001,1,2300,0,2300
L00006638,T0002669,SNK003,1,5300,0,5300
L00006639,T0002669,SNK004,1,2900,500,2400
L00006640,T0002669,HOU003,1,7000,500,6500
L00006641,T0002669,SNK003,1,5200,300,4900
L00006642,T0002669,HOU003,1,6900,200,6700
L00006643,T0002670,RTE004,1,8600,200,8400
L00006644,T0002670,BEV003,1,4400,300,4100
L00006645,T0002671,DES002,1,5700,0,5700
L00006646,T0002671,HOU001,1,2900,0,2900
L00006647,T0002671,HOU001,1,3100,500,2600
L00006648,T0002672,RTE003,1,4900,0,4900
L00006649,T0002672,BEV002,1,1800,300,1500
L00006650,T0002672,HOU003,1,7000,0,7000
L00006651,T0002673,BEV002,1,1800,300,1500
L00006652,T0002674,DES002,1,6000,200,5800
L00006653,T0002674,HOU001,3,2900,0,8700
L00006654,T0002674,SNK003,3,5200,500,15100
L00006655,T0002674,BEV002,1,1800,200,1600
L00006656,T0002675,DES001,3,2900,500,8200
L00006657,T0002676,HOU002,2,2500,200,4800
L00006658,T0002677,HOU003,1,6900,0,6900
L00006659,T0002678,DES002,3,5900,0,17700
L00006660,T0002678,HOU003,1,6900,0,6900
L00006661,T0002679,BEV004,1,2600,0,2600
L00006662,T0002679,HOU003,1,6700,200,6500
L00006663,T0002680,HOU003,1,6900,200,6700
L00006664,T0002681,BEV001,1,2500,200,2300
L00006665,T0002681,BEV002,3,2000,500,5500
L00006666,T0002682,RTE003,1,4900,300,4600
L00006667,T0002682,SNK002,1,4200,0,4200
L00006668,T0002682,HOU002,1,2300,200,2100
L00006669,T0002683,RTE002,2,7200,0,14400
L00006670,T0002683,SNK004,1,2800,300,2500
L00006671,T0002684,RTE003,1,4900,0,4900
L00006672,T0002684,DES001,1,3100,0,3100
L00006673,T0002685,BEV001,1,2500,0,2500
L00006674,T0002685,BEV004,1,2600,0,2600
L00006675,T0002685,SNK002,1,4400,0,4400
L00006676,T0002685,HOU003,2,7100,0,14200
L00006677,T0002685,DES002,1,5700,0,5700
L00006678,T0002686,BEV002,1,1800,0,1800
L00006679,T0002687,BEV004,1,2600,0,2600
L00006680,T0002687,BEV002,1,1800,0,1800
L00006681,T0002687,HOU003,1,6700,0,6700
L00006682,T0002687,SNK002,1,4000,200,3800
L00006683,T0002688,RTE003,1,4800,500,4300
L00006684,T0002688,DES003,1,3700,300,3400
L00006685,T0002688,BEV001,2,2500,500,4500
L00006686,T0002688,SNK001,1,3600,0,3600
L00006687,T0002688,DES003,2,3500,500,6500
L00006688,T0002689,HOU001,1,2900,500,2400
L00006689,T0002690,HOU001,1,3000,200,2800
L00006690,T0002690,RTE004,1,8400,500,7900
L00006691,T0002691,HOU002,1,2300,0,2300
L00006692,T0002691,RTE002,1,7000,200,6800
L00006693,T0002692,RTE001,1,6500,0,6500
L00006694,T0002692,HOU003,1,6900,300,6600
L00006695,T0002693,HOU001,1,3100,0,3100
L00006696,T0002693,BEV001,2,2700,0,5400
L00006697,T0002693,DES003,1,3600,0,3600
L00006698,T0002693,HOU003,1,6700,0,6700
L00006699,T0002694,HOU001,1,2900,0,2900
L00006700,T0002694,BEV002,1,1900,0,1900
L00006701,T0002694,DES001,1,3300,0,3300
L00006702,T0002694,DES002,1,5900,500,5400
L00006703,T0002694,DES003,1,3500,200,3300
L00006704,T0002695,DES002,1,5900,0,5900
L00006705,T0002695,DES002,1,6100,0,6100
L00006706,T0002695,HOU002,1,2300,200,2100
L00006707,T0002696,RTE002,2,7200,0,14400
L00006708,T0002696,SNK003,1,5200,500,4700
L00006709,T0002696,RTE002,1,7200,200,7000
L00006710,T0002697,RTE001,1,6500,300,6200
L00006711,T0002697,SNK004,2,2800,300,5300
L00006712,T0002698,BEV002,1,2000,300,1700
L00006713,T0002698,BEV004,1,2600,0,2600
L00006714,T0002699,DES003,1,3300,0,3300
L00006715,T0002699,SNK004,1,3000,0,3000
L00006716,T0002699,RTE001,1,6700,0,6700
L00006717,T0002700,BEV004,3,2600,0,7800
L00006718,T0002701,SNK001,2,3800,200,7400
L00006719,T0002702,BEV002,1,1900,200,1700
L00006720,T0002702,SNK003,2,5300,200,10400
L00006721,T0002702,BEV004,1,2700,0,2700
L00006722,T0002702,SNK001,2,3800,0,7600
L00006723,T0002703,SNK002,1,4200,0,4200
L00006724,T0002704,DES001,2,3200,0,6400
L00006725,T0002704,HOU003,1,6900,200,6700
L00006726,T0002705,SNK002,1,4000,0,4000
L00006727,T0002705,SNK001,1,4000,0,4000
L00006728,T0002705,HOU002,1,2100,200,1900
L00006729,T0002705,BEV001,1,2500,300,2200
L00006730,T0002706,HOU003,1,7000,0,7000
L00006731,T0002706,HOU002,1,2400,0,2400
L00006732,T0002707,DES001,1,3100,0,3100
L00006733,T0002707,HOU002,1,2500,0,2500
L00006734,T0002707,BEV004,1,2600,300,2300
L00006735,T0002708,RTE002,1,7000,300,6700
L00006736,T0002709,DES003,3,3600,0,10800
L00006737,T0002709,SNK004,1,2800,300,2500
L00006738,T0002710,RTE004,1,8400,200,8200
L00006739,T0002710,SNK002,2,4300,0,8600
L00006740,T0002710,RTE001,1,6300,200,6100
L00006741,T0002711,SNK004,2,2900,0,5800
L00006742,T0002711,RTE001,1,6500,300,6200
L00006743,T0002712,BEV004,1,2600,0,2600
L00006744,T0002712,SNK002,1,4300,300,4000
L00006745,T0002713,HOU001,1,2700,300,2400
L00006746,T0002713,SNK002,1,4300,0,4300
L00006747,T0002714,BEV002,1,1800,0,1800
L00006748,T0002715,DES003,1,3300,0,3300
L00006749,T0002715,RTE002,2,7200,0,14400
L00006750,T0002716,SNK002,2,4200,300,8100
L00006751,T0002716,BEV004,1,2700,500,2200
L00006752,T0002717,DES001,1,3200,200,3000
L00006753,T0002717,HOU001,1,3100,0,3100
L00006754,T0002718,BEV002,1,1900,0,1900
L00006755,T0002718,BEV004,1,2400,0,2400
L00006756,T0002718,HOU001,1,2900,200,2700
L00006757,T0002718,BEV002,2,1600,300,2900
L00006758,T0002719,BEV004,1,2700,0,2700
L00006759,T0002720,HOU002,1,2300,0,2300
L00006760,T0002720,HOU003,1,7100,0,7100
L00006761,T0002721,SNK002,1,4400,200,4200
L00006762,T0002721,HOU003,2,6700,0,13400
L00006763,T0002722,SNK004,1,2600,0,2600
L00006764,T0002722,HOU002,1,2500,0,2500
L00006765,T0002722,SNK003,1,5200,0,5200
L00006766,T0002722,HOU002,1,2500,0,2500
L00006767,T0002723,BEV001,2,2700,0,5400
L00006768,T0002724,DES002,1,5900,200,5700
L00006769,T0002724,HOU002,1,2100,300,1800
L00006770,T0002724,SNK001,1,4000,300,3700
L00006771,T0002724,HOU002,1,2300,300,2000
L00006772,T0002725,DES001,1,3100,500,2600
L00006773,T0002725,SNK001,2,3800,0,7600
L00006774,T0002725,BEV004,1,2400,0,2400
L00006775,T0002726,DES003,2,3500,0,7000
L00006776,T0002727,BEV003,1,4200,200,4000
L00006777,T0002727,HOU002,1,2100,200,1900
L00006778,T0002728,SNK001,1,4000,0,4000
L00006779,T0002729,SNK001,1,3600,500,3100
L00006780,T0002729,SNK001,1,3900,300,3600
L00006781,T0002729,HOU003,1,6900,200,6700
L00006782,T0002730,BEV004,1,2600,200,2400
L00006783,T0002730,HOU002,1,2300,0,2300
L00006784,T0002730,BEV001,1,2600,0,2600
L00006785,T0002731,RTE002,1,7000,0,7000
L00006786,T0002731,RTE003,1,4800,0,4800
L00006787,T0002731,RTE003,1,4900,0,4900
L00006788,T0002732,BEV002,1,1800,200,1600
L00006789,T0002732,SNK004,1,2600,500,2100
L00006790,T0002732,HOU001,1,3000,300,2700
L00006791,T0002732,DES001,2,3100,0,6200
L00006792,T0002733,SNK002,2,4200,300,8100
L00006793,T0002733,BEV004,1,2400,0,2400
L00006794,T0002733,SNK003,1,5300,300,5000
L00006795,T0002734,HOU002,1,2300,500,1800
L00006796,T0002734,RTE001,2,6500,0,13000
L00006797,T0002734,SNK001,1,3800,0,3800
L00006798,T0002735,HOU001,1,2700,0,2700
L00006799,T0002735,SNK004,1,2800,0,2800
L00006800,T0002736,RTE002,1,7200,0,7200
L00006801,T0002737,DES001,1,3200,500,2700
L00006802,T0002737,SNK003,2,5000,0,10000
L00006803,T0002738,SNK001,1,4000,300,3700
L00006804,T0002739,RTE004,1,8800,0,8800
L00006805,T0002740,HOU003,1,6700,0,6700
L00006806,T0002740,SNK003,1,5200,200,5000
L00006807,T0002740,HOU001,1,2900,500,2400
L00006808,T0002741,RTE004,1,8800,300,8500
L00006809,T0002741,HOU002,2,2300,0,4600
L00006810,T0002741,DES002,1,5900,200,5700
L00006811,T0002741,DES001,1,3100,300,2800
L00006812,T0002741,BEV001,1,2500,0,2500
L00006813,T0002742,RTE001,1,6500,0,6500
L00006814,T0002742,SNK002,1,4200,500,3700
L00006815,T0002742,BEV002,1,1600,0,1600
L00006816,T0002742,DES003,1,3300,500,2800
L00006817,T0002743,RTE004,1,8800,0,8800
L00006818,T0002743,HOU002,1,2400,0,2400
L00006819,T0002744,BEV002,1,1600,300,1300
L00006820,T0002744,SNK001,1,3900,200,3700
L00006821,T0002744,RTE001,2,6500,500,12500
L00006822,T0002744,RTE001,2,6500,0,13000
L00006823,T0002744,SNK003,1,5300,0,5300
L00006824,T0002745,HOU002,3,2300,500,6400
L00006825,T0002746,RTE004,1,8700,0,8700
L00006826,T0002746,HOU002,2,2100,200,4000
L00006827,T0002747,HOU003,3,7000,0,21000
L00006828,T0002747,RTE004,1,8600,0,8600
L00006829,T0002748,RTE004,1,8600,0,8600
L00006830,T0002749,DES003,2,3600,300,6900
L00006831,T0002749,HOU001,2,2700,0,5400
L00006832,T0002749,RTE001,2,6600,0,13200
L00006833,T0002749,DES001,1,3200,0,3200
L00006834,T0002749,RTE003,1,5000,0,5000
L00006835,T0002750,SNK002,1,4400,0,4400
L00006836,T0002750,SNK002,1,4200,300,3900
L00006837,T0002750,SNK004,1,2900,500,2400
L00006838,T0002750,RTE003,1,4800,0,4800
L00006839,T0002751,RTE004,1,8700,300,8400
L00006840,T0002752,DES003,1,3300,200,3100
L00006841,T0002753,BEV003,1,4200,200,4000
L00006842,T0002753,BEV003,1,4200,0,4200
L00006843,T0002753,BEV003,1,4400,200,4200
L00006844,T0002754,SNK004,1,2800,0,2800
L00006845,T0002754,BEV001,2,2300,300,4300
L00006846,T0002755,SNK003,1,5000,0,5000
L00006847,T0002756,RTE004,1,8800,300,8500
L00006848,T0002756,BEV004,3,2700,200,7900
L00006849,T0002756,SNK003,3,5000,0,15000
L00006850,T0002756,RTE001,1,6600,300,6300
L00006851,T0002757,RTE003,1,5000,300,4700
L00006852,T0002757,BEV001,2,2600,0,5200
L00006853,T0002758,RTE003,3,4800,300,14100
L00006854,T0002758,RTE004,1,8700,0,8700
L00006855,T0002758,HOU001,1,2900,300,2600
L00006856,T0002759,BEV004,1,2800,500,2300
L00006857,T0002760,HOU003,1,6900,300,6600
L00006858,T0002760,BEV004,1,2700,200,2500
L00006859,T0002760,HOU001,1,3100,200,2900
L00006860,T0002760,DES003,1,3300,0,3300
L00006861,T0002760,HOU001,1,2900,0,2900
L00006862,T0002761,SNK004,1,2800,0,2800
L00006863,T0002762,BEV004,1,2400,0,2400
L00006864,T0002762,RTE002,1,7400,200,7200
L00006865,T0002763,RTE004,1,8400,300,8100
L00006866,T0002764,DES003,1,3500,0,3500
L00006867,T0002765,DES002,2,6000,500,11500
L00006868,T0002766,DES003,1,3500,0,3500
L00006869,T0002766,SNK001,2,3600,500,6700
L00006870,T0002767,HOU002,1,2300,0,2300
L00006871,T0002767,HOU003,1,6900,0,6900
L00006872,T0002768,BEV004,1,2800,200,2600
L00006873,T0002768,SNK004,2,2800,300,5300
L00006874,T0002768,SNK003,2,5300,0,10600
L00006875,T0002769,BEV003,1,4300,300,4000
L00006876,T0002770,RTE004,2,8700,500,16900
L00006877,T0002770,RTE001,1,6600,500,6100
L00006878,T0002770,SNK001,1,3900,0,3900
L00006879,T0002771,HOU003,1,6700,0,6700
L00006880,T0002772,RTE002,1,7000,200,6800
L00006881,T0002773,RTE003,1,4800,0,4800
L00006882,T0002773,HOU003,1,6700,500,6200
L00006883,T0002773,RTE002,1,7000,200,6800
L00006884,T0002774,BEV004,1,2600,0,2600
L00006885,T0002774,RTE004,1,8600,0,8600
L00006886,T0002774,HOU002,1,2400,0,2400
L00006887,T0002774,SNK004,1,2800,500,2300
L00006888,T0002775,BEV001,2,2500,500,4500
L00006889,T0002776,SNK001,3,3600,0,10800
L00006890,T0002776,RTE001,1,6500,500,6000
L00006891,T0002777,SNK003,2,5000,200,9800
L00006892,T0002777,HOU003,1,7100,0,7100
L00006893,T0002777,BEV002,2,1900,0,3800
L00006894,T0002777,BEV002,1,2000,200,1800
L00006895,T0002777,HOU002,1,2100,200,1900
L00006896,T0002778,SNK001,2,3900,200,7600
L00006897,T0002778,HOU002,1,2100,0,2100
L00006898,T0002779,BEV003,1,4400,0,4400
L00006899,T0002779,BEV004,1,2600,200,2400
L00006900,T0002780,RTE002,1,7400,0,7400
L00006901,T0002780,DES002,1,5700,300,5400
L00006902,T0002780,HOU001,1,3000,0,3000
L00006903,T0002780,BEV001,1,2500,500,2000
L00006904,T0002781,RTE002,1,7200,0,7200
L00006905,T0002781,RTE001,1,6600,0,6600
L00006906,T0002782,DES003,1,3700,0,3700
L00006907,T0002782,RTE003,1,4900,0,4900
L00006908,T0002782,BEV001,1,2600,200,2400
L00006909,T0002783,DES003,1,3500,200,3300
L00006910,T0002783,BEV004,3,2700,300,7800
L00006911,T0002784,RTE001,1,6500,0,6500
L00006912,T0002785,RTE001,1,6500,0,6500
L00006913,T0002785,BEV003,1,4400,200,4200
L00006914,T0002786,BEV001,2,2500,500,4500
L00006915,T0002786,RTE003,1,4800,0,4800
L00006916,T0002787,RTE002,1,7200,300,6900
L00006917,T0002787,DES002,1,5900,200,5700
L00006918,T0002787,SNK001,2,3800,0,7600
L00006919,T0002787,HOU003,1,7100,0,7100
L00006920,T0002788,DES002,1,6100,500,5600
L00006921,T0002789,BEV002,1,1900,0,1900
L00006922,T0002789,SNK004,1,2900,500,2400
L00006923,T0002790,BEV004,1,2600,0,2600
L00006924,T0002790,SNK003,1,5000,0,5000
L00006925,T0002791,RTE001,1,6500,0,6500
L00006926,T0002791,BEV001,1,2700,300,2400
L00006927,T0002791,RTE003,2,5000,500,9500
L00006928,T0002792,BEV003,1,4200,0,4200
L00006929,T0002792,DES002,1,5700,0,5700
L00006930,T0002792,DES002,1,6100,0,6100
L00006931,T0002792,DES001,2,3100,300,5900
L00006932,T0002792,RTE003,2,4900,0,9800
L00006933,T0002793,RTE002,1,7000,300,6700
L00006934,T0002793,DES003,1,3300,0,3300
L00006935,T0002793,RTE003,2,4900,0,9800
L00006936,T0002793,RTE002,1,7300,500,6800
L00006937,T0002793,HOU002,1,2300,0,2300
L00006938,T0002794,BEV003,1,4000,500,3500
L00006939,T0002794,HOU002,1,2500,300,2200
L00006940,T0002795,SNK001,1,3600,0,3600
L00006941,T0002795,HOU002,2,2500,300,4700
L00006942,T0002795,HOU003,1,7000,0,7000
L00006943,T0002796,HOU003,1,7100,0,7100
L00006944,T0002797,SNK003,2,5200,0,10400
L00006945,T0002797,SNK004,1,2800,0,2800
L00006946,T0002797,DES003,1,3500,300,3200
L00006947,T0002797,SNK004,3,3000,0,9000
L00006948,T0002797,DES003,1,3700,200,3500
L00006949,T0002798,BEV003,1,4200,0,4200
L00006950,T0002799,DES003,1,3600,300,3300
L00006951,T0002800,SNK002,1,4000,0,4000
L00006952,T0002800,SNK001,3,3600,0,10800
L00006953,T0002801,DES002,1,5900,0,5900
L00006954,T0002802,BEV004,1,2800,0,2800
L00006955,T0002802,SNK001,1,3800,0,3800
L00006956,T0002802,SNK002,1,4200,0,4200
L00006957,T0002803,BEV001,1,2600,0,2600
L00006958,T0002803,HOU001,1,3100,500,2600
L00006959,T0002803,BEV003,1,4300,500,3800
L00006960,T0002803,DES001,1,3300,500,2800
L00006961,T0002804,BEV004,1,2400,200,2200
L00006962,T0002805,RTE002,2,7300,0,14600
L00006963,T0002805,BEV004,1,2800,0,2800
L00006964,T0002806,RTE003,2,4600,300,8900
L00006965,T0002806,HOU003,1,7000,300,6700
L00006966,T0002806,RTE004,2,8600,500,16700
L00006967,T0002807,HOU003,1,6900,0,6900
L00006968,T0002807,DES001,1,3100,0,3100
L00006969,T0002807,SNK002,1,4400,0,4400
L00006970,T0002807,SNK004,1,2900,0,2900
L00006971,T0002808,HOU002,2,2500,0,5000
L00006972,T0002808,DES003,1,3300,0,3300
L00006973,T0002809,RTE001,3,6600,500,19300
L00006974,T0002809,RTE004,1,8600,0,8600
L00006975,T0002809,SNK004,1,2800,200,2600
L00006976,T0002810,BEV003,1,4300,0,4300
L00006977,T0002810,BEV004,1,2700,0,2700
L00006978,T0002810,SNK001,2,4000,0,8000
L00006979,T0002811,SNK004,1,2800,0,2800
L00006980,T0002811,DES002,1,6000,300,5700
L00006981,T0002811,BEV004,1,2600,200,2400
L00006982,T0002812,BEV004,2,2400,0,4800
L00006983,T0002812,HOU003,1,6900,0,6900
L00006984,T0002813,RTE002,2,7200,0,14400
L00006985,T0002813,BEV001,1,2600,300,2300
L00006986,T0002813,RTE002,2,7000,0,14000
L00006987,T0002814,SNK001,1,3800,0,3800
L00006988,T0002815,RTE002,1,7200,200,7000
L00006989,T0002815,BEV002,3,1800,200,5200
L00006990,T0002815,DES001,1,3100,0,3100
L00006991,T0002816,HOU001,1,2900,200,2700
L00006992,T0002816,BEV002,1,2000,0,2000
L00006993,T0002817,RTE004,1,8600,500,8100
L00006994,T0002817,RTE002,2,7000,300,13700
L00006995,T0002818,HOU002,2,2100,300,3900
L00006996,T0002818,SNK004,1,2800,0,2800
L00006997,T0002819,RTE004,1,8700,200,8500
L00006998,T0002819,SNK003,1,5200,0,5200
L00006999,T0002819,SNK001,1,4000,0,4000
L00007000,T0002820,BEV001,2,2500,0,5000
L00007001,T0002820,SNK002,1,4300,0,4300
L00007002,T0002820,SNK004,1,3000,300,2700
L00007003,T0002820,BEV002,1,1900,300,1600
L00007004,T0002821,BEV001,1,2500,0,2500
L00007005,T0002821,BEV002,1,1900,0,1900
L00007006,T0002821,RTE003,2,4800,500,9100
L00007007,T0002822,SNK004,1,2900,300,2600
L00007008,T0002822,RTE002,3,7000,300,20700
L00007009,T0002823,DES002,1,5900,200,5700
L00007010,T0002823,DES001,1,2900,200,2700
L00007011,T0002824,HOU001,1,2900,500,2400
L00007012,T0002825,RTE004,1,8600,300,8300
L00007013,T0002825,HOU001,1,2900,0,2900
L00007014,T0002825,SNK001,2,3800,0,7600
L00007015,T0002826,HOU003,1,6900,0,6900
L00007016,T0002826,HOU003,3,6700,0,20100
L00007017,T0002827,RTE001,3,6500,0,19500
L00007018,T0002827,DES002,2,5900,0,11800
L00007019,T0002828,DES002,1,5900,500,5400
L00007020,T0002828,BEV004,1,2400,300,2100
L00007021,T0002829,SNK004,1,2800,500,2300
L00007022,T0002829,BEV002,1,1800,0,1800
L00007023,T0002829,HOU003,1,7000,0,7000
L00007024,T0002830,HOU001,1,2900,200,2700
L00007025,T0002830,BEV002,1,1600,500,1100
L00007026,T0002830,SNK003,1,5200,200,5000
L00007027,T0002831,DES003,1,3700,300,3400
L00007028,T0002832,BEV004,1,2400,200,2200
L00007029,T0002832,DES001,1,3100,200,2900
L00007030,T0002832,RTE004,1,8600,0,8600
L00007031,T0002833,DES001,1,3100,0,3100
L00007032,T0002833,SNK002,1,4200,0,4200
L00007033,T0002834,RTE001,1,6700,300,6400
L00007034,T0002834,SNK002,1,4300,0,4300
L00007035,T0002834,RTE003,2,5000,200,9800
L00007036,T0002834,HOU001,1,2700,200,2500
L00007037,T0002835,BEV003,1,4000,500,3500
L00007038,T0002835,BEV003,1,4200,0,4200
L00007039,T0002835,BEV002,1,2000,200,1800
L00007040,T0002835,HOU001,1,2700,200,2500
L00007041,T0002835,RTE002,2,7200,300,14100
L00007042,T0002836,RTE002,1,7000,0,7000
L00007043,T0002837,BEV001,1,2500,300,2200
L00007044,T0002837,SNK004,1,3000,0,3000
L00007045,T0002838,DES001,1,3300,200,3100
L00007046,T0002839,DES001,2,3200,300,6100
L00007047,T0002840,BEV003,1,4300,0,4300
L00007048,T0002840,SNK004,1,3000,300,2700
L00007049,T0002840,SNK001,1,3600,0,3600
L00007050,T0002840,HOU002,2,2100,300,3900
L00007051,T0002841,DES002,2,5900,300,11500
L00007052,T0002841,SNK001,1,3800,0,3800
L00007053,T0002842,RTE004,1,8600,0,8600
L00007054,T0002842,SNK004,1,2800,500,2300
L00007055,T0002842,HOU003,1,6700,200,6500
L00007056,T0002842,HOU001,1,2700,0,2700
L00007057,T0002842,SNK002,1,4400,500,3900
L00007058,T0002843,DES003,1,3600,500,3100
L00007059,T0002843,BEV001,2,2600,500,4700
L00007060,T0002843,RTE002,1,7200,0,7200
L00007061,T0002843,DES002,1,5900,0,5900
L00007062,T0002843,RTE004,2,8600,0,17200
L00007063,T0002844,HOU002,1,2500,0,2500
L00007064,T0002845,BEV004,1,2800,300,2500
L00007065,T0002845,BEV003,2,4400,0,8800
L00007066,T0002845,RTE003,1,4900,0,4900
L00007067,T0002845,RTE002,2,7300,0,14600
L00007068,T0002846,DES001,1,3100,200,2900
L00007069,T0002846,HOU003,1,7100,500,6600
L00007070,T0002847,HOU002,1,2300,0,2300
L00007071,T0002847,DES002,3,6000,0,18000
L00007072,T0002847,DES002,2,6100,300,11900
L00007073,T0002847,SNK004,3,2800,0,8400
L00007074,T0002848,RTE004,2,8600,0,17200
L00007075,T0002848,BEV001,1,2300,200,2100
L00007076,T0002848,BEV004,1,2400,0,2400
L00007077,T0002848,HOU002,1,2300,0,2300
L00007078,T0002849,SNK002,2,4200,500,7900
L00007079,T0002849,RTE001,1,6500,300,6200
L00007080,T0002850,SNK003,1,5400,0,5400
L00007081,T0002850,DES002,2,5900,200,11600
L00007082,T0002850,RTE003,2,4600,300,8900
L00007083,T0002850,SNK004,1,2800,0,2800
L00007084,T0002851,SNK004,1,3000,300,2700
L00007085,T0002851,HOU002,1,2300,0,2300
L00007086,T0002851,RTE004,1,8600,500,8100
L00007087,T0002852,HOU002,1,2400,0,2400
L00007088,T0002852,RTE001,2,6300,300,12300
L00007089,T0002853,BEV004,2,2600,200,5000
L00007090,T0002853,HOU003,1,7100,0,7100
L00007091,T0002854,HOU002,1,2500,200,2300
L00007092,T0002854,DES003,1,3700,500,3200
L00007093,T0002855,SNK001,2,3800,500,7100
L00007094,T0002856,SNK002,2,4200,200,8200
L00007095,T0002856,BEV004,2,2600,0,5200
L00007096,T0002857,HOU003,1,6900,0,6900
L00007097,T0002857,RTE004,2,8400,500,16300
L00007098,T0002857,DES001,1,3300,0,3300
L00007099,T0002858,SNK003,3,5000,200,14800
L00007100,T0002858,HOU003,3,6900,500,20200
L00007101,T0002858,BEV004,1,2800,200,2600
L00007102,T0002859,SNK002,1,4200,300,3900
L00007103,T0002859,SNK003,1,5400,300,5100
L00007104,T0002859,RTE002,1,7300,500,6800
L00007105,T0002859,RTE003,1,5000,500,4500
L00007106,T0002860,BEV001,1,2500,200,2300
L00007107,T0002860,RTE004,1,8600,500,8100
L00007108,T0002860,SNK001,2,3900,0,7800
L00007109,T0002860,BEV002,1,1800,0,1800
L00007110,T0002860,SNK001,1,3900,300,3600
L00007111,T0002861,SNK002,1,4300,200,4100
L00007112,T0002862,DES001,1,3300,300,3000
L00007113,T0002862,RTE004,2,8400,300,16500
L00007114,T0002863,HOU003,1,6900,200,6700
L00007115,T0002863,BEV001,1,2500,0,2500
L00007116,T0002863,SNK002,1,4000,0,4000
L00007117,T0002863,BEV004,1,2800,300,2500
L00007118,T0002864,BEV002,1,1800,500,1300
L00007119,T0002864,SNK003,2,5300,0,10600
L00007120,T0002864,RTE003,2,4900,0,9800
L00007121,T0002864,SNK003,1,5300,300,5000
L00007122,T0002864,HOU002,1,2300,0,2300
L00007123,T0002865,HOU003,1,6700,300,6400
L00007124,T0002865,RTE002,1,7200,500,6700
L00007125,T0002865,HOU003,1,6700,0,6700
L00007126,T0002865,DES002,1,5900,0,5900
L00007127,T0002866,RTE004,1,8400,500,7900
L00007128,T0002866,HOU001,1,2700,0,2700
L00007129,T0002867,SNK001,1,3900,300,3600
L00007130,T0002867,HOU001,1,3000,0,3000
L00007131,T0002867,SNK004,1,2600,0,2600
L00007132,T0002867,DES001,1,3100,300,2800
L00007133,T0002867,DES003,1,3700,0,3700
L00007134,T0002868,DES001,2,2900,500,5300
L00007135,T0002868,BEV004,1,2800,500,2300
L00007136,T0002868,RTE003,1,5000,0,5000
L00007137,T0002868,RTE003,1,4800,500,4300
L00007138,T0002869,DES001,1,3200,0,3200
L00007139,T0002869,RTE004,1,8700,0,8700
L00007140,T0002869,RTE002,1,7200,200,7000
L00007141,T0002870,RTE003,1,4600,500,4100
L00007142,T0002870,RTE001,1,6500,500,6000
L00007143,T0002871,BEV002,1,1600,300,1300
L00007144,T0002871,HOU002,2,2300,200,4400
L00007145,T0002871,SNK003,2,5400,500,10300
L00007146,T0002872,BEV002,1,1900,300,1600
L00007147,T0002872,RTE003,1,4800,0,4800
L00007148,T0002873,HOU002,1,2500,200,2300
L00007149,T0002874,RTE002,2,7400,0,14800
L00007150,T0002875,DES003,3,3600,0,10800
L00007151,T0002876,RTE003,1,4800,0,4800
L00007152,T0002876,BEV003,1,4200,500,3700
L00007153,T0002876,BEV003,1,4200,200,4000
L00007154,T0002877,SNK001,1,3800,500,3300
L00007155,T0002878,BEV003,2,4300,200,8400
L00007156,T0002878,SNK004,2,3000,0,6000
L00007157,T0002878,HOU003,1,6900,0,6900
L00007158,T0002878,RTE002,2,7200,0,14400
L00007159,T0002879,HOU003,1,6700,0,6700
L00007160,T0002879,DES001,2,3100,0,6200
L00007161,T0002879,HOU001,1,2900,200,2700
L00007162,T0002879,SNK003,1,5200,0,5200
L00007163,T0002880,HOU002,1,2300,200,2100
L00007164,T0002880,BEV001,2,2600,0,5200
L00007165,T0002880,BEV003,1,4300,0,4300
L00007166,T0002880,SNK002,2,4300,0,8600
L00007167,T0002880,BEV002,1,2000,0,2000
L00007168,T0002881,HOU002,1,2100,200,1900
L00007169,T0002882,RTE001,1,6500,0,6500
L00007170,T0002883,SNK003,1,5300,0,5300
L00007171,T0002883,SNK004,1,2900,0,2900
L00007172,T0002884,SNK002,1,4200,200,4000
L00007173,T0002885,HOU002,2,2300,500,4100
L00007174,T0002885,BEV001,1,2600,500,2100
L00007175,T0002886,SNK003,1,5400,200,5200
L00007176,T0002887,SNK002,2,4300,300,8300
L00007177,T0002888,DES002,1,5900,0,5900
L00007178,T0002888,BEV002,1,2000,500,1500
L00007179,T0002889,RTE003,1,5000,0,5000
L00007180,T0002889,HOU002,2,2500,200,4800
L00007181,T0002889,RTE004,2,8700,0,17400
L00007182,T0002889,BEV001,2,2500,300,4700
L00007183,T0002889,RTE001,1,6500,0,6500
L00007184,T0002890,RTE004,1,8600,0,8600
L00007185,T0002890,BEV004,1,2700,200,2500
L00007186,T0002890,RTE002,1,7300,500,6800
L00007187,T0002891,BEV001,1,2500,300,2200
L00007188,T0002892,SNK003,1,5400,300,5100
L00007189,T0002892,BEV004,2,2400,0,4800
L00007190,T0002892,HOU003,1,6700,500,6200
L00007191,T0002892,SNK003,1,5400,0,5400
L00007192,T0002892,RTE004,1,8600,0,8600
L00007193,T0002893,HOU002,1,2100,500,1600
L00007194,T0002893,DES001,1,3300,200,3100
L00007195,T0002893,DES001,1,3200,0,3200
L00007196,T0002893,SNK001,2,4000,200,7800
L00007197,T0002893,SNK002,1,4000,0,4000
L00007198,T0002894,DES001,3,3100,0,9300
L00007199,T0002894,RTE004,1,8800,0,8800
L00007200,T0002894,SNK001,1,4000,300,3700
L00007201,T0002894,DES002,1,5900,0,5900
L00007202,T0002894,DES003,1,3600,500,3100
L00007203,T0002895,RTE004,1,8400,300,8100
L00007204,T0002896,BEV004,1,2600,0,2600
L00007205,T0002897,RTE003,1,4800,0,4800
L00007206,T0002897,BEV001,1,2500,300,2200
L00007207,T0002898,BEV001,1,2600,0,2600
L00007208,T0002899,HOU002,1,2500,0,2500
L00007209,T0002899,HOU001,2,3000,0,6000
L00007210,T0002899,BEV001,1,2500,0,2500
L00007211,T0002900,RTE003,1,5000,300,4700
L00007212,T0002901,HOU003,1,7000,200,6800
L00007213,T0002901,BEV003,1,4300,0,4300
L00007214,T0002902,SNK001,1,4000,200,3800
L00007215,T0002902,SNK003,1,5300,0,5300
L00007216,T0002902,DES002,1,6100,0,6100
L00007217,T0002903,BEV001,1,2600,0,2600
L00007218,T0002903,DES003,1,3500,500,3000
L00007219,T0002903,BEV002,1,2000,500,1500
L00007220,T0002903,RTE001,1,6700,300,6400
L00007221,T0002904,SNK002,2,4000,0,8000
L00007222,T0002904,DES001,2,3200,0,6400
L00007223,T0002905,SNK001,1,3900,200,3700
L00007224,T0002905,DES003,2,3700,0,7400
L00007225,T0002905,HOU002,1,2300,0,2300
L00007226,T0002906,DES003,1,3500,0,3500
L00007227,T0002906,BEV002,1,1800,0,1800
L00007228,T0002906,DES001,1,3100,200,2900
L00007229,T0002907,SNK003,1,5400,0,5400
L00007230,T0002907,BEV004,1,2700,0,2700
L00007231,T0002907,BEV003,2,4300,0,8600
L00007232,T0002908,SNK001,1,3600,200,3400
L00007233,T0002909,DES001,1,2900,0,2900
L00007234,T0002909,HOU003,1,6900,0,6900
L00007235,T0002909,BEV001,1,2500,0,2500
L00007236,T0002909,BEV001,1,2700,500,2200
L00007237,T0002909,SNK003,1,5200,200,5000
L00007238,T0002910,SNK003,1,5200,0,5200
L00007239,T0002910,HOU003,1,7100,500,6600
L00007240,T0002910,SNK003,2,5200,0,10400
L00007241,T0002911,SNK004,1,3000,0,3000
L00007242,T0002911,BEV004,1,2800,500,2300
L00007243,T0002911,HOU003,1,6700,0,6700
L00007244,T0002912,SNK002,1,4200,300,3900
L00007245,T0002912,RTE003,1,4800,300,4500
L00007246,T0002912,HOU003,1,7100,300,6800
L00007247,T0002912,BEV004,1,2400,0,2400
L00007248,T0002913,BEV002,1,1800,0,1800
L00007249,T0002913,HOU001,1,2900,0,2900
L00007250,T0002913,SNK003,1,5000,0,5000
L00007251,T0002914,HOU002,1,2300,500,1800
L00007252,T0002914,RTE001,1,6700,300,6400
L00007253,T0002915,RTE002,1,7400,0,7400
L00007254,T0002915,DES001,1,3300,500,2800
L00007255,T0002915,RTE004,1,8600,200,8400
L00007256,T0002915,SNK003,1,5200,0,5200
L00007257,T0002915,RTE001,1,6300,200,6100
L00007258,T0002916,HOU003,2,7000,200,13800
L00007259,T0002916,SNK001,1,3600,0,3600
L00007260,T0002916,RTE003,1,5000,0,5000
L00007261,T0002916,HOU001,1,3000,0,3000
L00007262,T0002917,RTE001,2,6500,300,12700
L00007263,T0002917,BEV001,1,2500,0,2500
L00007264,T0002918,SNK002,1,4300,300,4000
L00007265,T0002919,HOU003,1,7000,300,6700
L00007266,T0002920,SNK003,1,5400,300,5100
L00007267,T0002920,SNK002,2,4200,300,8100
L00007268,T0002920,SNK001,3,3800,200,11200
L00007269,T0002920,DES003,3,3300,0,9900
L00007270,T0002921,RTE002,1,7200,500,6700
L00007271,T0002921,DES001,2,3100,0,6200
L00007272,T0002921,SNK002,1,4200,500,3700
L00007273,T0002922,DES003,1,3500,500,3000
L00007274,T0002923,DES001,1,3300,200,3100
L00007275,T0002923,HOU002,1,2500,200,2300
L00007276,T0002923,BEV002,1,2000,0,2000
L00007277,T0002924,SNK003,1,5400,0,5400
L00007278,T0002924,BEV001,1,2700,0,2700
L00007279,T0002924,RTE004,1,8400,500,7900
L00007280,T0002925,HOU002,1,2300,200,2100
L00007281,T0002926,BEV002,1,1800,500,1300
L00007282,T0002927,DES002,1,5900,500,5400
L00007283,T0002927,DES003,1,3500,500,3000
L00007284,T0002927,BEV002,1,1600,0,1600
L00007285,T0002928,SNK002,1,4200,0,4200
L00007286,T0002928,BEV002,1,1900,0,1900
L00007287,T0002928,BEV002,3,1800,0,5400
L00007288,T0002928,SNK002,1,4000,0,4000
L00007289,T0002929,HOU003,1,7100,200,6900
L00007290,T0002929,RTE004,1,8600,300,8300
L00007291,T0002929,DES002,1,5700,0,5700
L00007292,T0002930,DES003,1,3500,200,3300
L00007293,T0002930,HOU002,1,2500,0,2500
L00007294,T0002930,RTE001,1,6300,200,6100
L00007295,T0002931,SNK003,1,5200,300,4900
L00007296,T0002931,HOU001,2,3100,0,6200
L00007297,T0002931,DES003,1,3500,0,3500
L00007298,T0002931,RTE003,1,4900,300,4600
L00007299,T0002932,DES001,1,3100,0,3100
L00007300,T0002932,BEV002,2,1800,300,3300
L00007301,T0002932,SNK001,1,3900,200,3700
L00007302,T0002933,DES001,3,3300,500,9400
L00007303,T0002933,HOU001,1,3100,0,3100
L00007304,T0002934,SNK003,2,5300,0,10600
L00007305,T0002934,HOU002,1,2300,0,2300
L00007306,T0002935,SNK002,1,4000,0,4000
L00007307,T0002935,DES002,1,5900,200,5700
L00007308,T0002935,HOU003,1,7000,0,7000
L00007309,T0002936,RTE002,1,7200,300,6900
L00007310,T0002937,SNK004,3,3000,200,8800
L00007311,T0002937,HOU003,1,7100,0,7100
L00007312,T0002937,RTE004,1,8600,500,8100
L00007313,T0002937,BEV003,1,4000,0,4000
L00007314,T0002938,DES002,1,6000,0,6000
L00007315,T0002938,SNK003,1,5000,0,5000
L00007316,T0002938,RTE001,3,6500,200,19300
L00007317,T0002938,RTE002,1,7300,0,7300
L00007318,T0002939,HOU003,1,7000,200,6800
L00007319,T0002940,SNK001,2,4000,200,7800
L00007320,T0002940,HOU002,1,2400,0,2400
L00007321,T0002940,SNK004,1,2800,0,2800
L00007322,T0002941,BEV003,1,4000,500,3500
L00007323,T0002942,BEV003,2,4200,200,8200
L00007324,T0002943,SNK001,1,3600,200,3400
L00007325,T0002943,DES003,1,3500,500,3000
L00007326,T0002943,RTE002,2,7000,500,13500
L00007327,T0002943,BEV003,2,4400,0,8800
L00007328,T0002943,BEV002,1,1800,500,1300
L00007329,T0002944,SNK004,1,2600,300,2300
L00007330,T0002945,BEV003,1,4200,300,3900
L00007331,T0002945,RTE004,1,8700,0,8700
L00007332,T0002946,RTE003,1,4600,500,4100
L00007333,T0002946,BEV001,1,2500,0,2500
L00007334,T0002946,BEV004,1,2600,300,2300
L00007335,T0002946,SNK004,1,2900,500,2400
L00007336,T0002947,RTE001,2,6500,0,13000
L00007337,T0002947,BEV003,2,4200,0,8400
L00007338,T0002947,SNK002,3,4400,0,13200
L00007339,T0002948,BEV004,1,2800,0,2800
L00007340,T0002948,RTE004,1,8600,300,8300
L00007341,T0002949,DES002,2,5900,200,11600
L00007342,T0002950,DES002,1,5900,0,5900
L00007343,T0002950,BEV004,1,2400,500,1900
L00007344,T0002950,SNK004,1,2800,200,2600
L00007345,T0002951,DES003,2,3500,0,7000
L00007346,T0002951,BEV004,1,2600,200,2400
L00007347,T0002952,BEV004,1,2700,0,2700
L00007348,T0002952,BEV002,1,1600,0,1600
L00007349,T0002953,DES001,1,3300,0,3300
L00007350,T0002953,RTE001,1,6500,500,6000
L00007351,T0002953,BEV003,1,4000,0,4000
L00007352,T0002953,RTE002,1,7300,0,7300
L00007353,T0002953,HOU003,1,6900,300,6600
L00007354,T0002954,HOU002,1,2500,0,2500
L00007355,T0002955,BEV002,1,2000,300,1700
L00007356,T0002955,HOU002,1,2400,0,2400
L00007357,T0002956,SNK004,1,3000,0,3000
L00007358,T0002956,HOU003,2,6900,0,13800
L00007359,T0002956,DES003,2,3700,300,7100
L00007360,T0002956,SNK003,1,5300,300,5000
L00007361,T0002957,HOU001,1,3000,500,2500
L00007362,T0002958,BEV002,1,1800,200,1600
L00007363,T0002958,RTE002,1,7400,0,7400
L00007364,T0002959,RTE002,1,7300,200,7100
L00007365,T0002960,HOU001,1,2900,500,2400
L00007366,T0002961,HOU003,1,6900,300,6600
L00007367,T0002961,BEV001,1,2600,300,2300
L00007368,T0002961,HOU002,2,2300,500,4100
L00007369,T0002961,RTE002,1,7000,0,7000
L00007370,T0002961,RTE003,1,4900,0,4900
L00007371,T0002962,HOU002,1,2400,300,2100
L00007372,T0002962,DES003,1,3500,0,3500
L00007373,T0002963,RTE001,1,6700,0,6700
L00007374,T0002963,BEV002,1,1800,0,1800
L00007375,T0002964,RTE004,1,8800,200,8600
L00007376,T0002965,DES003,2,3300,0,6600
L00007377,T0002966,DES003,1,3500,0,3500
L00007378,T0002966,BEV001,1,2500,0,2500
L00007379,T0002967,RTE004,1,8600,200,8400
L00007380,T0002967,BEV003,1,4200,0,4200
L00007381,T0002968,DES002,1,5900,500,5400
L00007382,T0002968,RTE004,1,8400,500,7900
L00007383,T0002969,RTE002,3,7200,500,21100
L00007384,T0002969,DES001,1,3100,0,3100
L00007385,T0002969,BEV002,1,1800,200,1600
L00007386,T0002970,BEV001,2,2500,200,4800
L00007387,T0002970,BEV002,1,1800,300,1500
L00007388,T0002971,SNK001,2,3800,0,7600
L00007389,T0002972,SNK002,1,4300,200,4100
L00007390,T0002973,SNK002,1,4200,0,4200
L00007391,T0002973,BEV001,1,2500,300,2200
L00007392,T0002974,HOU002,1,2500,0,2500
L00007393,T0002974,BEV004,1,2400,500,1900
L00007394,T0002974,SNK001,1,3600,0,3600
L00007395,T0002974,DES003,1,3600,200,3400
L00007396,T0002975,HOU003,1,6900,0,6900
L00007397,T0002975,BEV002,1,1800,0,1800
L00007398,T0002975,RTE002,1,7300,300,7000
L00007399,T0002976,RTE003,1,5000,0,5000
L00007400,T0002976,SNK004,1,2800,200,2600
L00007401,T0002977,DES003,1,3500,0,3500
L00007402,T0002977,RTE003,2,4800,200,9400
L00007403,T0002978,SNK004,2,3000,300,5700
L00007404,T0002978,SNK002,1,4300,200,4100
L00007405,T0002978,HOU002,1,2500,300,2200
L00007406,T0002979,HOU003,1,6700,0,6700
L00007407,T0002979,RTE004,2,8600,0,17200
L00007408,T0002980,DES003,1,3300,0,3300
L00007409,T0002980,SNK003,1,5200,300,4900
L00007410,T0002980,RTE002,1,7200,200,7000
L00007411,T0002980,RTE004,1,8700,300,8400
L00007412,T0002980,BEV002,2,1800,200,3400
L00007413,T0002981,DES002,1,6000,300,5700
L00007414,T0002981,SNK001,1,3900,500,3400
L00007415,T0002982,DES002,1,5900,0,5900
L00007416,T0002983,SNK003,1,5000,200,4800
L00007417,T0002984,DES002,2,6000,500,11500
L00007418,T0002984,RTE001,1,6500,500,6000
L00007419,T0002985,SNK003,1,5000,0,5000
L00007420,T0002985,BEV004,1,2400,500,1900
L00007421,T0002985,DES002,1,5700,0,5700
L00007422,T0002986,RTE003,1,5000,300,4700
L00007423,T0002986,RTE002,1,7200,200,7000
L00007424,T0002986,RTE003,1,4800,500,4300
L00007425,T0002987,RTE004,1,8600,200,8400
L00007426,T0002987,BEV002,2,1900,0,3800
L00007427,T0002987,BEV003,1,4300,0,4300
L00007428,T0002988,SNK003,1,5200,0,5200
L00007429,T0002988,BEV004,1,2800,200,2600
L00007430,T0002988,SNK002,1,4300,500,3800
L00007431,T0002988,BEV002,2,2000,0,4000
L00007432,T0002989,BEV002,1,1800,0,1800
L00007433,T0002989,HOU002,1,2300,0,2300
L00007434,T0002989,BEV002,2,2000,0,4000
L00007435,T0002990,RTE002,2,7200,0,14400
L00007436,T0002990,RTE002,1,7400,0,7400
L00007437,T0002991,SNK003,2,5300,0,10600
L00007438,T0002991,SNK003,1,5200,0,5200
L00007439,T0002992,RTE003,1,4800,200,4600
L00007440,T0002992,RTE001,2,6700,0,13400
L00007441,T0002992,BEV002,1,1800,200,1600
L00007442,T0002992,HOU003,1,6900,0,6900
L00007443,T0002992,RTE001,1,6500,0,6500
L00007444,T0002993,DES003,1,3600,0,3600
L00007445,T0002994,BEV002,1,1800,0,1800
L00007446,T0002995,HOU001,1,2900,500,2400
L00007447,T0002995,DES001,1,3200,0,3200
L00007448,T0002995,RTE004,1,8600,0,8600
L00007449,T0002995,DES002,1,5900,0,5900
L00007450,T0002996,HOU002,2,2300,200,4400
L00007451,T0002996,BEV003,1,4000,200,3800
L00007452,T0002997,RTE001,3,6300,300,18600
L00007453,T0002998,DES001,2,3100,0,6200
L00007454,T0002998,SNK001,1,4000,0,4000
L00007455,T0002999,RTE003,1,4800,0,4800
L00007456,T0002999,SNK004,1,2800,0,2800
L00007457,T0002999,HOU001,1,2900,0,2900
L00007458,T0003000,HOU001,3,2900,300,8400
L00007459,T0003000,RTE004,1,8700,0,8700
L00007460,T0003001,HOU001,2,3100,300,5900
L00007461,T0003001,SNK004,1,2800,0,2800
L00007462,T0003002,SNK003,1,5300,0,5300
L00007463,T0003002,DES001,1,2900,300,2600
L00007464,T0003002,HOU001,1,2700,300,2400
L00007465,T0003003,RTE002,1,7300,500,6800
L00007466,T0003003,HOU002,1,2300,0,2300
L00007467,T0003004,RTE003,1,4800,200,4600
L00007468,T0003004,SNK004,1,2800,300,2500
L00007469,T0003004,BEV001,1,2500,0,2500
L00007470,T0003004,BEV004,1,2800,0,2800
L00007471,T0003004,HOU001,1,2900,0,2900
L00007472,T0003005,DES003,1,3600,0,3600
L00007473,T0003006,BEV004,1,2800,0,2800
L00007474,T0003006,RTE003,1,4800,300,4500
L00007475,T0003006,DES002,1,5900,0,5900
L00007476,T0003006,DES003,2,3300,200,6400
L00007477,T0003007,SNK002,1,4000,500,3500
L00007478,T0003008,DES002,1,6000,0,6000
L00007479,T0003008,BEV003,1,4200,0,4200
L00007480,T0003009,DES001,2,3100,0,6200
L00007481,T0003010,BEV001,3,2500,300,7200
L00007482,T0003010,BEV002,1,1800,0,1800
L00007483,T0003010,BEV002,1,1600,500,1100
L00007484,T0003010,BEV003,1,4200,0,4200
L00007485,T0003011,BEV004,1,2400,300,2100
L00007486,T0003011,BEV001,1,2600,300,2300
L00007487,T0003011,HOU003,1,6900,0,6900
L00007488,T0003012,RTE002,1,7200,0,7200
L00007489,T0003013,RTE004,1,8700,0,8700
L00007490,T0003013,DES003,1,3600,0,3600
L00007491,T0003013,RTE001,2,6600,500,12700
L00007492,T0003014,HOU003,1,6900,0,6900
L00007493,T0003014,RTE003,1,5000,0,5000
L00007494,T0003015,SNK001,1,3800,300,3500
L00007495,T0003015,BEV003,1,4400,0,4400
L00007496,T0003015,RTE004,1,8700,0,8700
L00007497,T0003015,BEV004,1,2400,200,2200
L00007498,T0003015,BEV002,1,1800,300,1500
L00007499,T0003016,HOU002,1,2100,200,1900
L00007500,T0003016,SNK003,1,5200,0,5200
L00007501,T0003016,RTE003,1,5000,0,5000
L00007502,T0003016,SNK004,1,2800,0,2800
L00007503,T0003017,SNK001,2,3600,500,6700
L00007504,T0003017,RTE001,1,6700,0,6700
L00007505,T0003017,RTE002,2,7000,0,14000
L00007506,T0003017,SNK004,2,2900,200,5600
L00007507,T0003018,DES002,1,5900,0,5900
L00007508,T0003018,DES001,1,2900,0,2900
L00007509,T0003018,SNK001,1,3800,500,3300
L00007510,T0003019,SNK003,1,5200,200,5000
L00007511,T0003019,BEV002,1,1600,0,1600
L00007512,T0003019,BEV001,2,2500,300,4700
L00007513,T0003019,DES002,1,6100,200,5900
L00007514,T0003019,BEV003,1,4200,300,3900
L00007515,T0003020,SNK002,1,4200,0,4200
L00007516,T0003020,SNK001,2,4000,0,8000
L00007517,T0003020,RTE004,1,8800,0,8800
L00007518,T0003020,DES001,1,3100,0,3100
L00007519,T0003021,SNK001,1,3600,300,3300
L00007520,T0003021,DES002,1,6000,200,5800
L00007521,T0003022,SNK001,1,3800,0,3800
L00007522,T0003022,DES002,1,6000,0,6000
L00007523,T0003023,BEV003,1,4400,0,4400
L00007524,T0003023,BEV002,1,1800,0,1800
L00007525,T0003023,SNK002,3,4200,0,12600
L00007526,T0003024,HOU001,1,3100,300,2800
L00007527,T0003024,RTE001,1,6700,200,6500
L00007528,T0003024,BEV004,1,2800,500,2300
L00007529,T0003025,BEV004,2,2600,0,5200
L00007530,T0003026,DES001,1,3100,0,3100
L00007531,T0003026,BEV003,1,4200,500,3700
L00007532,T0003027,BEV003,1,4000,500,3500
L00007533,T0003027,RTE004,1,8600,500,8100
L00007534,T0003028,SNK002,2,4200,0,8400
L00007535,T0003028,HOU001,2,2700,0,5400
L00007536,T0003028,DES001,1,3300,0,3300
L00007537,T0003029,BEV002,1,1800,300,1500
L00007538,T0003029,SNK003,2,5400,200,10600
L00007539,T0003030,RTE002,1,7400,0,7400
L00007540,T0003030,DES001,2,3200,200,6200
L00007541,T0003030,SNK002,2,4300,0,8600
L00007542,T0003031,SNK002,2,4400,0,8800
L00007543,T0003031,SNK003,1,5200,0,5200
L00007544,T0003032,BEV003,1,4200,300,3900
L00007545,T0003032,DES002,1,6100,500,5600
L00007546,T0003032,BEV004,1,2400,0,2400
L00007547,T0003032,RTE001,1,6700,200,6500
L00007548,T0003033,SNK003,1,5400,0,5400
L00007549,T0003033,BEV004,1,2600,0,2600
L00007550,T0003033,DES001,2,3300,300,6300
L00007551,T0003034,BEV002,1,1800,300,1500
L00007552,T0003034,HOU002,2,2300,300,4300
L00007553,T0003034,RTE001,1,6500,200,6300
L00007554,T0003034,RTE001,1,6300,0,6300
L00007555,T0003034,SNK003,2,5000,300,9700
L00007556,T0003035,DES002,1,5700,200,5500
L00007557,T0003036,SNK003,1,5200,200,5000
L00007558,T0003036,SNK001,1,4000,0,4000
L00007559,T0003036,SNK003,2,5200,500,9900
L00007560,T0003036,SNK001,3,3900,300,11400
L00007561,T0003036,DES003,1,3300,0,3300
L00007562,T0003037,SNK004,1,2800,0,2800
L00007563,T0003037,RTE001,1,6300,300,6000
L00007564,T0003038,DES002,1,5900,0,5900
L00007565,T0003039,HOU001,1,2900,500,2400
L00007566,T0003039,BEV003,1,4400,0,4400
L00007567,T0003040,SNK004,1,2800,300,2500
L00007568,T0003040,RTE001,1,6500,300,6200
L00007569,T0003040,HOU002,1,2100,0,2100
L00007570,T0003041,BEV002,1,1800,0,1800
L00007571,T0003042,SNK001,1,3800,0,3800
L00007572,T0003042,RTE001,1,6700,300,6400
L00007573,T0003042,RTE001,1,6700,0,6700
L00007574,T0003042,SNK001,1,3900,0,3900
L00007575,T0003043,DES001,1,3100,0,3100
L00007576,T0003043,BEV002,1,1800,300,1500
L00007577,T0003044,BEV001,1,2700,0,2700
L00007578,T0003044,BEV001,1,2600,0,2600
L00007579,T0003044,HOU003,1,7100,0,7100
L00007580,T0003045,BEV001,1,2700,500,2200
L00007581,T0003045,SNK002,2,4200,0,8400
L00007582,T0003045,HOU002,1,2500,0,2500
L00007583,T0003045,BEV004,1,2400,0,2400
L00007584,T0003046,RTE004,1,8800,0,8800
L00007585,T0003046,BEV004,1,2800,200,2600
L00007586,T0003046,SNK002,1,4200,200,4000
L00007587,T0003046,BEV001,3,2300,200,6700
L00007588,T0003047,DES001,1,3100,0,3100
L00007589,T0003047,RTE003,1,5000,0,5000
L00007590,T0003047,BEV001,1,2500,500,2000
L00007591,T0003048,RTE003,1,4600,200,4400
L00007592,T0003048,RTE003,2,4900,500,9300
L00007593,T0003049,DES002,2,5700,0,11400
L00007594,T0003049,BEV002,2,1800,0,3600
L00007595,T0003049,BEV002,1,1600,500,1100
L00007596,T0003049,RTE004,1,8800,0,8800
L00007597,T0003050,SNK002,1,4200,300,3900
L00007598,T0003050,DES001,1,3100,200,2900
L00007599,T0003051,RTE004,1,8700,500,8200
L00007600,T0003051,RTE004,1,8400,500,7900
L00007601,T0003052,BEV003,1,4200,500,3700
L00007602,T0003052,BEV004,1,2600,200,2400
L00007603,T0003053,RTE004,1,8600,0,8600
L00007604,T0003053,DES002,1,5700,0,5700
L00007605,T0003053,DES002,1,5700,200,5500
L00007606,T0003054,HOU003,1,7000,300,6700
L00007607,T0003054,BEV002,1,1800,0,1800
L00007608,T0003054,BEV003,1,4200,0,4200
L00007609,T0003054,DES001,1,3100,300,2800
L00007610,T0003054,BEV002,1,1800,0,1800
L00007611,T0003055,RTE001,1,6300,0,6300
L00007612,T0003056,HOU003,1,6900,200,6700
L00007613,T0003056,SNK003,1,5000,0,5000
L00007614,T0003056,BEV002,1,1800,300,1500
L00007615,T0003056,SNK003,1,5200,0,5200
L00007616,T0003057,HOU001,1,2900,0,2900
L00007617,T0003057,BEV001,3,2500,0,7500
L00007618,T0003057,DES001,1,3100,0,3100
L00007619,T0003058,RTE001,1,6600,200,6400
L00007620,T0003058,HOU001,1,3100,0,3100
L00007621,T0003058,BEV004,1,2700,200,2500
L00007622,T0003059,HOU001,1,2700,0,2700
L00007623,T0003059,RTE001,1,6500,300,6200
L00007624,T0003059,SNK004,1,2900,300,2600
L00007625,T0003060,HOU003,1,6900,200,6700
L00007626,T0003060,BEV003,1,4000,0,4000
L00007627,T0003060,BEV003,1,4200,0,4200
L00007628,T0003060,SNK002,3,4300,0,12900
L00007629,T0003061,SNK001,1,3800,0,3800
L00007630,T0003061,RTE003,2,4800,0,9600
L00007631,T0003061,HOU001,1,2900,500,2400
L00007632,T0003062,HOU003,1,6900,500,6400
L00007633,T0003062,BEV001,1,2500,0,2500
L00007634,T0003063,BEV001,1,2300,200,2100
L00007635,T0003063,SNK002,1,4200,0,4200
L00007636,T0003064,BEV002,3,1800,200,5200
L00007637,T0003064,RTE002,1,7300,200,7100
L00007638,T0003064,HOU003,2,7000,300,13700
L00007639,T0003064,RTE004,1,8600,0,8600
L00007640,T0003065,DES001,1,3100,0,3100
L00007641,T0003065,BEV003,1,4400,500,3900
L00007642,T0003065,HOU003,1,7000,0,7000
L00007643,T0003066,SNK001,1,3900,200,3700
L00007644,T0003066,BEV001,1,2500,0,2500
L00007645,T0003066,HOU003,2,6700,300,13100
L00007646,T0003066,SNK001,1,3900,0,3900
L00007647,T0003066,BEV002,1,1900,300,1600
L00007648,T0003067,RTE002,1,7200,0,7200
L00007649,T0003067,DES003,1,3500,0,3500
L00007650,T0003067,BEV002,1,1600,200,1400
L00007651,T0003068,HOU001,1,2900,300,2600
L00007652,T0003068,RTE003,1,4600,0,4600
L00007653,T0003068,DES001,2,3100,200,6000
L00007654,T0003068,RTE001,1,6300,0,6300
L00007655,T0003068,BEV003,1,4000,200,3800
L00007656,T0003069,BEV002,2,2000,500,3500
L00007657,T0003069,BEV003,1,4400,0,4400
L00007658,T0003069,RTE004,2,8600,0,17200
L00007659,T0003070,BEV003,1,4400,300,4100
L00007660,T0003070,SNK001,1,3600,500,3100
L00007661,T0003070,HOU001,1,3100,0,3100
L00007662,T0003070,RTE004,2,8800,300,17300
L00007663,T0003071,BEV003,2,4000,500,7500
L00007664,T0003071,BEV003,1,4000,0,4000
L00007665,T0003071,HOU002,2,2500,200,4800
L00007666,T0003071,HOU003,1,6900,0,6900
L00007667,T0003072,HOU003,1,7000,0,7000
L00007668,T0003072,RTE001,1,6300,0,6300
L00007669,T0003072,HOU001,1,2900,500,2400
L00007670,T0003072,SNK002,1,4400,500,3900
L00007671,T0003072,HOU001,1,2900,0,2900
L00007672,T0003073,SNK003,2,5300,300,10300
L00007673,T0003073,HOU003,1,6900,0,6900
L00007674,T0003073,RTE002,1,7200,300,6900
L00007675,T0003074,RTE002,1,7200,0,7200
L00007676,T0003075,RTE002,1,7400,0,7400
L00007677,T0003076,BEV001,1,2500,300,2200
L00007678,T0003077,SNK003,1,5000,300,4700
L00007679,T0003078,BEV004,1,2400,0,2400
L00007680,T0003078,BEV001,1,2500,0,2500
L00007681,T0003079,RTE002,1,7200,0,7200
L00007682,T0003079,BEV003,1,4300,300,4000
L00007683,T0003079,SNK003,1,5200,0,5200
L00007684,T0003079,BEV004,1,2700,200,2500
L00007685,T0003079,BEV002,1,1900,0,1900
L00007686,T0003080,HOU003,1,6900,500,6400
L00007687,T0003081,SNK002,1,4000,0,4000
L00007688,T0003081,BEV001,1,2500,500,2000
L00007689,T0003082,BEV002,1,1900,200,1700
L00007690,T0003082,HOU003,1,6700,0,6700
L00007691,T0003083,DES001,2,3200,300,6100
L00007692,T0003083,HOU003,1,6700,0,6700
L00007693,T0003084,BEV002,1,1800,0,1800
L00007694,T0003084,DES002,3,5900,0,17700
L00007695,T0003085,SNK003,1,5400,300,5100
L00007696,T0003086,RTE001,1,6500,0,6500
L00007697,T0003086,HOU002,1,2100,0,2100
L00007698,T0003087,DES001,3,3100,200,9100
L00007699,T0003087,RTE003,1,5000,0,5000
L00007700,T0003087,SNK004,1,3000,0,3000
L00007701,T0003088,BEV002,1,1800,300,1500
L00007702,T0003088,HOU001,1,2700,300,2400
L00007703,T0003088,RTE002,2,7300,300,14300
L00007704,T0003088,RTE003,1,4600,0,4600
L00007705,T0003088,RTE004,1,8700,0,8700
L00007706,T0003089,DES001,3,3200,0,9600
L00007707,T0003089,BEV004,2,2800,200,5400
L00007708,T0003089,RTE002,1,7400,500,6900
L00007709,T0003090,SNK001,2,3900,0,7800
L00007710,T0003090,BEV002,1,1600,0,1600
L00007711,T0003091,BEV004,1,2600,200,2400
L00007712,T0003091,HOU003,1,6700,500,6200
L00007713,T0003091,BEV004,1,2800,200,2600
L00007714,T0003092,BEV001,1,2300,0,2300
L00007715,T0003092,SNK002,1,4200,300,3900
L00007716,T0003093,BEV003,2,4200,500,7900
L00007717,T0003094,SNK004,1,2800,200,2600
L00007718,T0003094,RTE001,1,6600,0,6600
L00007719,T0003095,RTE002,1,7000,0,7000
L00007720,T0003095,RTE001,1,6700,500,6200
L00007721,T0003095,SNK003,1,5400,0,5400
L00007722,T0003095,RTE003,1,4900,300,4600
L00007723,T0003096,HOU003,1,7100,0,7100
L00007724,T0003096,HOU002,1,2400,0,2400
L00007725,T0003096,HOU001,1,3100,300,2800
L00007726,T0003096,RTE004,1,8400,0,8400
L00007727,T0003096,HOU003,1,7000,0,7000
L00007728,T0003097,RTE002,1,7200,500,6700
L00007729,T0003097,RTE003,2,5000,0,10000
L00007730,T0003097,DES001,1,3100,0,3100
L00007731,T0003097,BEV001,1,2700,300,2400
L00007732,T0003098,RTE002,1,7200,500,6700
L00007733,T0003099,SNK003,1,5200,0,5200
L00007734,T0003100,SNK002,2,4400,0,8800
L00007735,T0003100,DES001,1,3100,200,2900
L00007736,T0003100,SNK003,1,5000,0,5000
L00007737,T0003101,RTE001,1,6300,0,6300
L00007738,T0003102,DES002,1,6000,0,6000
L00007739,T0003102,DES002,1,5900,0,5900
L00007740,T0003102,SNK004,1,2600,0,2600
L00007741,T0003103,DES001,2,3300,500,6100
L00007742,T0003104,RTE004,1,8400,0,8400
L00007743,T0003105,BEV001,1,2500,500,2000
L00007744,T0003105,DES003,2,3700,0,7400
L00007745,T0003106,SNK003,1,5400,0,5400
L00007746,T0003106,BEV001,1,2500,0,2500
L00007747,T0003107,BEV002,1,1800,0,1800
L00007748,T0003107,BEV002,3,1900,0,5700
L00007749,T0003108,DES003,1,3700,0,3700
L00007750,T0003108,RTE004,1,8400,0,8400
L00007751,T0003108,HOU002,3,2300,200,6700
L00007752,T0003108,BEV001,1,2700,300,2400
L00007753,T0003109,SNK001,1,3800,0,3800
L00007754,T0003110,BEV003,2,4400,200,8600
L00007755,T0003110,RTE002,1,7200,200,7000
L00007756,T0003110,BEV002,1,1600,300,1300
L00007757,T0003111,BEV003,1,4200,0,4200
L00007758,T0003112,BEV004,1,2400,200,2200
L00007759,T0003113,BEV002,1,1800,0,1800
L00007760,T0003113,BEV003,1,4200,0,4200
L00007761,T0003113,BEV001,1,2700,0,2700
L00007762,T0003114,SNK001,1,3800,0,3800
L00007763,T0003114,DES003,1,3300,0,3300
L00007764,T0003115,BEV003,1,4300,0,4300
L00007765,T0003115,DES002,1,5900,0,5900
L00007766,T0003115,RTE001,1,6600,500,6100
L00007767,T0003115,DES002,1,6000,200,5800
L00007768,T0003115,RTE004,1,8600,0,8600
L00007769,T0003116,SNK002,2,4200,300,8100
L00007770,T0003116,SNK001,1,3900,200,3700
L00007771,T0003117,RTE002,2,7300,0,14600
L00007772,T0003117,SNK001,2,3600,0,7200
L00007773,T0003118,SNK001,1,3600,300,3300
L00007774,T0003118,SNK001,2,3900,0,7800
L00007775,T0003118,SNK001,1,3800,200,3600
L00007776,T0003118,SNK002,1,4400,0,4400
L00007777,T0003119,DES002,2,5700,300,11100
L00007778,T0003119,BEV004,1,2600,300,2300
L00007779,T0003119,SNK003,1,5200,500,4700
L00007780,T0003120,SNK004,2,2900,0,5800
L00007781,T0003120,RTE002,1,7300,300,7000
L00007782,T0003120,BEV001,1,2500,0,2500
L00007783,T0003120,BEV001,1,2500,0,2500
L00007784,T0003121,BEV001,2,2600,500,4700
L00007785,T0003121,DES001,1,3200,300,2900
L00007786,T0003121,SNK003,1,5400,300,5100
L00007787,T0003121,SNK004,1,2600,0,2600
L00007788,T0003122,SNK003,1,5200,0,5200
L00007789,T0003122,BEV001,2,2500,0,5000
L00007790,T0003123,DES001,1,3200,200,3000
L00007791,T0003123,HOU002,1,2100,300,1800
L00007792,T0003123,SNK002,1,4400,0,4400
L00007793,T0003124,HOU003,1,6700,0,6700
L00007794,T0003124,HOU001,1,3000,200,2800
L00007795,T0003124,HOU003,1,6700,300,6400
L00007796,T0003125,DES002,1,5700,500,5200
L00007797,T0003125,SNK002,1,4000,0,4000
L00007798,T0003126,RTE002,2,7400,200,14600
L00007799,T0003126,BEV001,2,2500,0,5000
L00007800,T0003126,BEV002,1,1600,0,1600
L00007801,T0003127,RTE001,3,6500,0,19500
L00007802,T0003127,HOU001,1,2900,300,2600
L00007803,T0003128,RTE001,1,6700,0,6700
L00007804,T0003128,BEV003,1,4200,0,4200
L00007805,T0003128,BEV001,1,2500,0,2500
L00007806,T0003128,BEV004,1,2600,0,2600
L00007807,T0003129,SNK001,1,3900,500,3400
L00007808,T0003129,SNK001,1,3800,0,3800
L00007809,T0003129,SNK003,1,5300,0,5300
L00007810,T0003130,RTE003,1,4800,0,4800
L00007811,T0003131,HOU001,1,3100,0,3100
L00007812,T0003131,DES002,1,5900,0,5900
L00007813,T0003132,HOU002,2,2100,300,3900
L00007814,T0003132,BEV001,1,2300,0,2300
L00007815,T0003132,SNK004,1,2800,0,2800
L00007816,T0003133,SNK002,1,4400,500,3900
L00007817,T0003134,RTE004,1,8400,0,8400
L00007818,T0003134,SNK001,1,3800,200,3600
L00007819,T0003135,RTE001,1,6500,500,6000
L00007820,T0003135,DES001,1,3100,0,3100
L00007821,T0003136,SNK003,1,5300,0,5300
L00007822,T0003136,RTE003,1,4900,0,4900
L00007823,T0003136,BEV001,1,2500,0,2500
L00007824,T0003136,HOU001,1,2900,300,2600
L00007825,T0003137,HOU003,1,7100,200,6900
L00007826,T0003137,BEV003,1,4200,300,3900
L00007827,T0003137,DES002,2,6100,0,12200
L00007828,T0003138,DES003,2,3500,0,7000
L00007829,T0003139,SNK003,1,5000,0,5000
L00007830,T0003139,DES003,1,3600,200,3400
L00007831,T0003139,RTE004,1,8800,0,8800
L00007832,T0003140,SNK004,1,2800,500,2300
L00007833,T0003140,HOU002,1,2100,0,2100
L00007834,T0003140,RTE004,1,8700,0,8700
L00007835,T0003141,BEV004,2,2800,500,5100
L00007836,T0003142,SNK004,1,2800,500,2300
L00007837,T0003143,HOU002,1,2100,200,1900
L00007838,T0003143,HOU001,1,2700,0,2700
L00007839,T0003144,BEV001,1,2500,500,2000
L00007840,T0003144,HOU002,1,2300,0,2300
L00007841,T0003144,BEV003,2,4200,0,8400
L00007842,T0003144,RTE002,2,7200,0,14400
L00007843,T0003145,HOU002,2,2300,500,4100
L00007844,T0003145,HOU002,1,2500,500,2000
L00007845,T0003145,HOU003,1,7100,500,6600
L00007846,T0003146,HOU003,2,7100,200,14000
L00007847,T0003146,BEV002,1,1600,200,1400
L00007848,T0003146,SNK001,1,3900,0,3900
L00007849,T0003147,SNK004,1,2600,0,2600
L00007850,T0003148,SNK002,1,4200,0,4200
L00007851,T0003148,DES001,1,2900,200,2700
L00007852,T0003148,HOU003,1,6700,0,6700
L00007853,T0003148,RTE002,1,7200,0,7200
L00007854,T0003148,BEV002,1,1800,0,1800
L00007855,T0003149,DES001,1,3100,500,2600
L00007856,T0003149,HOU003,1,7100,0,7100
L00007857,T0003150,SNK004,1,3000,500,2500
L00007858,T0003150,SNK001,1,3600,500,3100
L00007859,T0003151,SNK002,2,4300,0,8600
L00007860,T0003151,BEV003,1,4000,0,4000
L00007861,T0003151,HOU002,2,2500,200,4800
L00007862,T0003151,SNK002,1,4300,200,4100
L00007863,T0003151,BEV002,1,1900,500,1400
L00007864,T0003152,DES003,1,3300,500,2800
L00007865,T0003152,SNK001,1,3800,0,3800
L00007866,T0003153,BEV001,1,2700,300,2400
L00007867,T0003153,BEV002,1,2000,0,2000
L00007868,T0003153,HOU001,1,2900,200,2700
L00007869,T0003153,SNK001,1,4000,500,3500
L00007870,T0003154,RTE003,1,4800,500,4300
L00007871,T0003154,BEV004,1,2600,200,2400
L00007872,T0003155,HOU002,1,2300,0,2300
L00007873,T0003156,RTE004,1,8600,0,8600
L00007874,T0003156,SNK003,2,5200,300,10100
L00007875,T0003157,SNK004,1,2600,0,2600
L00007876,T0003157,SNK004,1,2900,200,2700
L00007877,T0003157,SNK003,1,5400,0,5400
L00007878,T0003158,RTE004,1,8600,200,8400
L00007879,T0003159,HOU001,1,2700,500,2200
L00007880,T0003159,DES001,1,3200,200,3000
L00007881,T0003159,SNK001,1,3600,0,3600
L00007882,T0003160,RTE003,1,4600,500,4100
L00007883,T0003160,SNK001,1,4000,300,3700
L00007884,T0003161,BEV001,1,2300,500,1800
L00007885,T0003161,BEV004,1,2700,0,2700
L00007886,T0003161,HOU002,1,2300,300,2000
L00007887,T0003162,BEV004,1,2600,300,2300
L00007888,T0003162,RTE004,1,8400,0,8400
L00007889,T0003162,SNK002,2,4300,0,8600
L00007890,T0003163,RTE001,1,6500,0,6500
L00007891,T0003164,DES002,1,6100,500,5600
L00007892,T0003164,SNK001,1,4000,200,3800
L00007893,T0003164,SNK002,2,4300,0,8600
L00007894,T0003165,RTE001,1,6500,200,6300
L00007895,T0003165,HOU003,1,6900,500,6400
L00007896,T0003166,BEV002,1,1900,500,1400
L00007897,T0003166,RTE001,1,6500,300,6200
L00007898,T0003167,BEV002,1,1900,0,1900
L00007899,T0003167,HOU002,1,2500,500,2000
L00007900,T0003167,DES001,2,3300,0,6600
L00007901,T0003168,RTE001,1,6700,0,6700
L00007902,T0003168,SNK001,1,4000,500,3500
L00007903,T0003169,RTE004,3,8400,0,25200
L00007904,T0003169,BEV003,1,4400,500,3900
L00007905,T0003170,DES002,1,5900,0,5900
L00007906,T0003170,RTE004,1,8600,200,8400
L00007907,T0003170,BEV001,1,2600,0,2600
L00007908,T0003170,HOU002,1,2300,300,2000
L00007909,T0003170,SNK003,2,5200,0,10400
L00007910,T0003171,BEV004,1,2700,0,2700
L00007911,T0003171,SNK003,1,5300,200,5100
L00007912,T0003171,RTE002,1,7300,0,7300
L00007913,T0003171,SNK001,1,4000,300,3700
L00007914,T0003171,SNK003,1,5000,0,5000
L00007915,T0003172,RTE004,1,8700,0,8700
L00007916,T0003173,HOU001,1,2900,500,2400
L00007917,T0003173,SNK002,1,4300,0,4300
L00007918,T0003174,RTE002,2,7200,0,14400
L00007919,T0003174,SNK002,1,4000,0,4000
L00007920,T0003175,BEV001,1,2500,0,2500
L00007921,T0003176,DES002,1,5900,500,5400
L00007922,T0003176,BEV001,1,2700,0,2700
L00007923,T0003176,RTE002,1,7200,0,7200
L00007924,T0003176,BEV003,1,4200,300,3900
L00007925,T0003177,BEV003,3,4300,500,12400
L00007926,T0003177,HOU001,1,3100,200,2900
L00007927,T0003177,DES002,1,5900,0,5900
L00007928,T0003178,BEV001,1,2700,0,2700
L00007929,T0003178,SNK001,1,3800,200,3600
L00007930,T0003178,RTE001,1,6500,0,6500
L00007931,T0003179,RTE003,1,5000,200,4800
L00007932,T0003179,SNK003,1,5200,0,5200
L00007933,T0003179,SNK001,2,3600,0,7200
L00007934,T0003179,BEV003,1,4400,0,4400
L00007935,T0003179,SNK004,1,2800,300,2500
L00007936,T0003180,SNK002,2,4300,300,8300
L00007937,T0003180,HOU002,3,2300,200,6700
L00007938,T0003181,RTE004,1,8700,200,8500
L00007939,T0003181,HOU001,1,2700,200,2500
L00007940,T0003181,SNK002,1,4400,500,3900
L00007941,T0003181,RTE003,1,5000,0,5000
L00007942,T0003181,BEV002,2,2000,500,3500
L00007943,T0003182,HOU001,1,2900,0,2900
L00007944,T0003182,BEV004,1,2800,0,2800
L00007945,T0003182,SNK001,1,3800,200,3600
L00007946,T0003182,RTE004,2,8600,200,17000
L00007947,T0003183,RTE002,1,7000,0,7000
L00007948,T0003183,DES001,1,2900,0,2900
L00007949,T0003184,HOU001,1,2900,200,2700
L00007950,T0003184,RTE001,1,6500,300,6200
L00007951,T0003184,RTE004,1,8400,0,8400
L00007952,T0003185,RTE001,1,6700,500,6200
L00007953,T0003185,DES003,1,3300,0,3300
L00007954,T0003185,HOU001,2,2700,0,5400
L00007955,T0003186,RTE002,1,7000,500,6500
L00007956,T0003186,HOU003,1,6700,0,6700
L00007957,T0003186,RTE003,1,4800,0,4800
L00007958,T0003187,HOU003,1,7000,0,7000
L00007959,T0003187,BEV003,1,4300,300,4000
L00007960,T0003187,BEV004,1,2600,300,2300
L00007961,T0003188,RTE001,1,6500,300,6200
L00007962,T0003188,SNK001,1,3800,0,3800
L00007963,T0003189,SNK002,2,4200,500,7900
L00007964,T0003189,DES003,1,3700,300,3400
L00007965,T0003190,RTE003,1,4900,0,4900
L00007966,T0003190,BEV004,1,2400,0,2400
L00007967,T0003190,BEV004,1,2700,500,2200
L00007968,T0003191,HOU003,1,6900,0,6900
L00007969,T0003191,DES002,1,6100,0,6100
L00007970,T0003191,BEV004,1,2400,500,1900
L00007971,T0003191,RTE004,1,8400,0,8400
L00007972,T0003192,SNK004,3,2900,500,8200
L00007973,T0003192,HOU003,1,7000,0,7000
L00007974,T0003192,BEV002,2,1600,0,3200
L00007975,T0003193,SNK002,1,4000,200,3800
L00007976,T0003193,BEV001,1,2500,200,2300
L00007977,T0003194,SNK002,1,4200,200,4000
L00007978,T0003194,SNK002,1,4400,0,4400
L00007979,T0003194,BEV003,1,4300,0,4300
L00007980,T0003195,SNK004,3,3000,500,8500
L00007981,T0003195,SNK001,1,3800,0,3800
L00007982,T0003195,SNK003,1,5300,200,5100
L00007983,T0003196,SNK003,1,5400,500,4900
L00007984,T0003196,BEV004,1,2600,0,2600
L00007985,T0003197,HOU001,1,2700,0,2700
L00007986,T0003197,RTE002,1,7200,500,6700
L00007987,T0003197,DES002,1,5900,0,5900
L00007988,T0003197,HOU002,1,2100,0,2100
L00007989,T0003197,SNK002,1,4200,0,4200
L00007990,T0003198,SNK002,1,4200,0,4200
L00007991,T0003199,SNK003,1,5200,300,4900
L00007992,T0003199,RTE004,2,8400,0,16800
L00007993,T0003199,SNK004,1,2600,200,2400
L00007994,T0003199,DES003,2,3500,200,6800
L00007995,T0003200,BEV002,2,1800,0,3600
L00007996,T0003201,SNK001,2,3900,300,7500
L00007997,T0003202,DES001,1,3300,0,3300
L00007998,T0003203,HOU003,3,6900,0,20700
L00007999,T0003203,SNK004,1,2800,0,2800
L00008000,T0003203,DES001,1,3300,0,3300
L00008001,T0003203,DES002,1,6100,200,5900
L00008002,T0003204,RTE004,1,8600,0,8600
L00008003,T0003204,SNK003,1,5300,0,5300
L00008004,T0003204,DES003,1,3700,300,3400
L00008005,T0003204,HOU001,1,2900,0,2900
L00008006,T0003205,DES003,1,3300,500,2800
L00008007,T0003205,RTE004,1,8700,200,8500
L00008008,T0003206,BEV004,1,2600,500,2100
L00008009,T0003206,RTE004,1,8600,0,8600
L00008010,T0003206,BEV003,1,4000,200,3800
L00008011,T0003207,BEV004,1,2400,0,2400
L00008012,T0003207,SNK004,2,2800,0,5600
L00008013,T0003207,BEV001,2,2700,0,5400
L00008014,T0003207,SNK004,1,2600,0,2600
L00008015,T0003207,HOU001,2,2900,0,5800
L00008016,T0003208,SNK001,3,3600,300,10500
L00008017,T0003208,BEV002,1,1600,200,1400
L00008018,T0003208,DES003,3,3500,200,10300
L00008019,T0003208,HOU002,1,2100,300,1800
L00008020,T0003209,RTE004,1,8400,0,8400
L00008021,T0003210,SNK003,1,5300,0,5300
L00008022,T0003210,BEV002,1,1800,0,1800
L00008023,T0003211,BEV001,1,2300,500,1800
L00008024,T0003211,DES003,1,3500,0,3500
L00008025,T0003211,SNK001,1,3800,0,3800
L00008026,T0003212,HOU002,1,2500,300,2200
L00008027,T0003212,BEV004,1,2600,200,2400
L00008028,T0003213,HOU001,2,2900,0,5800
L00008029,T0003213,HOU002,3,2500,200,7300
L00008030,T0003213,DES003,2,3700,200,7200
L00008031,T0003214,DES001,2,3100,300,5900
L00008032,T0003214,BEV004,1,2600,300,2300
L00008033,T0003214,SNK003,1,5000,300,4700
L00008034,T0003215,SNK001,1,3900,0,3900
L00008035,T0003215,RTE004,1,8600,0,8600
L00008036,T0003215,RTE003,2,5000,500,9500
L00008037,T0003215,SNK001,2,3600,0,7200
L00008038,T0003216,RTE002,2,7000,0,14000
L00008039,T0003216,HOU001,1,3100,0,3100
L00008040,T0003216,DES002,2,6100,200,12000
L00008041,T0003216,HOU002,2,2500,300,4700
L00008042,T0003216,HOU001,1,2700,500,2200
L00008043,T0003217,DES003,1,3500,0,3500
L00008044,T0003217,BEV001,1,2300,200,2100
L00008045,T0003217,BEV004,1,2400,200,2200
L00008046,T0003218,RTE004,2,8700,500,16900
L00008047,T0003218,BEV003,1,4200,0,4200
L00008048,T0003218,DES003,1,3600,200,3400
L00008049,T0003219,DES001,1,3300,0,3300
L00008050,T0003219,RTE001,1,6500,500,6000
L00008051,T0003219,RTE003,1,4600,200,4400
L00008052,T0003219,RTE003,1,4800,0,4800
L00008053,T0003220,HOU001,1,2900,500,2400
L00008054,T0003221,SNK001,2,3800,0,7600
L00008055,T0003221,SNK002,1,4200,300,3900
L00008056,T0003221,SNK004,1,2600,0,2600
L00008057,T0003222,BEV003,3,4200,0,12600
L00008058,T0003222,BEV001,1,2600,0,2600
L00008059,T0003222,RTE004,1,8600,0,8600
L00008060,T0003222,RTE002,1,7000,200,6800
L00008061,T0003222,HOU001,1,2900,500,2400
L00008062,T0003223,SNK001,1,3600,200,3400
L00008063,T0003223,RTE001,1,6600,0,6600
L00008064,T0003224,RTE003,2,5000,300,9700
L00008065,T0003224,DES002,1,6000,500,5500
L00008066,T0003224,RTE003,1,4600,300,4300
L00008067,T0003224,RTE004,1,8600,500,8100
L00008068,T0003224,HOU001,2,3000,0,6000
L00008069,T0003225,BEV004,1,2600,200,2400
L00008070,T0003225,RTE001,1,6700,500,6200
L00008071,T0003225,RTE004,1,8400,300,8100
L00008072,T0003225,HOU001,1,2900,300,2600
L00008073,T0003226,HOU001,1,2700,300,2400
L00008074,T0003227,HOU001,1,3000,0,3000
L00008075,T0003227,DES002,1,5900,300,5600
L00008076,T0003227,RTE003,1,5000,300,4700
L00008077,T0003228,RTE003,1,5000,300,4700
L00008078,T0003229,BEV004,1,2700,0,2700
L00008079,T0003229,HOU002,1,2500,0,2500
L00008080,T0003229,DES003,1,3700,200,3500
L00008081,T0003229,DES001,1,2900,200,2700
L00008082,T0003229,BEV002,1,2000,200,1800
L00008083,T0003230,BEV003,1,4300,0,4300
L00008084,T0003230,HOU003,1,6900,200,6700
L00008085,T0003231,RTE002,1,7300,0,7300
L00008086,T0003231,SNK003,1,5000,300,4700
L00008087,T0003231,SNK002,1,4200,500,3700
L00008088,T0003232,RTE003,1,4800,500,4300
L00008089,T0003232,HOU003,1,6900,0,6900
L00008090,T0003232,DES002,1,5900,0,5900
L00008091,T0003233,BEV001,1,2300,0,2300
L00008092,T0003234,SNK004,1,3000,300,2700
L00008093,T0003234,HOU002,1,2100,300,1800
L00008094,T0003235,RTE002,2,7000,0,14000
L00008095,T0003235,RTE004,1,8800,0,8800
L00008096,T0003236,SNK001,1,3600,200,3400
L00008097,T0003236,RTE004,1,8800,300,8500
L00008098,T0003236,SNK004,1,3000,500,2500
L00008099,T0003236,SNK002,2,4200,0,8400
L00008100,T0003237,SNK004,1,2800,0,2800
L00008101,T0003237,SNK002,2,4000,0,8000
L00008102,T0003237,DES001,1,3100,200,2900
L00008103,T0003238,HOU001,1,2700,300,2400
L00008104,T0003238,SNK003,1,5000,300,4700
L00008105,T0003238,RTE001,2,6500,300,12700
L00008106,T0003238,RTE004,2,8600,0,17200
L00008107,T0003239,RTE002,1,7200,0,7200
L00008108,T0003239,RTE003,2,4800,0,9600
L00008109,T0003239,SNK001,1,3600,0,3600
L00008110,T0003240,BEV002,1,2000,0,2000
L00008111,T0003240,HOU003,1,6900,0,6900
L00008112,T0003240,RTE003,1,5000,0,5000
L00008113,T0003241,DES003,1,3500,500,3000
L00008114,T0003241,RTE002,1,7300,500,6800
L00008115,T0003242,BEV002,1,2000,0,2000
L00008116,T0003242,RTE003,2,4800,0,9600
L00008117,T0003243,BEV004,1,2600,0,2600
L00008118,T0003243,RTE002,1,7300,200,7100
L00008119,T0003243,BEV003,1,4200,0,4200
L00008120,T0003244,SNK002,2,4200,0,8400
L00008121,T0003244,HOU001,1,2900,500,2400
L00008122,T0003244,HOU001,1,2900,300,2600
L00008123,T0003245,HOU001,1,2900,0,2900
L00008124,T0003245,DES002,1,5700,0,5700
L00008125,T0003245,HOU003,1,7100,200,6900
L00008126,T0003245,DES002,1,5900,0,5900
L00008127,T0003246,SNK002,3,4200,0,12600
L00008128,T0003246,SNK003,2,5000,0,10000
L00008129,T0003247,RTE003,1,4800,200,4600
L00008130,T0003248,HOU001,1,3100,500,2600
L00008131,T0003248,SNK003,1,5200,0,5200
L00008132,T0003248,BEV003,1,4400,300,4100
L00008133,T0003249,BEV003,3,4200,200,12400
L00008134,T0003249,DES001,3,2900,200,8500
L00008135,T0003249,BEV003,2,4400,200,8600
L00008136,T0003249,RTE004,1,8600,0,8600
L00008137,T0003249,DES001,1,3300,500,2800
L00008138,T0003250,HOU002,2,2400,0,4800
L00008139,T0003250,BEV004,1,2600,0,2600
L00008140,T0003250,DES001,1,2900,0,2900
L00008141,T0003251,RTE004,1,8400,200,8200
L00008142,T0003251,HOU001,1,3100,0,3100
L00008143,T0003251,BEV002,2,2000,0,4000
L00008144,T0003252,SNK001,1,3900,500,3400
L00008145,T0003253,RTE004,3,8800,500,25900
L00008146,T0003253,DES002,1,5900,300,5600
L00008147,T0003253,RTE004,1,8800,0,8800
L00008148,T0003254,RTE001,1,6300,0,6300
L00008149,T0003254,RTE001,1,6300,300,6000
L00008150,T0003254,HOU001,2,3000,0,6000
L00008151,T0003255,DES002,1,6100,0,6100
L00008152,T0003256,DES003,1,3500,200,3300
L00008153,T0003257,BEV001,1,2300,0,2300
L00008154,T0003257,BEV004,2,2800,500,5100
L00008155,T0003257,SNK001,1,3800,200,3600
L00008156,T0003258,BEV001,1,2300,0,2300
L00008157,T0003259,RTE001,1,6300,300,6000
L00008158,T0003259,DES002,2,5700,500,10900
L00008159,T0003260,SNK004,1,2900,0,2900
L00008160,T0003260,HOU001,1,2900,0,2900
L00008161,T0003261,HOU003,1,7100,0,7100
L00008162,T0003261,RTE002,2,7400,0,14800
L00008163,T0003261,SNK002,1,4200,200,4000
L00008164,T0003262,SNK002,1,4400,200,4200
L00008165,T0003262,SNK004,1,2800,500,2300
L00008166,T0003262,SNK003,1,5200,300,4900
L00008167,T0003263,HOU002,1,2100,0,2100
L00008168,T0003264,DES003,1,3600,0,3600
L00008169,T0003264,RTE004,1,8800,200,8600
L00008170,T0003264,HOU003,1,6700,300,6400
L00008171,T0003264,DES001,1,3100,500,2600
L00008172,T0003265,HOU003,1,7000,200,6800
L00008173,T0003265,BEV002,1,2000,0,2000
L00008174,T0003265,SNK003,1,5200,300,4900
L00008175,T0003265,DES001,1,2900,0,2900
L00008176,T0003266,BEV002,1,1900,0,1900
L00008177,T0003266,BEV004,2,2600,200,5000
L00008178,T0003267,RTE001,3,6300,500,18400
L00008179,T0003268,DES002,3,5700,0,17100
L00008180,T0003268,SNK004,1,2800,0,2800
L00008181,T0003268,BEV003,1,4300,300,4000
L00008182,T0003268,BEV003,1,4200,0,4200
L00008183,T0003269,BEV002,2,1900,500,3300
L00008184,T0003269,BEV003,1,4300,200,4100
L00008185,T0003270,SNK004,1,3000,0,3000
L00008186,T0003270,SNK001,1,4000,200,3800
L00008187,T0003270,DES001,1,3200,0,3200
L00008188,T0003270,DES001,2,3200,500,5900
L00008189,T0003271,RTE001,1,6700,0,6700
L00008190,T0003271,HOU003,3,6700,0,20100
L00008191,T0003271,BEV004,1,2700,200,2500
L00008192,T0003271,HOU002,1,2400,0,2400
L00008193,T0003272,BEV004,1,2600,0,2600
L00008194,T0003272,RTE004,1,8400,500,7900
L00008195,T0003273,DES002,1,5900,0,5900
L00008196,T0003273,BEV003,1,4200,0,4200
L00008197,T0003274,DES002,1,5700,0,5700
L00008198,T0003274,RTE002,1,7400,500,6900
L00008199,T0003274,RTE003,1,5000,0,5000
L00008200,T0003275,DES001,1,3100,0,3100
L00008201,T0003275,RTE002,1,7300,0,7300
L00008202,T0003275,SNK003,1,5000,300,4700
L00008203,T0003275,SNK002,1,4200,0,4200
L00008204,T0003276,BEV004,1,2700,500,2200
L00008205,T0003276,SNK004,1,3000,300,2700
L00008206,T0003277,RTE001,1,6500,0,6500
L00008207,T0003277,RTE004,1,8800,0,8800
L00008208,T0003277,DES003,1,3300,500,2800
L00008209,T0003278,BEV002,1,1900,0,1900
L00008210,T0003278,SNK003,1,5200,0,5200
L00008211,T0003279,SNK003,1,5000,500,4500
L00008212,T0003279,DES002,1,5900,300,5600
L00008213,T0003279,SNK003,1,5400,0,5400
L00008214,T0003280,DES001,1,3100,0,3100
L00008215,T0003280,DES003,1,3600,500,3100
L00008216,T0003280,HOU002,1,2400,0,2400
L00008217,T0003281,RTE001,1,6500,500,6000
L00008218,T0003281,RTE004,1,8800,200,8600
L00008219,T0003281,DES001,1,3100,0,3100
L00008220,T0003281,HOU003,1,7000,200,6800
L00008221,T0003281,HOU003,1,6700,0,6700
L00008222,T0003282,DES001,1,3200,0,3200
L00008223,T0003282,DES001,3,3300,0,9900
L00008224,T0003283,HOU003,1,7100,500,6600
L00008225,T0003284,BEV004,1,2700,0,2700
L00008226,T0003285,RTE002,2,7200,500,13900
L00008227,T0003285,DES001,1,3200,500,2700
L00008228,T0003285,DES001,1,3200,0,3200
L00008229,T0003285,RTE002,1,7400,200,7200
L00008230,T0003286,SNK004,1,2800,500,2300
L00008231,T0003286,BEV002,2,1800,0,3600
L00008232,T0003286,BEV004,2,2700,500,4900
L00008233,T0003286,SNK002,3,4400,0,13200
L00008234,T0003287,HOU003,3,7000,0,21000
L00008235,T0003287,SNK001,1,3600,0,3600
L00008236,T0003287,BEV001,1,2300,0,2300
L00008237,T0003287,SNK004,1,2800,200,2600
L00008238,T0003287,RTE004,1,8400,0,8400
L00008239,T0003288,HOU001,2,2900,200,5600
L00008240,T0003288,BEV003,1,4300,0,4300
L00008241,T0003289,RTE004,1,8600,0,8600
L00008242,T0003289,BEV001,1,2300,0,2300
L00008243,T0003289,SNK002,1,4300,0,4300
L00008244,T0003290,SNK002,1,4000,300,3700
L00008245,T0003290,BEV001,1,2600,500,2100
L00008246,T0003290,DES003,1,3700,500,3200
L00008247,T0003290,BEV003,2,4400,0,8800
L00008248,T0003291,SNK001,1,3800,0,3800
L00008249,T0003291,HOU002,1,2500,0,2500
L00008250,T0003292,HOU003,2,7000,500,13500
L00008251,T0003292,SNK003,2,5000,200,9800
L00008252,T0003292,BEV001,1,2600,0,2600
L00008253,T0003292,BEV001,1,2600,0,2600
L00008254,T0003293,HOU001,1,3000,500,2500
L00008255,T0003293,BEV002,1,2000,0,2000
L00008256,T0003294,HOU003,1,7100,0,7100
L00008257,T0003295,SNK002,3,4200,300,12300
L00008258,T0003295,SNK002,1,4400,0,4400
L00008259,T0003295,SNK002,1,4000,0,4000
L00008260,T0003295,SNK003,2,5400,0,10800
L00008261,T0003296,SNK003,1,5200,0,5200
L00008262,T0003296,HOU001,1,3000,0,3000
L00008263,T0003297,SNK001,1,3800,0,3800
L00008264,T0003297,SNK003,1,5200,300,4900
L00008265,T0003297,DES002,1,5900,500,5400
L00008266,T0003297,SNK003,1,5000,500,4500
L00008267,T0003298,SNK002,1,4200,0,4200
L00008268,T0003299,DES003,2,3500,500,6500
L00008269,T0003299,DES001,1,3100,0,3100
L00008270,T0003299,RTE004,1,8400,0,8400
L00008271,T0003299,BEV004,1,2400,0,2400
L00008272,T0003300,HOU003,2,6700,0,13400
L00008273,T0003300,RTE002,1,7300,500,6800
L00008274,T0003300,DES001,1,3100,500,2600
L00008275,T0003300,DES003,1,3500,500,3000
L00008276,T0003301,DES003,1,3700,0,3700
L00008277,T0003301,BEV001,1,2300,200,2100
L00008278,T0003301,HOU003,2,7000,0,14000
L00008279,T0003302,RTE003,2,4800,0,9600
L00008280,T0003302,HOU003,1,6900,300,6600
L00008281,T0003303,SNK004,1,2800,0,2800
L00008282,T0003303,DES001,1,2900,0,2900
L00008283,T0003304,HOU003,3,6700,0,20100
L00008284,T0003304,HOU003,1,6900,500,6400
L00008285,T0003304,RTE004,3,8400,0,25200
L00008286,T0003305,RTE001,1,6300,0,6300
L00008287,T0003306,DES003,1,3500,300,3200
L00008288,T0003306,RTE002,1,7200,0,7200
L00008289,T0003306,SNK004,1,3000,200,2800
L00008290,T0003306,HOU003,1,7100,0,7100
L00008291,T0003306,RTE004,1,8800,300,8500
L00008292,T0003307,RTE002,1,7200,0,7200
L00008293,T0003307,HOU002,1,2400,0,2400
L00008294,T0003308,RTE001,2,6600,200,13000
L00008295,T0003309,BEV004,1,2700,500,2200
L00008296,T0003310,BEV004,2,2700,0,5400
L00008297,T0003310,DES001,2,3300,0,6600
L00008298,T0003311,HOU003,2,7000,300,13700
L00008299,T0003311,BEV004,1,2600,500,2100
L00008300,T0003312,HOU001,1,3000,500,2500
L00008301,T0003313,RTE003,1,4800,0,4800
L00008302,T0003313,BEV001,1,2700,300,2400
L00008303,T0003313,BEV004,2,2400,500,4300
L00008304,T0003314,RTE002,1,7000,0,7000
L00008305,T0003314,SNK002,2,4000,0,8000
L00008306,T0003315,HOU003,1,7100,500,6600
L00008307,T0003315,BEV003,2,4200,0,8400
L00008308,T0003316,SNK002,1,4000,0,4000
L00008309,T0003316,HOU001,1,3100,300,2800
L00008310,T0003317,BEV004,1,2700,0,2700
L00008311,T0003317,BEV002,2,1900,0,3800
L00008312,T0003317,DES002,1,6000,0,6000
L00008313,T0003317,RTE004,1,8400,200,8200
L00008314,T0003318,HOU002,1,2500,0,2500
L00008315,T0003318,DES001,3,3300,0,9900
L00008316,T0003318,HOU003,1,7100,300,6800
L00008317,T0003319,BEV001,1,2600,0,2600
L00008318,T0003319,SNK002,1,4300,0,4300
L00008319,T0003319,SNK002,2,4400,300,8500
L00008320,T0003319,RTE002,1,7200,0,7200
L00008321,T0003320,HOU003,1,7100,0,7100
L00008322,T0003320,BEV003,2,4400,0,8800
L00008323,T0003320,RTE004,2,8600,0,17200
L00008324,T0003321,BEV003,1,4400,0,4400
L00008325,T0003321,SNK004,1,2800,500,2300
L00008326,T0003322,DES002,1,5900,0,5900
L00008327,T0003323,SNK004,1,2600,500,2100
L00008328,T0003323,HOU001,1,2900,200,2700
L00008329,T0003323,HOU001,2,2700,500,4900
L00008330,T0003323,SNK002,1,4300,0,4300
L00008331,T0003323,BEV001,2,2300,500,4100
L00008332,T0003324,HOU002,1,2100,300,1800
L00008333,T0003324,SNK004,2,2800,200,5400
L00008334,T0003324,DES001,1,3100,0,3100
L00008335,T0003324,DES001,1,3100,0,3100
L00008336,T0003324,BEV002,2,2000,0,4000
L00008337,T0003325,HOU001,1,3000,0,3000
L00008338,T0003325,DES001,2,2900,0,5800
L00008339,T0003326,BEV001,2,2500,500,4500
L00008340,T0003326,DES001,1,3300,300,3000
L00008341,T0003326,RTE004,1,8600,200,8400
L00008342,T0003327,SNK001,1,3800,0,3800
L00008343,T0003328,SNK004,1,2800,300,2500
L00008344,T0003328,BEV004,1,2400,500,1900
L00008345,T0003328,SNK003,1,5400,0,5400
L00008346,T0003328,SNK002,1,4000,0,4000
L00008347,T0003328,HOU002,1,2300,0,2300
L00008348,T0003329,BEV003,1,4300,0,4300
L00008349,T0003329,SNK001,1,3800,500,3300
L00008350,T0003329,SNK002,1,4300,0,4300
L00008351,T0003330,DES002,1,6100,300,5800
L00008352,T0003330,BEV003,1,4200,0,4200
L00008353,T0003330,SNK004,1,2900,0,2900
L00008354,T0003330,DES003,3,3500,300,10200
L00008355,T0003331,SNK004,1,2900,0,2900
L00008356,T0003331,SNK001,2,3800,200,7400
L00008357,T0003332,BEV001,1,2700,0,2700
L00008358,T0003332,RTE002,1,7300,0,7300
L00008359,T0003333,RTE001,1,6700,300,6400
L00008360,T0003333,BEV003,1,4400,200,4200
L00008361,T0003333,HOU003,1,7000,200,6800
L00008362,T0003334,BEV003,1,4200,200,4000
L00008363,T0003335,RTE001,1,6300,0,6300
L00008364,T0003335,HOU001,1,2900,0,2900
L00008365,T0003335,HOU001,1,2900,500,2400
L00008366,T0003336,SNK004,1,2900,300,2600
L00008367,T0003336,HOU001,1,3000,200,2800
L00008368,T0003337,BEV003,1,4000,0,4000
L00008369,T0003338,BEV002,1,1900,500,1400
L00008370,T0003339,RTE001,2,6600,0,13200
L00008371,T0003339,RTE002,2,7400,0,14800
L00008372,T0003340,BEV001,1,2500,300,2200
L00008373,T0003340,BEV001,2,2500,0,5000
L00008374,T0003340,HOU001,1,3100,0,3100
L00008375,T0003340,RTE004,1,8600,0,8600
L00008376,T0003340,RTE001,3,6500,0,19500
L00008377,T0003341,HOU001,1,2900,500,2400
L00008378,T0003342,BEV002,2,1900,200,3600
L00008379,T0003342,SNK001,1,3800,0,3800
L00008380,T0003342,DES001,1,2900,300,2600
L00008381,T0003343,BEV004,2,2700,0,5400
L00008382,T0003344,BEV003,1,4000,0,4000
L00008383,T0003344,SNK001,1,3900,200,3700
L00008384,T0003344,SNK001,1,4000,500,3500
L00008385,T0003345,SNK004,2,2800,300,5300
L00008386,T0003345,RTE003,1,4800,300,4500
L00008387,T0003345,SNK004,1,2800,300,2500
L00008388,T0003346,SNK004,1,2800,200,2600
L00008389,T0003346,BEV002,1,1800,0,1800
L00008390,T0003347,DES003,2,3600,0,7200
L00008391,T0003348,BEV002,1,1800,0,1800
L00008392,T0003349,DES002,1,6100,200,5900
L00008393,T0003349,SNK002,1,4300,300,4000
L00008394,T0003349,BEV001,1,2500,200,2300
L00008395,T0003349,DES003,1,3700,500,3200
L00008396,T0003350,RTE001,1,6600,200,6400
L00008397,T0003350,SNK002,1,4200,0,4200
L00008398,T0003351,HOU003,1,6700,0,6700
L00008399,T0003351,DES001,1,3100,500,2600
L00008400,T0003351,BEV002,1,1800,500,1300
L00008401,T0003351,DES001,1,3100,200,2900
L00008402,T0003352,HOU003,2,6700,0,13400
L00008403,T0003353,RTE004,2,8400,200,16600
L00008404,T0003353,BEV001,1,2500,0,2500
L00008405,T0003353,HOU003,1,6700,0,6700
L00008406,T0003353,SNK003,1,5200,0,5200
L00008407,T0003353,BEV001,1,2500,500,2000
L00008408,T0003354,SNK001,1,3600,0,3600
L00008409,T0003354,BEV001,1,2500,0,2500
L00008410,T0003354,RTE001,1,6500,0,6500
L00008411,T0003354,RTE002,1,7000,200,6800
L00008412,T0003354,RTE002,1,7400,0,7400
L00008413,T0003355,RTE003,1,4800,0,4800
L00008414,T0003355,HOU002,1,2500,0,2500
L00008415,T0003355,HOU003,1,7000,200,6800
L00008416,T0003355,BEV003,1,4000,300,3700
L00008417,T0003355,RTE004,2,8800,200,17400
L00008418,T0003356,HOU003,2,6900,300,13500
L00008419,T0003357,HOU003,1,7000,0,7000
L00008420,T0003357,RTE003,1,4900,0,4900
L00008421,T0003357,BEV003,1,4300,200,4100
L00008422,T0003358,HOU001,2,2900,0,5800
L00008423,T0003358,DES003,1,3700,0,3700
L00008424,T0003359,SNK003,1,5300,200,5100
L00008425,T0003359,BEV001,1,2300,300,2000
L00008426,T0003359,RTE001,1,6300,300,6000
L00008427,T0003360,HOU003,1,6900,0,6900
L00008428,T0003360,HOU002,1,2500,200,2300
L00008429,T0003361,SNK004,2,3000,0,6000
L00008430,T0003361,DES003,1,3300,200,3100
L00008431,T0003361,DES001,1,3300,0,3300
L00008432,T0003361,DES001,1,3200,300,2900
L00008433,T0003362,DES001,1,3100,300,2800
L00008434,T0003362,HOU003,1,7000,200,6800
L00008435,T0003363,SNK003,1,5200,300,4900
L00008436,T0003363,BEV001,1,2500,0,2500
L00008437,T0003363,DES001,1,2900,300,2600
L00008438,T0003363,SNK002,1,4400,0,4400
L00008439,T0003363,SNK003,2,5200,0,10400
L00008440,T0003364,RTE004,1,8400,0,8400
L00008441,T0003365,HOU002,1,2300,200,2100
L00008442,T0003365,DES003,1,3500,500,3000
L00008443,T0003366,HOU003,1,7000,0,7000
L00008444,T0003366,DES003,1,3500,0,3500
L00008445,T0003367,BEV003,1,4200,0,4200
L00008446,T0003367,RTE001,1,6500,200,6300
L00008447,T0003368,DES002,1,5900,500,5400
L00008448,T0003368,DES003,1,3600,0,3600
L00008449,T0003369,DES001,1,3300,0,3300
L00008450,T0003370,BEV004,1,2400,500,1900
L00008451,T0003370,RTE004,2,8700,200,17200
L00008452,T0003370,RTE003,3,4800,0,14400
L00008453,T0003371,BEV003,1,4400,300,4100
L00008454,T0003372,HOU002,1,2100,200,1900
L00008455,T0003372,BEV002,1,2000,0,2000
L00008456,T0003372,DES002,1,5900,500,5400
L00008457,T0003372,BEV003,2,4200,500,7900
L00008458,T0003373,BEV001,1,2300,0,2300
L00008459,T0003374,RTE001,1,6500,300,6200
L00008460,T0003374,RTE001,1,6700,200,6500
L00008461,T0003374,SNK003,1,5000,300,4700
L00008462,T0003375,SNK002,1,4300,0,4300
L00008463,T0003375,BEV001,1,2500,0,2500
L00008464,T0003375,RTE004,1,8400,0,8400
L00008465,T0003375,DES003,1,3700,300,3400
L00008466,T0003376,HOU003,1,7000,0,7000
L00008467,T0003376,BEV002,1,1900,500,1400
L00008468,T0003377,SNK004,2,2800,0,5600
L00008469,T0003378,RTE003,1,5000,0,5000
L00008470,T0003378,RTE002,1,7400,0,7400
L00008471,T0003378,HOU003,3,7000,0,21000
L00008472,T0003379,HOU001,1,2900,0,2900
L00008473,T0003379,RTE004,1,8400,200,8200
L00008474,T0003380,HOU002,1,2100,0,2100
L00008475,T0003380,HOU002,1,2300,0,2300
L00008476,T0003380,BEV002,1,1900,0,1900
L00008477,T0003380,HOU003,1,7100,0,7100
L00008478,T0003380,SNK002,1,4200,0,4200
L00008479,T0003381,HOU001,1,2900,0,2900
L00008480,T0003382,HOU003,1,7000,0,7000
L00008481,T0003383,BEV002,2,1600,0,3200
L00008482,T0003383,RTE001,1,6500,200,6300
L00008483,T0003384,BEV001,1,2700,0,2700
L00008484,T0003384,BEV001,1,2500,500,2000
L00008485,T0003384,BEV001,3,2300,0,6900
L00008486,T0003385,DES002,1,5900,0,5900
L00008487,T0003385,DES001,1,3200,300,2900
L00008488,T0003385,BEV003,1,4000,500,3500
L00008489,T0003385,HOU003,1,7100,500,6600
L00008490,T0003386,BEV003,1,4300,200,4100
L00008491,T0003387,DES001,2,3100,300,5900
L00008492,T0003388,BEV001,1,2300,500,1800
L00008493,T0003388,HOU003,3,6900,0,20700
L00008494,T0003389,DES002,1,6000,300,5700
L00008495,T0003389,DES003,1,3300,200,3100
L00008496,T0003389,BEV004,1,2700,0,2700
L00008497,T0003390,RTE002,1,7200,0,7200
L00008498,T0003390,DES003,1,3300,200,3100
L00008499,T0003390,BEV003,1,4000,0,4000
L00008500,T0003390,BEV003,1,4300,0,4300
L00008501,T0003391,RTE002,3,7400,200,22000
L00008502,T0003391,BEV004,1,2600,0,2600
L00008503,T0003391,HOU001,1,2900,500,2400
L00008504,T0003391,BEV001,1,2600,0,2600
L00008505,T0003391,RTE002,2,7200,200,14200
L00008506,T0003392,SNK004,2,2600,0,5200
L00008507,T0003392,RTE003,2,4600,0,9200
L00008508,T0003392,BEV001,2,2500,300,4700
L00008509,T0003392,RTE002,1,7000,0,7000
L00008510,T0003393,HOU003,1,7000,300,6700
L00008511,T0003393,SNK004,1,3000,500,2500
L00008512,T0003393,SNK004,2,2900,0,5800
L00008513,T0003394,SNK003,1,5200,200,5000
L00008514,T0003394,RTE001,1,6500,300,6200
L00008515,T0003395,BEV003,1,4300,200,4100
L00008516,T0003395,HOU002,2,2500,0,5000
L00008517,T0003395,DES003,1,3500,0,3500
L00008518,T0003395,HOU002,2,2300,500,4100
L00008519,T0003396,BEV002,2,1600,0,3200
L00008520,T0003396,RTE004,2,8600,500,16700
L00008521,T0003396,HOU003,1,7100,200,6900
L00008522,T0003397,HOU003,1,6900,500,6400
L00008523,T0003397,SNK004,1,2600,500,2100
L00008524,T0003398,RTE001,3,6600,0,19800
L00008525,T0003399,BEV002,1,1900,200,1700
L00008526,T0003399,DES003,1,3600,200,3400
L00008527,T0003400,BEV003,1,4300,500,3800
L00008528,T0003400,HOU002,1,2500,200,2300
L00008529,T0003400,HOU003,1,6900,0,6900
L00008530,T0003400,HOU001,1,2700,500,2200
L00008531,T0003401,BEV004,1,2800,300,2500
L00008532,T0003401,DES002,2,5700,200,11200
L00008533,T0003401,SNK003,1,5400,0,5400
L00008534,T0003402,BEV002,1,1800,300,1500
L00008535,T0003402,SNK004,1,2900,500,2400
L00008536,T0003403,RTE003,1,4900,300,4600
L00008537,T0003403,SNK003,1,5400,0,5400
L00008538,T0003404,RTE002,1,7200,500,6700
L00008539,T0003404,SNK003,1,5200,200,5000
L00008540,T0003405,SNK003,1,5200,200,5000
L00008541,T0003405,BEV003,1,4000,0,4000
L00008542,T0003406,BEV004,2,2700,0,5400
L00008543,T0003406,RTE001,3,6300,500,18400
L00008544,T0003406,BEV002,1,2000,500,1500
L00008545,T0003406,HOU002,1,2100,0,2100
L00008546,T0003407,HOU003,2,6900,500,13300
L00008547,T0003407,BEV004,2,2800,0,5600
L00008548,T0003408,HOU002,1,2100,0,2100
L00008549,T0003408,SNK001,2,3600,0,7200
L00008550,T0003409,RTE004,2,8700,200,17200
L00008551,T0003409,SNK002,1,4300,0,4300
L00008552,T0003410,SNK001,1,4000,200,3800
L00008553,T0003410,SNK001,2,3800,300,7300
L00008554,T0003410,BEV004,1,2600,500,2100
L00008555,T0003410,DES001,1,3100,0,3100
L00008556,T0003411,RTE002,2,7200,300,14100
L00008557,T0003412,HOU002,2,2300,300,4300
L00008558,T0003412,DES002,1,6100,500,5600
L00008559,T0003412,BEV001,2,2600,0,5200
L00008560,T0003413,RTE004,2,8400,500,16300
L00008561,T0003413,RTE001,1,6500,0,6500
L00008562,T0003414,RTE002,1,7300,0,7300
L00008563,T0003415,RTE003,1,4600,500,4100
L00008564,T0003415,HOU001,1,3100,300,2800
L00008565,T0003415,SNK002,1,4200,0,4200
L00008566,T0003415,HOU001,1,3100,0,3100
L00008567,T0003416,RTE004,1,8800,200,8600
L00008568,T0003416,SNK004,1,2600,0,2600
L00008569,T0003417,RTE001,1,6300,300,6000
L00008570,T0003418,RTE004,1,8800,0,8800
L00008571,T0003418,SNK004,1,2600,0,2600
L00008572,T0003418,DES002,2,6000,0,12000
L00008573,T0003419,RTE002,1,7000,0,7000
L00008574,T0003419,BEV002,1,1600,0,1600
L00008575,T0003420,RTE001,1,6500,0,6500
L00008576,T0003420,HOU002,1,2100,500,1600
L00008577,T0003421,SNK003,1,5300,0,5300
L00008578,T0003421,BEV002,1,1800,0,1800
L00008579,T0003422,RTE004,2,8400,0,16800
L00008580,T0003422,SNK004,3,2800,0,8400
L00008581,T0003422,SNK004,1,2800,0,2800
L00008582,T0003423,RTE003,1,4600,0,4600
L00008583,T0003423,DES002,1,5700,0,5700
L00008584,T0003423,HOU001,1,2700,0,2700
L00008585,T0003424,SNK001,1,3800,0,3800
L00008586,T0003425,SNK003,3,5200,0,15600
L00008587,T0003426,SNK003,1,5400,0,5400
L00008588,T0003426,RTE003,2,4800,300,9300
L00008589,T0003426,DES002,2,6000,0,12000
L00008590,T0003427,HOU001,1,2900,500,2400
L00008591,T0003427,RTE003,1,4800,0,4800
L00008592,T0003427,BEV003,1,4400,500,3900
L00008593,T0003427,DES001,2,2900,0,5800
L00008594,T0003428,RTE002,3,7400,0,22200
L00008595,T0003428,SNK003,1,5200,0,5200
L00008596,T0003428,SNK002,1,4300,200,4100
L00008597,T0003429,RTE001,1,6600,500,6100
L00008598,T0003429,BEV004,1,2700,0,2700
L00008599,T0003429,HOU002,1,2100,0,2100
L00008600,T0003429,BEV004,1,2600,300,2300
L00008601,T0003430,SNK003,1,5200,200,5000
L00008602,T0003431,DES002,1,5700,500,5200
L00008603,T0003431,RTE004,1,8700,0,8700
L00008604,T0003432,DES001,1,3200,500,2700
L00008605,T0003432,DES002,2,5900,500,11300
L00008606,T0003432,SNK003,1,5000,0,5000
L00008607,T0003432,BEV002,1,1600,500,1100
L00008608,T0003432,HOU001,1,3100,200,2900
L00008609,T0003433,SNK004,1,3000,0,3000
L00008610,T0003433,DES001,1,2900,300,2600
L00008611,T0003433,RTE002,1,7200,0,7200
L00008612,T0003433,RTE004,3,8400,0,25200
L00008613,T0003434,HOU001,1,2700,500,2200
L00008614,T0003434,DES002,1,5700,300,5400
L00008615,T0003435,DES002,2,5700,0,11400
L00008616,T0003436,RTE004,1,8600,0,8600
L00008617,T0003436,SNK002,1,4000,200,3800
L00008618,T0003436,SNK003,1,5000,200,4800
L00008619,T0003437,DES001,1,3100,0,3100
L00008620,T0003437,BEV004,1,2600,500,2100
L00008621,T0003437,BEV003,1,4000,200,3800
L00008622,T0003437,BEV003,1,4200,0,4200
L00008623,T0003438,SNK002,1,4000,0,4000
L00008624,T0003438,SNK002,2,4200,0,8400
L00008625,T0003439,SNK002,1,4200,0,4200
L00008626,T0003439,SNK001,1,3800,0,3800
L00008627,T0003439,DES002,1,5900,0,5900
L00008628,T0003439,SNK002,1,4400,0,4400
L00008629,T0003440,BEV004,1,2600,0,2600
L00008630,T0003440,BEV001,1,2300,500,1800
L00008631,T0003440,SNK003,1,5200,500,4700
L00008632,T0003441,BEV004,2,2600,200,5000
L00008633,T0003441,SNK003,3,5300,200,15700
L00008634,T0003441,DES003,1,3300,0,3300
L00008635,T0003442,DES001,1,3100,0,3100
L00008636,T0003442,DES001,2,3100,0,6200
L00008637,T0003442,SNK003,1,5000,0,5000
L00008638,T0003443,HOU002,3,2400,500,6700
L00008639,T0003443,HOU001,1,2700,0,2700
L00008640,T0003443,HOU003,1,6700,500,6200
L00008641,T0003443,HOU002,1,2500,500,2000
L00008642,T0003443,BEV001,1,2600,0,2600
L00008643,T0003444,RTE003,1,4800,300,4500
L00008644,T0003444,HOU002,1,2300,200,2100
L00008645,T0003445,HOU003,2,7100,500,13700
L00008646,T0003445,HOU002,2,2100,0,4200
L00008647,T0003445,DES002,3,5900,0,17700
L00008648,T0003445,SNK002,1,4200,0,4200
L00008649,T0003446,RTE003,3,4800,0,14400
L00008650,T0003446,SNK003,1,5200,0,5200
L00008651,T0003447,BEV002,1,1600,200,1400
L00008652,T0003448,DES002,1,6000,0,6000
L00008653,T0003449,HOU003,1,7000,0,7000
L00008654,T0003449,HOU001,1,3100,300,2800
L00008655,T0003449,HOU002,1,2300,500,1800
L00008656,T0003449,DES003,2,3300,0,6600
L00008657,T0003450,RTE001,1,6500,0,6500
L00008658,T0003450,RTE001,2,6700,200,13200
L00008659,T0003450,BEV001,1,2500,300,2200
L00008660,T0003450,DES002,1,5900,0,5900
L00008661,T0003450,BEV004,1,2600,300,2300
L00008662,T0003451,SNK004,2,2600,300,4900
L00008663,T0003451,HOU003,2,7100,500,13700
L00008664,T0003451,SNK002,1,4200,300,3900
L00008665,T0003452,DES001,2,3300,0,6600
L00008666,T0003452,DES002,1,5900,200,5700
L00008667,T0003452,DES003,1,3300,0,3300
L00008668,T0003453,BEV003,1,4300,0,4300
L00008669,T0003454,BEV001,1,2300,300,2000
L00008670,T0003454,BEV002,3,1800,500,4900
L00008671,T0003454,RTE003,1,4900,0,4900
L00008672,T0003454,BEV002,1,2000,200,1800
L00008673,T0003454,BEV004,1,2800,300,2500
L00008674,T0003455,HOU001,1,3100,0,3100
L00008675,T0003456,RTE003,2,4800,0,9600
L00008676,T0003456,BEV001,1,2600,0,2600
L00008677,T0003457,DES003,1,3500,0,3500
L00008678,T0003457,BEV001,1,2700,500,2200
L00008679,T0003457,HOU001,1,2700,0,2700
L00008680,T0003458,HOU003,1,7000,200,6800
L00008681,T0003458,SNK001,2,3800,0,7600
L00008682,T0003458,RTE002,1,7000,500,6500
L00008683,T0003458,HOU002,1,2400,300,2100
L00008684,T0003459,BEV001,2,2300,0,4600
L00008685,T0003459,RTE002,1,7400,0,7400
L00008686,T0003459,BEV002,1,2000,0,2000
L00008687,T0003460,SNK003,1,5200,0,5200
L00008688,T0003460,BEV002,1,1600,200,1400
L00008689,T0003460,HOU002,1,2100,200,1900
L00008690,T0003461,RTE004,1,8400,0,8400
L00008691,T0003461,SNK002,1,4200,0,4200
L00008692,T0003461,BEV004,1,2400,0,2400
L00008693,T0003461,DES001,1,3200,0,3200
L00008694,T0003462,SNK004,1,2600,0,2600
L00008695,T0003462,BEV004,3,2600,0,7800
L00008696,T0003462,BEV002,1,1800,0,1800
L00008697,T0003462,SNK004,2,2600,500,4700
L00008698,T0003463,SNK003,1,5200,200,5000
L00008699,T0003464,DES001,1,3100,500,2600
L00008700,T0003464,SNK004,2,3000,200,5800
L00008701,T0003465,SNK004,1,2600,0,2600
L00008702,T0003465,RTE002,1,7300,500,6800
L00008703,T0003465,RTE002,1,7200,0,7200
L00008704,T0003466,RTE002,1,7400,300,7100
L00008705,T0003466,BEV002,2,1800,0,3600
L00008706,T0003467,DES001,1,3100,500,2600
L00008707,T0003468,RTE004,1,8600,0,8600
L00008708,T0003468,SNK003,1,5200,500,4700
L00008709,T0003468,BEV003,1,4300,0,4300
L00008710,T0003469,HOU003,1,6900,500,6400
L00008711,T0003469,DES002,1,5700,300,5400
L00008712,T0003470,SNK004,1,2800,200,2600
L00008713,T0003470,HOU002,1,2300,500,1800
L00008714,T0003471,SNK004,1,2800,300,2500
L00008715,T0003472,SNK003,1,5000,0,5000
L00008716,T0003472,HOU003,3,6700,0,20100
L00008717,T0003472,DES001,1,3100,0,3100
L00008718,T0003473,DES002,1,6000,300,5700
L00008719,T0003473,BEV002,1,1900,300,1600
L00008720,T0003474,BEV001,1,2500,500,2000
L00008721,T0003474,HOU002,2,2100,300,3900
L00008722,T0003475,BEV002,1,1900,0,1900
L00008723,T0003476,RTE004,1,8400,0,8400
L00008724,T0003476,RTE004,2,8600,0,17200
L00008725,T0003476,RTE001,2,6300,0,12600
L00008726,T0003476,HOU003,2,7100,0,14200
L00008727,T0003477,DES001,1,3300,300,3000
L00008728,T0003477,DES002,1,6000,0,6000
L00008729,T0003477,HOU002,1,2400,0,2400
L00008730,T0003477,BEV002,2,1900,0,3800
L00008731,T0003477,SNK003,1,5400,300,5100
L00008732,T0003478,BEV002,2,1800,500,3100
L00008733,T0003479,BEV004,2,2700,500,4900
L00008734,T0003480,HOU002,1,2100,200,1900
L00008735,T0003481,SNK001,1,3800,200,3600
L00008736,T0003481,SNK001,1,3600,200,3400
L00008737,T0003481,DES002,1,5700,300,5400
L00008738,T0003482,HOU002,2,2300,300,4300
L00008739,T0003482,HOU001,1,2900,200,2700
L00008740,T0003482,BEV001,1,2500,0,2500
L00008741,T0003482,HOU002,1,2500,0,2500
L00008742,T0003483,SNK002,1,4200,300,3900
L00008743,T0003483,BEV003,1,4400,0,4400
L00008744,T0003483,BEV004,1,2700,0,2700
L00008745,T0003484,HOU002,1,2300,0,2300
L00008746,T0003484,SNK003,1,5000,300,4700
L00008747,T0003484,RTE002,1,7300,500,6800
L00008748,T0003485,SNK002,1,4200,200,4000
L00008749,T0003485,DES001,1,3200,200,3000
L00008750,T0003485,RTE003,1,5000,0,5000
L00008751,T0003485,RTE004,1,8600,200,8400
L00008752,T0003485,BEV003,1,4200,200,4000
L00008753,T0003486,BEV004,1,2800,500,2300
L00008754,T0003486,DES001,1,3100,300,2800
L00008755,T0003486,DES001,2,3200,300,6100
L00008756,T0003486,BEV003,2,4200,300,8100
L00008757,T0003486,HOU003,1,6900,0,6900
L00008758,T0003487,RTE001,2,6500,0,13000
L00008759,T0003487,BEV002,1,1900,0,1900
L00008760,T0003487,BEV002,1,1800,0,1800
L00008761,T0003488,RTE002,1,7400,0,7400
L00008762,T0003488,RTE004,1,8700,0,8700
L00008763,T0003488,BEV003,1,4400,500,3900
L00008764,T0003488,HOU003,1,7100,300,6800
L00008765,T0003489,DES002,1,5900,300,5600
L00008766,T0003489,SNK001,1,3800,200,3600
L00008767,T0003489,SNK002,3,4400,0,13200
L00008768,T0003490,BEV003,1,4000,500,3500
L00008769,T0003490,HOU003,1,6900,300,6600
L00008770,T0003491,BEV004,3,2600,500,7300
L00008771,T0003491,SNK001,1,4000,300,3700
L00008772,T0003491,SNK001,1,4000,0,4000
L00008773,T0003491,SNK001,2,3800,0,7600
L00008774,T0003491,BEV002,2,2000,200,3800
L00008775,T0003492,SNK001,1,3800,0,3800
L00008776,T0003492,DES003,1,3500,200,3300
L00008777,T0003493,RTE002,1,7200,500,6700
L00008778,T0003494,SNK003,1,5200,0,5200
L00008779,T0003494,RTE004,1,8800,300,8500
L00008780,T0003495,SNK003,1,5000,0,5000
L00008781,T0003496,RTE001,1,6500,300,6200
L00008782,T0003497,SNK001,1,3600,200,3400
L00008783,T0003497,HOU002,1,2100,0,2100
L00008784,T0003498,DES001,1,3100,0,3100
L00008785,T0003498,HOU002,1,2300,0,2300
L00008786,T0003498,SNK003,1,5200,0,5200
L00008787,T0003499,DES003,1,3500,500,3000
L00008788,T0003499,SNK001,2,3900,0,7800
L00008789,T0003500,RTE001,1,6700,0,6700
L00008790,T0003501,RTE003,1,5000,200,4800
L00008791,T0003501,SNK003,1,5000,0,5000
L00008792,T0003501,RTE002,1,7400,0,7400
L00008793,T0003501,RTE002,2,7000,0,14000
L00008794,T0003502,RTE001,2,6500,200,12800
L00008795,T0003503,SNK001,2,3800,0,7600
L00008796,T0003503,HOU002,2,2400,200,4600
L00008797,T0003504,HOU001,1,2900,300,2600
L00008798,T0003504,RTE003,1,4900,200,4700
L00008799,T0003504,DES001,1,3300,0,3300
L00008800,T0003504,DES003,1,3600,500,3100
L00008801,T0003504,HOU002,1,2500,500,2000
L00008802,T0003505,SNK004,1,2600,0,2600
L00008803,T0003506,BEV002,1,2000,0,2000
L00008804,T0003507,HOU001,1,3100,200,2900
L00008805,T0003507,RTE002,1,7200,0,7200
L00008806,T0003508,SNK001,1,3800,300,3500
L00008807,T0003508,BEV004,1,2600,200,2400
L00008808,T0003508,HOU001,1,2900,500,2400
L00008809,T0003509,SNK003,1,5300,0,5300
L00008810,T0003509,BEV001,3,2700,0,8100
L00008811,T0003509,DES003,1,3700,300,3400
L00008812,T0003510,BEV003,1,4200,500,3700
L00008813,T0003510,SNK001,2,4000,300,7700
L00008814,T0003511,RTE003,1,4800,200,4600
L00008815,T0003512,SNK003,1,5400,0,5400
L00008816,T0003512,SNK004,1,2900,500,2400
L00008817,T0003512,SNK001,2,3900,300,7500
L00008818,T0003513,HOU001,1,2700,200,2500
L00008819,T0003513,DES003,1,3300,200,3100
L00008820,T0003513,BEV002,3,2000,0,6000
L00008821,T0003514,DES001,2,3200,500,5900
L00008822,T0003514,HOU001,1,2900,0,2900
L00008823,T0003515,RTE003,2,4900,0,9800
L00008824,T0003515,DES001,1,3200,0,3200
L00008825,T0003515,SNK001,3,3800,200,11200
L00008826,T0003516,DES002,2,5900,0,11800
L00008827,T0003516,HOU001,1,3100,200,2900
L00008828,T0003517,RTE002,1,7200,0,7200
L00008829,T0003517,HOU003,1,6900,300,6600
L00008830,T0003517,DES001,1,3300,300,3000
L00008831,T0003518,BEV003,1,4400,0,4400
L00008832,T0003519,HOU002,1,2500,0,2500
L00008833,T0003519,HOU001,1,3000,200,2800
L00008834,T0003519,BEV003,1,4200,200,4000
L00008835,T0003520,RTE001,1,6700,300,6400
L00008836,T0003521,RTE003,1,4600,0,4600
L00008837,T0003521,DES003,2,3700,0,7400
L00008838,T0003521,RTE004,1,8600,200,8400
L00008839,T0003521,HOU001,2,2700,500,4900
L00008840,T0003521,BEV003,1,4000,200,3800
L00008841,T0003522,BEV004,1,2600,300,2300
L00008842,T0003522,BEV001,1,2500,500,2000
L00008843,T0003522,BEV004,1,2800,500,2300
L00008844,T0003523,BEV003,1,4300,500,3800
L00008845,T0003523,RTE004,1,8400,300,8100
L00008846,T0003523,BEV004,1,2600,500,2100
L00008847,T0003523,BEV001,1,2600,300,2300
L00008848,T0003524,SNK003,1,5200,500,4700
L00008849,T0003524,BEV004,1,2700,0,2700
L00008850,T0003524,SNK004,1,2800,0,2800
L00008851,T0003524,BEV004,2,2600,0,5200
L00008852,T0003524,RTE002,1,7300,200,7100
L00008853,T0003525,BEV004,2,2600,0,5200
L00008854,T0003525,SNK004,1,2800,200,2600
L00008855,T0003526,RTE002,1,7200,0,7200
L00008856,T0003526,BEV003,1,4400,0,4400
L00008857,T0003526,HOU003,2,6900,0,13800
L00008858,T0003526,DES002,2,5700,0,11400
L00008859,T0003527,DES002,1,6000,500,5500
L00008860,T0003527,BEV003,1,4300,300,4000
L00008861,T0003528,BEV004,1,2600,500,2100
L00008862,T0003528,BEV001,1,2300,300,2000
L00008863,T0003529,RTE003,2,5000,300,9700
L00008864,T0003529,BEV003,1,4400,300,4100
L00008865,T0003530,DES003,1,3300,200,3100
L00008866,T0003531,SNK002,1,4300,200,4100
L00008867,T0003531,HOU002,1,2400,300,2100
L00008868,T0003531,BEV001,1,2300,0,2300
L00008869,T0003532,SNK001,1,3800,500,3300
L00008870,T0003532,RTE001,1,6500,200,6300
L00008871,T0003532,SNK001,1,3900,0,3900
L00008872,T0003533,SNK004,1,2800,0,2800
L00008873,T0003533,DES003,1,3500,500,3000
L00008874,T0003533,BEV004,1,2600,500,2100
L00008875,T0003533,RTE001,1,6600,200,6400
L00008876,T0003533,RTE001,2,6500,0,13000
L00008877,T0003534,SNK001,1,3800,500,3300
L00008878,T0003534,BEV001,2,2500,0,5000
L00008879,T0003534,HOU002,1,2100,0,2100
L00008880,T0003534,SNK001,1,3800,0,3800
L00008881,T0003535,HOU003,2,6900,300,13500
L00008882,T0003535,SNK002,1,4300,0,4300
L00008883,T0003535,BEV003,2,4000,500,7500
L00008884,T0003535,BEV004,1,2800,300,2500
L00008885,T0003535,RTE004,2,8600,200,17000
L00008886,T0003536,BEV002,1,2000,300,1700
L00008887,T0003537,HOU002,3,2300,0,6900
L00008888,T0003537,HOU003,1,6700,500,6200
L00008889,T0003538,RTE003,1,4600,300,4300
L00008890,T0003539,SNK003,1,5000,300,4700
L00008891,T0003539,RTE003,1,4600,0,4600
L00008892,T0003539,HOU001,1,3100,500,2600
L00008893,T0003540,RTE002,1,7300,300,7000
L00008894,T0003540,RTE003,1,4600,0,4600
L00008895,T0003541,HOU002,1,2400,0,2400
L00008896,T0003541,BEV002,1,2000,200,1800
L00008897,T0003541,DES002,1,5900,200,5700
L00008898,T0003541,RTE004,1,8600,0,8600
L00008899,T0003541,HOU001,2,2900,0,5800
L00008900,T0003542,RTE004,2,8600,0,17200
L00008901,T0003542,DES002,1,5700,300,5400
L00008902,T0003543,HOU002,1,2300,200,2100
L00008903,T0003543,SNK003,1,5200,0,5200
L00008904,T0003544,DES002,1,6000,500,5500
L00008905,T0003544,BEV003,2,4000,0,8000
L00008906,T0003544,HOU001,1,2700,0,2700
L00008907,T0003544,DES001,1,2900,0,2900
L00008908,T0003545,RTE004,1,8700,300,8400
L00008909,T0003546,SNK002,1,4300,500,3800
L00008910,T0003547,RTE001,1,6500,300,6200
L00008911,T0003547,SNK003,1,5000,0,5000
L00008912,T0003547,BEV002,1,2000,0,2000
L00008913,T0003547,HOU003,2,7000,300,13700
L00008914,T0003547,RTE001,1,6500,0,6500
L00008915,T0003548,RTE003,1,4600,0,4600
L00008916,T0003548,DES001,2,3200,0,6400
L00008917,T0003548,HOU001,1,3000,500,2500
L00008918,T0003549,RTE001,1,6300,300,6000
L00008919,T0003550,DES003,1,3300,0,3300
L00008920,T0003550,BEV002,1,1800,200,1600
L00008921,T0003550,DES003,1,3500,300,3200
L00008922,T0003551,HOU002,1,2500,0,2500
L00008923,T0003551,RTE002,1,7200,300,6900
L00008924,T0003551,BEV003,1,4200,0,4200
L00008925,T0003551,BEV001,2,2500,0,5000
L00008926,T0003552,RTE003,1,4800,200,4600
L00008927,T0003552,SNK001,2,4000,500,7500
L00008928,T0003552,DES001,1,3300,200,3100
L00008929,T0003553,BEV003,1,4400,200,4200
L00008930,T0003553,SNK001,1,3800,0,3800
L00008931,T0003553,RTE004,1,8400,0,8400
L00008932,T0003554,RTE002,1,7200,0,7200
L00008933,T0003554,RTE001,1,6300,0,6300
L00008934,T0003554,BEV004,2,2800,500,5100
L00008935,T0003554,DES002,2,5900,300,11500
L00008936,T0003554,SNK004,3,2800,0,8400
L00008937,T0003555,BEV004,1,2400,200,2200
L00008938,T0003555,DES002,1,5700,500,5200
L00008939,T0003555,BEV002,1,1800,200,1600
L00008940,T0003556,RTE001,1,6300,200,6100
L00008941,T0003556,SNK002,1,4200,300,3900
L00008942,T0003556,SNK002,1,4400,300,4100
L00008943,T0003557,SNK003,3,5400,0,16200
L00008944,T0003557,SNK002,1,4200,0,4200
L00008945,T0003558,RTE003,1,4600,500,4100
L00008946,T0003558,RTE002,1,7000,300,6700
L00008947,T0003559,RTE001,1,6300,200,6100
L00008948,T0003560,BEV001,1,2500,0,2500
L00008949,T0003560,BEV001,1,2700,200,2500
L00008950,T0003561,BEV001,1,2500,200,2300
L00008951,T0003562,BEV001,1,2500,0,2500
L00008952,T0003562,RTE003,2,4600,0,9200
L00008953,T0003563,DES002,1,6000,0,6000
L00008954,T0003563,HOU001,1,3100,200,2900
L00008955,T0003563,SNK003,1,5200,0,5200
L00008956,T0003564,DES003,1,3700,0,3700
L00008957,T0003565,DES003,2,3600,0,7200
L00008958,T0003566,DES002,1,5900,0,5900
L00008959,T0003567,RTE004,1,8600,0,8600
L00008960,T0003567,SNK004,2,2800,500,5100
L00008961,T0003567,RTE003,1,4800,0,4800
L00008962,T0003568,RTE002,1,7000,200,6800
L00008963,T0003569,BEV004,1,2700,200,2500
L00008964,T0003569,RTE004,1,8800,0,8800
L00008965,T0003569,BEV001,1,2300,300,2000
L00008966,T0003570,BEV002,1,2000,300,1700
L00008967,T0003570,DES001,1,3200,0,3200
L00008968,T0003571,BEV002,1,1800,0,1800
L00008969,T0003571,RTE004,1,8800,0,8800
L00008970,T0003572,BEV004,1,2600,500,2100
L00008971,T0003572,BEV003,2,4300,0,8600
L00008972,T0003572,DES001,3,3200,300,9300
L00008973,T0003573,BEV001,2,2300,0,4600
L00008974,T0003574,BEV001,1,2300,500,1800
L00008975,T0003574,RTE002,1,7400,0,7400
L00008976,T0003574,DES003,1,3500,500,3000
L00008977,T0003575,RTE001,1,6500,200,6300
L00008978,T0003575,SNK001,1,4000,200,3800
L00008979,T0003576,BEV003,2,4000,0,8000
L00008980,T0003576,HOU001,1,2700,500,2200
L00008981,T0003576,BEV003,1,4000,0,4000
L00008982,T0003577,BEV004,1,2600,200,2400
L00008983,T0003577,BEV002,1,1600,0,1600
L00008984,T0003578,BEV001,1,2700,0,2700
L00008985,T0003578,DES002,1,6100,200,5900
L00008986,T0003579,RTE004,1,8700,0,8700
L00008987,T0003579,RTE004,2,8400,0,16800
L00008988,T0003579,SNK001,1,3800,200,3600
L00008989,T0003580,SNK001,1,3800,0,3800
L00008990,T0003581,DES002,1,6100,0,6100
L00008991,T0003582,BEV004,2,2700,500,4900
L00008992,T0003582,BEV003,2,4400,300,8500
L00008993,T0003583,HOU002,1,2500,500,2000
L00008994,T0003584,DES001,1,3300,500,2800
L00008995,T0003584,DES001,1,2900,300,2600
L00008996,T0003584,BEV001,1,2700,0,2700
L00008997,T0003585,SNK001,1,3800,0,3800
L00008998,T0003585,BEV002,1,1900,300,1600
L00008999,T0003585,HOU001,1,3100,0,3100
L00009000,T0003585,BEV001,1,2500,200,2300
L00009001,T0003586,SNK004,1,2600,200,2400
L00009002,T0003586,BEV004,2,2400,0,4800
L00009003,T0003587,RTE001,1,6600,0,6600
L00009004,T0003588,SNK004,1,2800,300,2500
L00009005,T0003589,RTE004,3,8600,0,25800
L00009006,T0003589,RTE002,1,7200,0,7200
L00009007,T0003590,SNK001,2,3600,0,7200
L00009008,T0003590,BEV004,1,2700,500,2200
L00009009,T0003590,DES002,1,5900,0,5900
L00009010,T0003591,HOU002,3,2500,500,7000
L00009011,T0003592,SNK002,3,4200,300,12300
L00009012,T0003592,DES002,1,6100,300,5800
L00009013,T0003592,BEV002,1,1800,0,1800
L00009014,T0003592,BEV002,1,2000,0,2000
L00009015,T0003592,RTE003,2,4800,500,9100
L00009016,T0003593,SNK002,1,4000,0,4000
L00009017,T0003593,HOU002,1,2300,300,2000
L00009018,T0003594,SNK002,1,4200,500,3700
L00009019,T0003595,RTE003,1,4800,0,4800
L00009020,T0003596,HOU002,1,2300,0,2300
L00009021,T0003597,RTE004,1,8600,500,8100
L00009022,T0003597,HOU002,1,2300,300,2000
L00009023,T0003598,RTE002,1,7300,500,6800
L00009024,T0003598,SNK001,1,3900,300,3600
L00009025,T0003599,RTE001,1,6600,0,6600
L00009026,T0003599,HOU001,2,2900,500,5300
L00009027,T0003599,SNK001,1,3600,0,3600
L00009028,T0003599,BEV004,2,2700,300,5100
L00009029,T0003600,DES003,1,3300,0,3300
L00009030,T0003600,BEV003,1,4200,500,3700
L00009031,T0003600,DES001,1,3100,0,3100
L00009032,T0003601,BEV002,2,1800,0,3600
L00009033,T0003601,DES003,1,3600,0,3600
L00009034,T0003601,SNK001,1,3600,0,3600
L00009035,T0003601,SNK002,1,4400,0,4400
L00009036,T0003602,BEV003,1,4200,300,3900
L00009037,T0003603,HOU001,1,2700,0,2700
L00009038,T0003603,BEV003,1,4200,0,4200
L00009039,T0003603,BEV004,1,2600,200,2400
L00009040,T0003603,DES003,1,3300,0,3300
L00009041,T0003603,RTE003,1,4800,300,4500
L00009042,T0003604,HOU003,1,6900,0,6900
L00009043,T0003604,DES003,1,3700,0,3700
L00009044,T0003604,RTE003,1,4600,300,4300
L00009045,T0003605,RTE004,1,8600,500,8100
L00009046,T0003605,BEV002,1,1800,0,1800
L00009047,T0003606,SNK003,1,5400,200,5200
L00009048,T0003607,SNK002,1,4300,300,4000
L00009049,T0003608,DES003,2,3500,0,7000
L00009050,T0003608,BEV001,1,2500,200,2300
L00009051,T0003608,RTE004,1,8600,0,8600
L00009052,T0003609,RTE002,1,7300,500,6800
L00009053,T0003610,HOU002,1,2500,0,2500
L00009054,T0003610,SNK001,1,3600,500,3100
L00009055,T0003610,HOU002,2,2100,500,3700
L00009056,T0003611,BEV001,3,2700,300,7800
L00009057,T0003611,SNK004,1,3000,0,3000
L00009058,T0003611,BEV003,1,4200,300,3900
L00009059,T0003611,HOU002,2,2300,300,4300
L00009060,T0003611,BEV004,1,2700,0,2700
L00009061,T0003612,SNK003,1,5400,0,5400
L00009062,T0003613,HOU001,1,3000,0,3000
L00009063,T0003613,DES003,2,3500,0,7000
L00009064,T0003614,HOU002,1,2500,0,2500
L00009065,T0003614,HOU002,2,2100,0,4200
L00009066,T0003615,SNK001,1,3900,300,3600
L00009067,T0003615,BEV003,1,4200,0,4200
L00009068,T0003615,BEV004,1,2800,0,2800
L00009069,T0003615,RTE004,1,8600,0,8600
L00009070,T0003616,DES003,1,3500,300,3200
L00009071,T0003616,RTE003,1,4900,300,4600
L00009072,T0003616,BEV001,1,2600,300,2300
L00009073,T0003616,HOU003,1,6900,500,6400
L00009074,T0003617,SNK001,1,3900,0,3900
L00009075,T0003617,DES002,2,5900,200,11600
L00009076,T0003618,HOU003,1,7100,0,7100
L00009077,T0003619,RTE001,2,6600,300,12900
L00009078,T0003619,SNK002,1,4200,300,3900
L00009079,T0003619,BEV003,1,4000,0,4000
L00009080,T0003619,DES002,2,6000,500,11500
L00009081,T0003620,BEV003,1,4000,300,3700
L00009082,T0003620,SNK004,3,2800,0,8400
L00009083,T0003621,HOU003,1,7100,0,7100
L00009084,T0003621,BEV003,1,4200,500,3700
L00009085,T0003621,RTE001,1,6600,300,6300
L00009086,T0003622,SNK002,1,4000,0,4000
L00009087,T0003622,DES002,2,6000,0,12000
L00009088,T0003623,SNK003,1,5000,200,4800
L00009089,T0003623,SNK002,1,4200,0,4200
L00009090,T0003624,DES001,2,3100,0,6200
L00009091,T0003624,DES003,1,3500,300,3200
L00009092,T0003624,DES001,1,3100,0,3100
L00009093,T0003624,SNK002,1,4200,0,4200
L00009094,T0003625,RTE003,1,4600,300,4300
L00009095,T0003625,DES001,1,3300,0,3300
L00009096,T0003625,BEV004,2,2800,0,5600
L00009097,T0003625,BEV004,2,2600,200,5000
L00009098,T0003626,BEV002,1,2000,0,2000
L00009099,T0003626,RTE002,1,7200,0,7200
L00009100,T0003626,DES003,1,3600,300,3300
L00009101,T0003626,SNK001,1,3800,0,3800
L00009102,T0003627,BEV002,1,1900,200,1700
L00009103,T0003627,BEV003,2,4200,300,8100
L00009104,T0003628,RTE001,1,6500,200,6300
L00009105,T0003628,DES003,1,3300,300,3000
L00009106,T0003628,HOU002,1,2500,0,2500
L00009107,T0003628,SNK003,1,5400,0,5400
L00009108,T0003628,DES003,1,3600,500,3100
L00009109,T0003629,RTE003,1,4600,300,4300
L00009110,T0003629,RTE002,1,7000,500,6500
L00009111,T0003630,SNK001,2,4000,0,8000
L00009112,T0003630,DES003,2,3600,0,7200
L00009113,T0003630,SNK003,1,5300,500,4800
L00009114,T0003631,RTE001,1,6300,300,6000
L00009115,T0003631,DES003,1,3500,200,3300
L00009116,T0003631,RTE002,2,7200,0,14400
L00009117,T0003632,SNK003,1,5200,500,4700
L00009118,T0003632,DES001,1,3200,500,2700
L00009119,T0003632,SNK002,1,4300,300,4000
L00009120,T0003632,SNK001,1,3900,500,3400
L00009121,T0003632,SNK004,1,2800,300,2500
L00009122,T0003633,RTE002,1,7300,0,7300
L00009123,T0003633,DES002,1,6100,0,6100
L00009124,T0003634,BEV001,1,2600,0,2600
L00009125,T0003635,BEV004,3,2800,500,7900
L00009126,T0003635,DES002,1,6100,0,6100
L00009127,T0003635,HOU003,1,6900,300,6600
L00009128,T0003635,RTE003,3,4600,200,13600
L00009129,T0003636,DES001,1,2900,0,2900
L00009130,T0003636,SNK004,1,3000,0,3000
L00009131,T0003637,HOU003,1,7000,0,7000
L00009132,T0003637,BEV004,1,2700,0,2700
L00009133,T0003638,DES001,2,2900,0,5800
L00009134,T0003638,SNK001,1,3800,300,3500
L00009135,T0003639,SNK001,1,3900,200,3700
L00009136,T0003640,BEV001,1,2500,0,2500
L00009137,T0003640,DES001,1,3300,300,3000
L00009138,T0003640,BEV001,1,2500,0,2500
L00009139,T0003641,RTE001,1,6600,500,6100
L00009140,T0003642,DES002,2,6100,0,12200
L00009141,T0003643,BEV003,1,4400,200,4200
L00009142,T0003643,BEV003,1,4300,500,3800
L00009143,T0003644,HOU003,1,7100,500,6600
L00009144,T0003644,SNK003,1,5200,200,5000
L00009145,T0003644,DES002,1,5900,500,5400
L00009146,T0003645,DES003,1,3700,300,3400
L00009147,T0003645,RTE001,1,6600,0,6600
L00009148,T0003645,SNK004,1,2800,300,2500
L00009149,T0003645,BEV003,1,4400,500,3900
L00009150,T0003646,BEV001,1,2500,0,2500
L00009151,T0003646,RTE001,2,6500,300,12700
L00009152,T0003646,SNK003,2,5200,200,10200
L00009153,T0003646,RTE002,2,7200,0,14400
L00009154,T0003647,DES002,1,5700,500,5200
L00009155,T0003647,SNK004,1,2800,300,2500
L00009156,T0003647,DES003,1,3300,200,3100
L00009157,T0003647,BEV001,1,2600,0,2600
L00009158,T0003647,RTE003,1,4800,0,4800
L00009159,T0003648,RTE004,1,8800,200,8600
L00009160,T0003648,DES002,1,5700,500,5200
L00009161,T0003649,BEV002,1,1600,0,1600
L00009162,T0003649,HOU003,1,7000,200,6800
L00009163,T0003650,RTE003,1,4800,200,4600
L00009164,T0003650,RTE002,2,7000,0,14000
L00009165,T0003651,RTE002,1,7000,300,6700
L00009166,T0003651,BEV002,1,1800,0,1800
L00009167,T0003651,RTE003,1,5000,0,5000
L00009168,T0003651,SNK002,1,4400,0,4400
L00009169,T0003652,BEV002,1,1600,0,1600
L00009170,T0003652,DES002,1,6000,200,5800
L00009171,T0003653,DES001,1,3100,300,2800
L00009172,T0003654,RTE001,1,6600,0,6600
L00009173,T0003654,BEV001,1,2700,0,2700
L00009174,T0003654,HOU001,1,2900,500,2400
L00009175,T0003654,BEV002,2,1600,0,3200
L00009176,T0003654,BEV002,1,1800,500,1300
L00009177,T0003655,HOU003,1,6700,300,6400
L00009178,T0003655,BEV002,1,1900,300,1600
L00009179,T0003655,HOU001,1,3000,500,2500
L00009180,T0003655,DES001,2,3100,0,6200
L00009181,T0003656,RTE001,1,6600,300,6300
L00009182,T0003656,RTE003,2,5000,0,10000
L00009183,T0003656,RTE003,1,4800,0,4800
L00009184,T0003657,HOU002,1,2300,0,2300
L00009185,T0003657,BEV003,1,4400,0,4400
L00009186,T0003657,RTE003,2,4800,0,9600
L00009187,T0003657,SNK001,1,3800,0,3800
L00009188,T0003658,HOU002,1,2100,0,2100
L00009189,T0003658,RTE001,1,6300,0,6300
L00009190,T0003658,HOU001,1,2700,0,2700
L00009191,T0003659,RTE002,1,7200,0,7200
L00009192,T0003659,HOU003,3,7100,500,20800
L00009193,T0003659,HOU002,1,2100,300,1800
L00009194,T0003659,DES001,1,3100,0,3100
L00009195,T0003660,BEV003,1,4200,0,4200
L00009196,T0003660,HOU003,1,7000,0,7000
L00009197,T0003660,SNK002,1,4000,300,3700
L00009198,T0003660,SNK002,1,4200,0,4200
L00009199,T0003660,SNK003,1,5300,300,5000
L00009200,T0003661,DES002,1,5900,300,5600
L00009201,T0003662,HOU003,1,7000,0,7000
L00009202,T0003662,DES003,2,3300,300,6300
L00009203,T0003662,SNK002,1,4200,200,4000
L00009204,T0003663,BEV001,1,2700,0,2700
L00009205,T0003663,RTE001,1,6500,300,6200
L00009206,T0003663,RTE001,1,6300,0,6300
L00009207,T0003663,HOU002,1,2500,500,2000
L00009208,T0003663,DES002,1,5900,500,5400
L00009209,T0003664,BEV004,3,2600,300,7500
L00009210,T0003664,DES001,1,2900,200,2700
L00009211,T0003665,RTE004,1,8600,0,8600
L00009212,T0003665,SNK002,1,4200,0,4200
L00009213,T0003665,RTE004,1,8700,0,8700
L00009214,T0003665,RTE003,2,4900,500,9300
L00009215,T0003666,DES001,1,3200,300,2900
L00009216,T0003666,HOU001,1,2900,300,2600
L00009217,T0003667,SNK003,1,5300,0,5300
L00009218,T0003667,BEV003,1,4000,0,4000
L00009219,T0003667,HOU001,1,3100,0,3100
L00009220,T0003668,RTE004,2,8700,0,17400
L00009221,T0003668,RTE002,1,7400,0,7400
L00009222,T0003669,BEV004,1,2600,0,2600
L00009223,T0003669,RTE003,2,4900,500,9300
L00009224,T0003669,RTE002,1,7400,0,7400
L00009225,T0003669,RTE003,1,4600,200,4400
L00009226,T0003670,DES002,1,5900,0,5900
L00009227,T0003670,SNK003,1,5300,300,5000
L00009228,T0003671,SNK002,1,4200,0,4200
L00009229,T0003672,BEV004,1,2600,0,2600
L00009230,T0003672,BEV004,2,2800,0,5600
L00009231,T0003673,RTE002,1,7000,0,7000
L00009232,T0003673,SNK002,1,4300,500,3800
L00009233,T0003674,HOU001,1,2900,300,2600
L00009234,T0003674,RTE001,1,6500,0,6500
L00009235,T0003674,RTE001,1,6500,300,6200
L00009236,T0003674,SNK003,1,5400,500,4900
L00009237,T0003674,HOU003,1,6700,0,6700
L00009238,T0003675,DES001,1,3100,0,3100
L00009239,T0003675,BEV003,2,4400,0,8800
L00009240,T0003676,SNK004,1,2800,0,2800
L00009241,T0003677,SNK002,1,4300,0,4300
L00009242,T0003678,HOU002,3,2100,0,6300
L00009243,T0003678,RTE001,1,6500,500,6000
L00009244,T0003679,SNK004,1,2600,300,2300
L00009245,T0003679,DES002,1,6100,300,5800
L00009246,T0003680,BEV001,1,2500,500,2000
L00009247,T0003680,HOU002,1,2100,0,2100
L00009248,T0003681,SNK003,1,5400,300,5100
L00009249,T0003681,BEV002,1,1900,0,1900
L00009250,T0003681,SNK001,1,3800,500,3300
L00009251,T0003681,BEV003,1,4200,300,3900
L00009252,T0003682,RTE004,2,8400,300,16500
L00009253,T0003682,SNK004,1,2600,500,2100
L00009254,T0003683,RTE003,1,4800,0,4800
L00009255,T0003683,DES003,2,3700,300,7100
L00009256,T0003684,SNK002,1,4400,200,4200
L00009257,T0003685,HOU002,1,2300,0,2300
L00009258,T0003685,RTE001,2,6300,200,12400
L00009259,T0003685,DES003,1,3500,200,3300
L00009260,T0003685,SNK003,1,5000,0,5000
L00009261,T0003685,HOU001,1,2700,300,2400
L00009262,T0003686,BEV004,2,2400,0,4800
L00009263,T0003686,RTE002,1,7400,300,7100
L00009264,T0003687,RTE002,1,7200,0,7200
L00009265,T0003687,SNK001,1,3900,0,3900
L00009266,T0003688,SNK004,1,3000,0,3000
L00009267,T0003689,RTE002,1,7200,300,6900
L00009268,T0003689,BEV003,1,4400,0,4400
L00009269,T0003690,DES002,1,6100,0,6100
L00009270,T0003690,HOU003,2,6900,0,13800
L00009271,T0003691,BEV004,1,2700,300,2400
L00009272,T0003692,BEV004,1,2600,0,2600
L00009273,T0003693,HOU002,2,2100,0,4200
L00009274,T0003694,DES002,1,5700,0,5700
L00009275,T0003694,BEV002,1,1600,500,1100
L00009276,T0003694,RTE003,1,4600,200,4400
L00009277,T0003694,DES001,2,2900,200,5600
L00009278,T0003694,DES003,1,3600,500,3100
L00009279,T0003695,BEV004,2,2600,0,5200
L00009280,T0003695,RTE002,1,7000,300,6700
L00009281,T0003696,BEV002,1,1800,500,1300
L00009282,T0003696,SNK003,1,5400,300,5100
L00009283,T0003696,BEV004,2,2700,200,5200
L00009284,T0003696,RTE004,2,8800,0,17600
L00009285,T0003696,BEV002,1,1800,0,1800
L00009286,T0003697,BEV003,1,4200,0,4200
L00009287,T0003697,BEV003,1,4400,0,4400
L00009288,T0003697,DES003,1,3700,0,3700
L00009289,T0003698,BEV004,1,2800,0,2800
L00009290,T0003698,RTE001,1,6700,200,6500
L00009291,T0003698,BEV001,1,2500,0,2500
L00009292,T0003699,DES002,1,6100,0,6100
L00009293,T0003699,SNK002,3,4300,0,12900
L00009294,T0003700,SNK003,3,5200,0,15600
L00009295,T0003700,RTE003,1,4600,200,4400
L00009296,T0003701,HOU003,1,7100,500,6600
L00009297,T0003701,RTE004,2,8400,300,16500
L00009298,T0003702,SNK002,1,4400,500,3900
L00009299,T0003702,BEV004,2,2800,0,5600
L00009300,T0003702,SNK001,1,3600,500,3100
L00009301,T0003702,DES002,1,5900,200,5700
L00009302,T0003702,SNK001,2,3800,300,7300
L00009303,T0003703,HOU002,1,2500,0,2500
L00009304,T0003704,BEV003,1,4300,0,4300
L00009305,T0003704,RTE001,1,6500,0,6500
L00009306,T0003705,BEV002,1,1900,200,1700
L00009307,T0003705,RTE002,1,7300,0,7300
L00009308,T0003706,DES003,1,3300,300,3000
L00009309,T0003707,RTE004,1,8600,0,8600
L00009310,T0003707,BEV002,2,1800,0,3600
L00009311,T0003707,SNK003,1,5400,200,5200
L00009312,T0003707,HOU003,2,6700,0,13400
L00009313,T0003707,SNK001,2,3800,0,7600
L00009314,T0003708,SNK002,1,4000,200,3800
L00009315,T0003709,HOU002,1,2400,0,2400
L00009316,T0003709,HOU001,1,2700,200,2500
L00009317,T0003709,SNK001,1,3800,300,3500
L00009318,T0003710,RTE003,2,4800,0,9600
L00009319,T0003710,HOU001,1,3100,200,2900
L00009320,T0003711,BEV001,2,2300,0,4600
L00009321,T0003712,BEV001,1,2600,300,2300
L00009322,T0003712,DES003,1,3500,300,3200
L00009323,T0003712,HOU001,1,3100,0,3100
L00009324,T0003713,SNK001,2,3600,0,7200
L00009325,T0003713,DES003,1,3500,200,3300
L00009326,T0003713,BEV002,2,1800,500,3100
L00009327,T0003714,DES003,1,3500,300,3200
L00009328,T0003714,HOU003,1,7100,200,6900
L00009329,T0003715,RTE001,1,6600,0,6600
L00009330,T0003716,BEV003,3,4200,200,12400
L00009331,T0003717,SNK004,1,2900,0,2900
L00009332,T0003717,SNK002,1,4000,0,4000
L00009333,T0003717,DES002,1,5900,500,5400
L00009334,T0003718,RTE003,2,4600,300,8900
L00009335,T0003718,RTE002,1,7200,0,7200
L00009336,T0003718,DES002,2,5900,0,11800
L00009337,T0003719,DES001,2,3300,300,6300
L00009338,T0003719,BEV001,1,2500,0,2500
L00009339,T0003719,HOU001,1,3100,0,3100
L00009340,T0003720,SNK004,3,3000,0,9000
L00009341,T0003720,DES001,1,3100,0,3100
L00009342,T0003720,RTE001,2,6300,500,12100
L00009343,T0003720,RTE003,1,5000,0,5000
L00009344,T0003720,SNK001,1,4000,200,3800
L00009345,T0003721,HOU001,1,2900,200,2700
L00009346,T0003721,HOU003,1,7000,200,6800
L00009347,T0003722,HOU003,1,7000,300,6700
L00009348,T0003722,HOU003,1,6900,0,6900
L00009349,T0003722,RTE004,1,8800,500,8300
L00009350,T0003722,SNK003,1,5200,0,5200
L00009351,T0003723,RTE001,1,6500,0,6500
L00009352,T0003724,RTE001,2,6500,500,12500
L00009353,T0003724,DES001,1,3300,200,3100
L00009354,T0003724,HOU001,1,2700,0,2700
L00009355,T0003724,RTE002,1,7400,0,7400
L00009356,T0003725,BEV004,1,2600,0,2600
L00009357,T0003726,DES002,1,5900,0,5900
L00009358,T0003726,HOU002,1,2300,500,1800
L00009359,T0003726,SNK004,1,2600,200,2400
L00009360,T0003726,RTE001,2,6300,0,12600
L00009361,T0003726,RTE002,1,7200,200,7000
L00009362,T0003727,SNK002,2,4300,0,8600
L00009363,T0003727,HOU003,1,7000,300,6700
L00009364,T0003728,BEV002,2,2000,0,4000
L00009365,T0003728,HOU002,1,2500,500,2000
L00009366,T0003728,RTE004,1,8700,200,8500
L00009367,T0003728,BEV002,1,1800,500,1300
L00009368,T0003728,RTE002,1,7000,300,6700
L00009369,T0003729,RTE003,1,4600,0,4600
L00009370,T0003729,RTE004,1,8600,0,8600
L00009371,T0003729,HOU002,1,2300,0,2300
L00009372,T0003730,BEV001,1,2300,0,2300
L00009373,T0003730,BEV004,1,2700,200,2500
L00009374,T0003731,RTE004,1,8600,200,8400
L00009375,T0003731,DES003,1,3600,0,3600
L00009376,T0003732,BEV004,1,2700,0,2700
L00009377,T0003733,HOU002,1,2100,0,2100
L00009378,T0003734,BEV003,1,4300,0,4300
L00009379,T0003734,SNK002,1,4200,500,3700
L00009380,T0003734,BEV003,2,4200,0,8400
L00009381,T0003734,HOU002,1,2100,300,1800
L00009382,T0003735,RTE001,1,6500,200,6300
L00009383,T0003736,RTE001,1,6700,300,6400
L00009384,T0003736,SNK001,2,3600,500,6700
L00009385,T0003737,BEV002,1,1800,300,1500
L00009386,T0003737,BEV001,1,2600,0,2600
L00009387,T0003738,HOU001,1,3100,200,2900
L00009388,T0003738,DES003,1,3300,300,3000
L00009389,T0003739,BEV002,1,1800,0,1800
L00009390,T0003739,SNK001,1,3800,0,3800
L00009391,T0003739,BEV001,1,2500,300,2200
L00009392,T0003739,RTE003,1,4600,200,4400
L00009393,T0003740,BEV004,1,2600,200,2400
L00009394,T0003741,HOU002,1,2400,0,2400
L00009395,T0003741,SNK003,2,5200,200,10200
L00009396,T0003741,HOU001,1,2900,0,2900
L00009397,T0003742,HOU001,1,3000,0,3000
L00009398,T0003742,BEV004,1,2600,0,2600
L00009399,T0003742,RTE002,1,7000,300,6700
L00009400,T0003742,DES002,1,5900,0,5900
L00009401,T0003743,BEV002,1,1800,500,1300
L00009402,T0003743,BEV003,1,4200,300,3900
L00009403,T0003744,SNK001,1,3800,300,3500
L00009404,T0003744,SNK002,1,4300,300,4000
L00009405,T0003745,RTE002,1,7000,0,7000
L00009406,T0003745,SNK004,1,2900,200,2700
L00009407,T0003745,DES001,1,3100,0,3100
L00009408,T0003745,SNK004,2,3000,0,6000
L00009409,T0003746,SNK002,1,4400,300,4100
L00009410,T0003747,DES001,2,3200,200,6200
L00009411,T0003747,RTE001,1,6500,300,6200
L00009412,T0003747,RTE001,1,6500,300,6200
L00009413,T0003748,RTE002,1,7400,300,7100
L00009414,T0003749,HOU001,1,3000,200,2800
L00009415,T0003749,SNK002,1,4400,0,4400
L00009416,T0003749,BEV004,1,2700,200,2500
L00009417,T0003749,SNK004,1,2800,0,2800
L00009418,T0003749,BEV004,2,2400,0,4800
L00009419,T0003750,DES001,1,2900,200,2700
L00009420,T0003750,HOU003,1,6900,0,6900
L00009421,T0003750,SNK003,2,5200,0,10400
L00009422,T0003751,BEV001,1,2600,0,2600
L00009423,T0003751,SNK002,1,4000,200,3800
L00009424,T0003751,HOU002,1,2300,200,2100
L00009425,T0003751,RTE001,1,6500,0,6500
L00009426,T0003751,RTE002,1,7000,300,6700
L00009427,T0003752,DES001,1,2900,500,2400
L00009428,T0003752,RTE003,1,4900,200,4700
L00009429,T0003752,SNK001,1,3900,0,3900
L00009430,T0003753,BEV001,1,2500,200,2300
L00009431,T0003753,HOU003,1,6900,500,6400
L00009432,T0003753,HOU002,1,2500,0,2500
L00009433,T0003753,DES003,1,3500,0,3500
L00009434,T0003754,SNK003,1,5400,500,4900
L00009435,T0003754,BEV002,2,1800,0,3600
L00009436,T0003754,RTE004,2,8700,200,17200
L00009437,T0003754,BEV001,1,2300,200,2100
L00009438,T0003755,RTE001,1,6700,300,6400
L00009439,T0003755,HOU003,1,7100,500,6600
L00009440,T0003755,RTE001,1,6600,0,6600
L00009441,T0003755,RTE001,2,6700,0,13400
L00009442,T0003756,BEV001,2,2700,0,5400
L00009443,T0003756,HOU003,1,6700,0,6700
L00009444,T0003756,SNK002,1,4200,0,4200
L00009445,T0003756,HOU002,1,2400,300,2100
L00009446,T0003757,RTE003,1,5000,0,5000
L00009447,T0003757,HOU001,2,2700,300,5100
L00009448,T0003757,SNK002,1,4300,0,4300
L00009449,T0003758,DES001,1,3100,0,3100
L00009450,T0003758,DES003,1,3500,0,3500
L00009451,T0003758,BEV003,3,4000,300,11700
L00009452,T0003758,DES003,1,3700,0,3700
L00009453,T0003759,HOU003,1,6900,500,6400
L00009454,T0003760,RTE002,1,7200,300,6900
L00009455,T0003760,BEV001,1,2300,300,2000
L00009456,T0003761,HOU001,1,2700,0,2700
L00009457,T0003762,RTE002,2,7200,500,13900
L00009458,T0003762,DES002,1,5900,300,5600
L00009459,T0003763,HOU002,1,2300,0,2300
L00009460,T0003763,DES003,2,3600,500,6700
L00009461,T0003764,BEV002,1,1900,300,1600
L00009462,T0003764,HOU001,3,2900,500,8200
L00009463,T0003764,DES001,1,3300,0,3300
L00009464,T0003764,BEV003,1,4300,0,4300
L00009465,T0003765,DES001,1,3100,300,2800
L00009466,T0003765,SNK002,1,4300,0,4300
L00009467,T0003765,BEV004,1,2800,500,2300
L00009468,T0003765,BEV003,1,4000,300,3700
L00009469,T0003765,HOU001,1,2900,0,2900
L00009470,T0003766,SNK003,1,5300,0,5300
L00009471,T0003766,RTE002,2,7200,0,14400
L00009472,T0003766,RTE004,1,8600,0,8600
L00009473,T0003767,HOU002,2,2100,0,4200
L00009474,T0003768,SNK004,1,2800,0,2800
L00009475,T0003768,SNK002,1,4300,0,4300
L00009476,T0003768,BEV003,2,4000,0,8000
L00009477,T0003768,RTE001,1,6700,200,6500
L00009478,T0003769,DES002,1,6100,200,5900
L00009479,T0003769,SNK002,1,4000,0,4000
L00009480,T0003769,HOU001,1,3000,200,2800
L00009481,T0003769,SNK004,1,2600,0,2600
L00009482,T0003770,DES003,1,3700,0,3700
L00009483,T0003771,DES001,1,3100,0,3100
L00009484,T0003772,RTE001,1,6300,0,6300
L00009485,T0003772,SNK001,1,4000,300,3700
L00009486,T0003772,BEV003,1,4300,300,4000
L00009487,T0003773,RTE004,1,8800,300,8500
L00009488,T0003773,HOU001,1,2900,0,2900
L00009489,T0003773,BEV002,3,1800,0,5400
L00009490,T0003773,RTE002,1,7000,0,7000
L00009491,T0003773,DES003,1,3500,300,3200
L00009492,T0003774,BEV002,1,1600,500,1100
L00009493,T0003774,RTE004,2,8600,300,16900
L00009494,T0003774,SNK002,1,4300,0,4300
L00009495,T0003775,BEV001,1,2600,300,2300
L00009496,T0003776,DES002,1,5700,500,5200
L00009497,T0003776,HOU002,1,2300,500,1800
L00009498,T0003777,SNK001,1,3800,0,3800
L00009499,T0003777,BEV001,1,2700,0,2700
L00009500,T0003777,BEV004,1,2600,0,2600
L00009501,T0003777,DES001,1,3300,0,3300
L00009502,T0003777,SNK001,2,4000,300,7700
L00009503,T0003778,HOU001,1,2900,0,2900
L00009504,T0003778,DES003,1,3500,200,3300
L00009505,T0003778,BEV003,1,4200,0,4200
L00009506,T0003778,BEV001,1,2500,200,2300
L00009507,T0003779,BEV002,1,1900,300,1600
L00009508,T0003779,BEV002,2,1600,0,3200
L00009509,T0003780,HOU002,2,2300,200,4400
L00009510,T0003780,RTE001,2,6600,0,13200
L00009511,T0003781,RTE001,1,6700,0,6700
L00009512,T0003782,DES002,2,5700,0,11400
L00009513,T0003783,SNK004,2,2800,0,5600
L00009514,T0003783,SNK003,2,5000,500,9500
L00009515,T0003783,DES003,1,3300,500,2800
L00009516,T0003783,RTE001,1,6300,300,6000
L00009517,T0003784,HOU001,1,3000,200,2800
L00009518,T0003785,BEV002,3,1900,500,5200
L00009519,T0003785,SNK003,3,5400,0,16200
L00009520,T0003785,RTE004,1,8800,0,8800
L00009521,T0003786,HOU002,1,2400,0,2400
L00009522,T0003786,HOU001,1,3000,0,3000
L00009523,T0003786,BEV004,1,2800,200,2600
L00009524,T0003786,RTE003,1,4800,0,4800
L00009525,T0003786,DES003,1,3700,200,3500
L00009526,T0003787,BEV003,1,4300,300,4000
L00009527,T0003787,BEV002,1,2000,300,1700
L00009528,T0003788,HOU002,1,2300,0,2300
L00009529,T0003788,RTE002,1,7200,500,6700
L00009530,T0003788,RTE004,2,8400,0,16800
L00009531,T0003789,SNK004,1,2800,500,2300
L00009532,T0003789,HOU002,2,2100,200,4000
L00009533,T0003789,HOU002,1,2500,300,2200
L00009534,T0003790,SNK001,1,3600,0,3600
L00009535,T0003790,SNK001,1,3800,300,3500
L00009536,T0003790,DES003,1,3500,500,3000
L00009537,T0003791,RTE002,1,7200,0,7200
L00009538,T0003792,SNK002,1,4000,300,3700
L00009539,T0003792,DES001,2,3200,200,6200
L00009540,T0003793,HOU003,1,7100,0,7100
L00009541,T0003793,SNK003,1,5300,300,5000
L00009542,T0003794,DES002,1,5900,0,5900
L00009543,T0003794,DES002,1,5900,300,5600
L00009544,T0003794,BEV003,1,4200,0,4200
L00009545,T0003794,SNK003,1,5000,0,5000
L00009546,T0003794,DES001,1,3100,300,2800
L00009547,T0003795,RTE001,1,6500,0,6500
L00009548,T0003796,BEV003,1,4400,300,4100
L00009549,T0003796,RTE003,1,4900,500,4400
L00009550,T0003796,HOU003,1,6900,0,6900
L00009551,T0003796,RTE004,2,8800,300,17300
L00009552,T0003797,RTE001,1,6600,0,6600
L00009553,T0003797,RTE002,2,7400,300,14500
L00009554,T0003798,BEV001,2,2600,200,5000
L00009555,T0003799,HOU003,1,6900,200,6700
L00009556,T0003799,SNK004,1,2800,0,2800
L00009557,T0003799,HOU002,1,2400,200,2200
L00009558,T0003799,BEV003,1,4300,0,4300
L00009559,T0003799,BEV004,1,2700,500,2200
L00009560,T0003800,BEV004,3,2700,0,8100
L00009561,T0003801,HOU003,2,6700,300,13100
L00009562,T0003802,BEV003,1,4000,0,4000
L00009563,T0003803,HOU003,2,6900,300,13500
L00009564,T0003803,RTE004,1,8600,200,8400
L00009565,T0003803,SNK003,1,5000,0,5000
L00009566,T0003803,BEV001,1,2300,300,2000
L00009567,T0003804,SNK002,2,4300,0,8600
L00009568,T0003805,RTE003,1,5000,0,5000
L00009569,T0003805,BEV004,1,2400,0,2400
L00009570,T0003806,SNK003,1,5400,0,5400
L00009571,T0003806,SNK004,2,2800,0,5600
L00009572,T0003807,HOU003,1,6900,0,6900
L00009573,T0003807,RTE004,2,8400,200,16600
L00009574,T0003808,DES002,1,6100,0,6100
L00009575,T0003808,HOU001,1,3000,0,3000
L00009576,T0003808,BEV004,1,2800,0,2800
L00009577,T0003809,HOU003,1,7000,500,6500
L00009578,T0003809,DES001,1,3100,200,2900
L00009579,T0003810,SNK003,2,5300,0,10600
L00009580,T0003810,BEV001,1,2500,0,2500
L00009581,T0003810,RTE003,1,5000,0,5000
L00009582,T0003811,HOU001,2,3000,200,5800
L00009583,T0003811,DES002,1,5900,300,5600
L00009584,T0003812,HOU002,1,2500,0,2500
L00009585,T0003812,RTE004,1,8600,300,8300
L00009586,T0003813,RTE001,1,6500,500,6000
L00009587,T0003813,SNK001,1,3600,500,3100
L00009588,T0003813,SNK004,2,3000,0,6000
L00009589,T0003814,SNK003,2,5000,500,9500
L00009590,T0003814,DES001,1,3100,200,2900
L00009591,T0003815,RTE002,1,7300,200,7100
L00009592,T0003816,DES002,1,5700,300,5400
L00009593,T0003817,SNK004,2,2600,300,4900
L00009594,T0003817,BEV001,1,2500,0,2500
L00009595,T0003817,RTE001,1,6300,500,5800
L00009596,T0003817,SNK003,1,5200,200,5000
L00009597,T0003818,BEV001,1,2300,0,2300
L00009598,T0003818,HOU002,2,2300,500,4100
L00009599,T0003819,RTE003,1,4800,200,4600
L00009600,T0003820,SNK003,1,5200,0,5200
L00009601,T0003820,HOU002,1,2500,300,2200
L00009602,T0003821,SNK001,1,4000,300,3700
L00009603,T0003821,RTE004,1,8800,200,8600
L00009604,T0003821,RTE003,1,4800,0,4800
L00009605,T0003822,RTE001,1,6300,0,6300
L00009606,T0003822,BEV002,1,1800,200,1600
L00009607,T0003822,RTE003,1,4800,200,4600
L00009608,T0003823,SNK001,1,4000,0,4000
L00009609,T0003823,DES003,1,3500,500,3000
L00009610,T0003823,BEV001,3,2300,300,6600
L00009611,T0003823,RTE003,1,4900,300,4600
L00009612,T0003823,BEV003,2,4200,300,8100
L00009613,T0003824,HOU003,1,7100,300,6800
L00009614,T0003824,SNK004,1,2900,0,2900
L00009615,T0003824,HOU003,1,6900,0,6900
L00009616,T0003824,BEV002,1,1600,0,1600
L00009617,T0003825,RTE003,1,4900,200,4700
L00009618,T0003825,DES001,1,2900,200,2700
L00009619,T0003825,SNK002,2,4200,0,8400
L00009620,T0003825,RTE003,1,5000,0,5000
L00009621,T0003825,RTE004,1,8800,200,8600
L00009622,T0003826,BEV002,1,2000,200,1800
L00009623,T0003827,DES001,1,2900,0,2900
L00009624,T0003828,SNK003,1,5200,0,5200
L00009625,T0003828,HOU002,1,2300,0,2300
L00009626,T0003829,BEV003,1,4300,300,4000
L00009627,T0003829,SNK002,3,4000,0,12000
L00009628,T0003829,RTE001,2,6500,0,13000
L00009629,T0003830,RTE002,1,7200,0,7200
L00009630,T0003830,HOU003,2,6900,0,13800
L00009631,T0003831,HOU002,2,2100,500,3700
L00009632,T0003831,HOU002,1,2400,0,2400
L00009633,T0003831,HOU001,2,3000,500,5500
L00009634,T0003831,HOU003,1,7100,500,6600
L00009635,T0003831,BEV002,1,1800,300,1500
L00009636,T0003832,SNK003,1,5200,0,5200
L00009637,T0003832,HOU001,1,2900,300,2600
L00009638,T0003832,BEV004,1,2800,0,2800
L00009639,T0003832,SNK003,1,5400,200,5200
L00009640,T0003833,SNK003,1,5200,0,5200
L00009641,T0003833,DES003,2,3500,0,7000
L00009642,T0003834,HOU001,1,3000,0,3000
L00009643,T0003834,SNK004,1,3000,300,2700
L00009644,T0003834,DES002,1,6100,300,5800
L00009645,T0003834,SNK001,1,3800,0,3800
L00009646,T0003834,DES003,1,3700,300,3400
L00009647,T0003835,SNK004,1,2800,0,2800
L00009648,T0003835,RTE003,1,4900,0,4900
L00009649,T0003836,SNK003,1,5300,500,4800
L00009650,T0003837,SNK004,3,3000,0,9000
L00009651,T0003837,BEV002,1,1600,500,1100
L00009652,T0003838,DES003,2,3600,0,7200
L00009653,T0003838,DES003,1,3600,0,3600
L00009654,T0003838,DES003,1,3600,0,3600
L00009655,T0003839,DES002,1,6000,0,6000
L00009656,T0003840,RTE003,1,4600,0,4600
L00009657,T0003840,HOU003,2,7000,0,14000
L00009658,T0003840,BEV001,2,2600,0,5200
L00009659,T0003840,SNK003,2,5400,0,10800
L00009660,T0003841,RTE004,1,8700,0,8700
L00009661,T0003841,RTE003,1,4800,300,4500
L00009662,T0003841,DES001,1,3300,500,2800
L00009663,T0003841,BEV004,1,2600,0,2600
L00009664,T0003841,HOU002,2,2100,200,4000
L00009665,T0003842,HOU001,1,2700,200,2500
L00009666,T0003842,BEV004,1,2700,300,2400
L00009667,T0003842,HOU002,1,2300,300,2000
L00009668,T0003842,RTE002,1,7200,0,7200
L00009669,T0003843,DES002,1,6100,500,5600
L00009670,T0003843,HOU001,2,2900,300,5500
L00009671,T0003844,BEV004,1,2700,200,2500
L00009672,T0003844,BEV004,3,2600,500,7300
L00009673,T0003845,SNK002,1,4200,200,4000
L00009674,T0003845,RTE004,1,8700,0,8700
L00009675,T0003846,SNK001,2,3800,0,7600
L00009676,T0003847,HOU001,1,2900,300,2600
L00009677,T0003847,BEV002,1,1600,300,1300
L00009678,T0003847,RTE003,1,5000,0,5000
L00009679,T0003847,BEV001,1,2600,500,2100
L00009680,T0003848,BEV001,1,2600,0,2600
L00009681,T0003848,HOU001,1,2900,500,2400
L00009682,T0003848,BEV002,1,1900,200,1700
L00009683,T0003848,RTE003,1,4800,300,4500
L00009684,T0003848,SNK003,1,5400,0,5400
L00009685,T0003849,BEV003,2,4200,200,8200
L00009686,T0003849,BEV001,1,2600,500,2100
L00009687,T0003849,DES001,2,2900,300,5500
L00009688,T0003849,BEV002,1,1600,0,1600
L00009689,T0003849,DES002,1,6000,0,6000
L00009690,T0003850,SNK004,1,2600,0,2600
L00009691,T0003850,RTE003,1,4900,300,4600
L00009692,T0003851,HOU002,1,2300,0,2300
L00009693,T0003851,BEV003,2,4300,0,8600
L00009694,T0003851,RTE001,1,6300,0,6300
L00009695,T0003852,BEV003,1,4400,300,4100
L00009696,T0003852,RTE001,1,6600,200,6400
L00009697,T0003852,BEV001,1,2700,0,2700
L00009698,T0003852,HOU002,2,2100,0,4200
L00009699,T0003853,SNK004,2,2600,300,4900
L00009700,T0003853,BEV003,2,4300,0,8600
L00009701,T0003853,RTE001,1,6500,0,6500
L00009702,T0003853,BEV004,1,2400,0,2400
L00009703,T0003854,SNK003,1,5200,0,5200
L00009704,T0003855,RTE002,1,7200,0,7200
L00009705,T0003856,RTE002,3,7300,500,21400
L00009706,T0003857,SNK002,1,4000,200,3800
L00009707,T0003857,SNK001,2,3600,0,7200
L00009708,T0003858,DES001,1,3100,500,2600
L00009709,T0003858,BEV003,1,4000,0,4000
L00009710,T0003859,HOU003,1,6900,0,6900
L00009711,T0003860,RTE002,1,7300,0,7300
L00009712,T0003860,SNK001,1,4000,0,4000
L00009713,T0003860,SNK002,2,4300,0,8600
L00009714,T0003861,BEV002,1,2000,0,2000
L00009715,T0003861,HOU002,1,2300,200,2100
L00009716,T0003861,SNK001,2,3800,200,7400
L00009717,T0003862,BEV001,1,2500,0,2500
L00009718,T0003862,SNK003,2,5000,0,10000
L00009719,T0003862,BEV002,1,2000,500,1500
L00009720,T0003863,HOU001,2,2900,0,5800
L00009721,T0003863,DES003,1,3700,200,3500
L00009722,T0003863,BEV003,1,4200,500,3700
L00009723,T0003864,DES001,1,3300,0,3300
L00009724,T0003865,RTE004,1,8700,500,8200
L00009725,T0003865,RTE001,3,6500,0,19500
L00009726,T0003865,DES001,2,3300,0,6600
L00009727,T0003866,HOU001,1,3100,200,2900
L00009728,T0003866,SNK004,1,2600,500,2100
L00009729,T0003867,SNK003,1,5200,0,5200
L00009730,T0003868,DES003,1,3500,200,3300
L00009731,T0003868,HOU002,1,2300,0,2300
L00009732,T0003869,RTE002,1,7300,300,7000
L00009733,T0003869,DES002,1,5900,500,5400
L00009734,T0003870,SNK002,1,4200,200,4000
L00009735,T0003871,RTE004,2,8600,200,17000
L00009736,T0003871,HOU003,1,6700,0,6700
L00009737,T0003871,HOU003,1,6900,500,6400
L00009738,T0003871,RTE002,1,7400,0,7400
L00009739,T0003872,DES002,1,6000,0,6000
L00009740,T0003872,BEV001,3,2500,300,7200
L00009741,T0003872,RTE004,1,8700,200,8500
L00009742,T0003873,HOU001,1,2700,300,2400
L00009743,T0003873,BEV004,1,2600,0,2600
L00009744,T0003873,BEV001,1,2700,0,2700
L00009745,T0003874,SNK003,1,5300,300,5000
L00009746,T0003874,HOU001,2,2900,0,5800
L00009747,T0003874,HOU002,1,2400,0,2400
L00009748,T0003874,SNK002,1,4000,0,4000
L00009749,T0003874,BEV004,1,2600,500,2100
L00009750,T0003875,DES001,1,3100,300,2800
L00009751,T0003876,SNK002,1,4200,200,4000
L00009752,T0003877,SNK002,1,4400,0,4400
L00009753,T0003877,BEV001,1,2300,0,2300
L00009754,T0003877,SNK004,1,2800,0,2800
L00009755,T0003878,DES002,1,5900,0,5900
L00009756,T0003878,RTE001,1,6700,300,6400
L00009757,T0003879,BEV001,2,2500,0,5000
L00009758,T0003879,SNK004,1,2800,300,2500
L00009759,T0003879,HOU001,1,2700,0,2700
L00009760,T0003879,RTE002,1,7400,300,7100
L00009761,T0003880,RTE004,1,8400,300,8100
L00009762,T0003880,SNK001,2,4000,0,8000
L00009763,T0003880,DES003,1,3600,0,3600
L00009764,T0003880,DES002,1,5700,300,5400
L00009765,T0003880,DES001,1,3200,0,3200
L00009766,T0003881,RTE001,1,6700,0,6700
L00009767,T0003882,HOU001,1,2900,0,2900
L00009768,T0003882,SNK001,1,3800,300,3500
L00009769,T0003882,BEV002,1,1900,300,1600
L00009770,T0003883,HOU003,1,7100,300,6800
L00009771,T0003884,RTE003,1,4800,0,4800
L00009772,T0003885,HOU002,1,2300,500,1800
L00009773,T0003885,HOU003,1,7000,0,7000
L00009774,T0003885,SNK001,1,3800,0,3800
L00009775,T0003886,DES001,1,3200,0,3200
L00009776,T0003886,SNK003,1,5000,0,5000
L00009777,T0003887,DES001,1,3100,0,3100
L00009778,T0003887,RTE002,1,7400,0,7400
L00009779,T0003888,HOU003,1,6900,500,6400
L00009780,T0003888,SNK001,1,3800,0,3800
L00009781,T0003889,BEV003,2,4200,300,8100
L00009782,T0003889,DES002,1,5900,0,5900
L00009783,T0003890,RTE004,1,8600,200,8400
L00009784,T0003891,HOU002,2,2100,0,4200
L00009785,T0003891,SNK003,2,5000,500,9500
L00009786,T0003891,BEV004,1,2600,300,2300
L00009787,T0003891,RTE003,1,4800,0,4800
L00009788,T0003891,RTE001,2,6600,200,13000
L00009789,T0003892,RTE001,1,6500,0,6500
L00009790,T0003893,RTE002,1,7200,200,7000
L00009791,T0003893,RTE004,1,8700,0,8700
L00009792,T0003893,SNK004,2,2800,0,5600
L00009793,T0003894,BEV004,2,2600,200,5000
L00009794,T0003894,SNK002,3,4000,0,12000
L00009795,T0003894,DES003,1,3500,300,3200
L00009796,T0003894,RTE001,1,6500,0,6500
L00009797,T0003895,SNK004,1,2800,0,2800
L00009798,T0003896,BEV002,1,1900,0,1900
L00009799,T0003896,BEV004,2,2600,300,4900
L00009800,T0003896,RTE001,2,6300,300,12300
L00009801,T0003896,HOU003,1,7000,0,7000
L00009802,T0003897,RTE001,3,6500,0,19500
L00009803,T0003897,SNK003,1,5000,500,4500
L00009804,T0003897,DES002,1,5900,300,5600
L00009805,T0003897,RTE001,1,6600,300,6300
L00009806,T0003898,HOU001,1,2900,0,2900
L00009807,T0003898,HOU003,1,6900,200,6700
L00009808,T0003899,DES001,1,3300,0,3300
L00009809,T0003900,BEV003,1,4200,200,4000
L00009810,T0003901,RTE002,2,7300,0,14600
L00009811,T0003901,RTE001,1,6500,0,6500
L00009812,T0003901,SNK001,1,4000,0,4000
L00009813,T0003901,DES002,1,6000,500,5500
L00009814,T0003901,BEV001,1,2300,0,2300
L00009815,T0003902,DES003,1,3700,0,3700
L00009816,T0003902,HOU003,1,7000,0,7000
L00009817,T0003902,SNK003,2,5200,0,10400
L00009818,T0003902,SNK003,1,5400,300,5100
L00009819,T0003902,SNK003,1,5000,300,4700
L00009820,T0003903,DES003,2,3500,0,7000
L00009821,T0003903,RTE003,1,4900,300,4600
L00009822,T0003904,RTE003,1,4600,300,4300
L00009823,T0003905,SNK001,1,3800,0,3800
L00009824,T0003905,HOU001,1,3000,0,3000
L00009825,T0003906,BEV003,1,4400,0,4400
L00009826,T0003906,BEV003,1,4200,300,3900
L00009827,T0003907,BEV003,1,4400,500,3900
L00009828,T0003907,HOU003,1,6900,0,6900
L00009829,T0003907,SNK004,1,3000,0,3000
L00009830,T0003908,RTE001,1,6600,300,6300
L00009831,T0003909,SNK002,2,4200,0,8400
L00009832,T0003910,HOU002,1,2500,500,2000
L00009833,T0003910,DES002,1,6100,0,6100
L00009834,T0003910,BEV003,1,4300,0,4300
L00009835,T0003910,BEV002,1,1600,500,1100
L00009836,T0003911,SNK004,1,2800,200,2600
L00009837,T0003912,SNK002,1,4200,200,4000
L00009838,T0003912,DES001,1,2900,0,2900
L00009839,T0003913,RTE002,1,7300,0,7300
L00009840,T0003913,DES001,1,3200,300,2900
L00009841,T0003913,BEV001,1,2700,300,2400
L00009842,T0003914,HOU003,1,7100,0,7100
L00009843,T0003914,DES002,1,5700,200,5500
L00009844,T0003914,BEV001,1,2300,300,2000
L00009845,T0003915,HOU003,1,7000,0,7000
L00009846,T0003915,RTE001,2,6600,200,13000
L00009847,T0003916,RTE003,3,5000,0,15000
L00009848,T0003917,SNK004,1,2600,200,2400
L00009849,T0003917,SNK004,1,2600,0,2600
L00009850,T0003917,SNK001,1,3600,300,3300
L00009851,T0003918,HOU002,2,2100,500,3700
L00009852,T0003918,HOU003,1,6900,0,6900
L00009853,T0003918,SNK003,1,5000,0,5000
L00009854,T0003919,RTE004,1,8600,0,8600
L00009855,T0003919,HOU001,1,2700,300,2400
L00009856,T0003920,BEV003,1,4000,500,3500
L00009857,T0003920,SNK001,2,3900,0,7800
L00009858,T0003921,SNK002,1,4300,0,4300
L00009859,T0003922,RTE003,2,5000,500,9500
L00009860,T0003923,DES002,1,5900,0,5900
L00009861,T0003923,RTE004,2,8800,500,17100
L00009862,T0003924,RTE004,1,8700,300,8400
L00009863,T0003924,SNK001,1,4000,0,4000
L00009864,T0003924,DES002,1,5900,500,5400
L00009865,T0003924,SNK001,1,3600,500,3100
L00009866,T0003925,RTE004,1,8400,300,8100
L00009867,T0003925,RTE002,1,7300,0,7300
L00009868,T0003926,SNK003,1,5200,0,5200
L00009869,T0003927,BEV001,2,2300,0,4600
L00009870,T0003927,SNK004,1,2800,0,2800
L00009871,T0003927,DES003,1,3300,200,3100
L00009872,T0003927,SNK001,1,4000,0,4000
L00009873,T0003927,DES002,1,5900,500,5400
L00009874,T0003928,SNK003,2,5300,500,10100
L00009875,T0003928,RTE003,1,4800,300,4500
L00009876,T0003928,HOU003,1,6900,0,6900
L00009877,T0003928,HOU002,1,2400,200,2200
L00009878,T0003929,HOU003,1,6900,0,6900
L00009879,T0003929,RTE001,1,6500,0,6500
L00009880,T0003930,HOU001,1,3100,200,2900
L00009881,T0003930,RTE002,2,7000,300,13700
L00009882,T0003931,RTE004,1,8800,0,8800
L00009883,T0003932,DES002,1,5900,0,5900
L00009884,T0003932,SNK003,2,5200,0,10400
L00009885,T0003932,DES003,1,3700,300,3400
L00009886,T0003932,DES001,1,3200,200,3000
L00009887,T0003933,SNK004,1,2800,500,2300
L00009888,T0003933,BEV001,1,2600,0,2600
L00009889,T0003933,SNK003,1,5200,0,5200
L00009890,T0003933,SNK002,1,4000,500,3500
L00009891,T0003934,DES002,1,6100,0,6100
L00009892,T0003934,BEV002,1,1600,0,1600
L00009893,T0003935,BEV002,2,2000,200,3800
L00009894,T0003936,HOU001,1,2900,0,2900
L00009895,T0003936,RTE002,1,7200,500,6700
L00009896,T0003936,DES003,1,3500,0,3500
L00009897,T0003937,BEV003,2,4000,200,7800
L00009898,T0003938,BEV002,1,1900,0,1900
L00009899,T0003939,BEV004,1,2800,500,2300
L00009900,T0003940,HOU002,1,2300,0,2300
L00009901,T0003940,SNK002,1,4300,300,4000
L00009902,T0003941,SNK004,1,2900,500,2400
L00009903,T0003941,BEV003,1,4000,500,3500
L00009904,T0003941,RTE003,1,5000,300,4700
L00009905,T0003941,BEV004,1,2800,0,2800
L00009906,T0003941,SNK004,1,2800,500,2300
L00009907,T0003942,BEV004,1,2800,0,2800
L00009908,T0003942,RTE004,1,8600,500,8100
L00009909,T0003943,DES003,1,3700,200,3500
L00009910,T0003943,RTE003,2,4600,0,9200
L00009911,T0003943,DES002,2,6100,300,11900
L00009912,T0003944,HOU003,1,6700,0,6700
L00009913,T0003944,HOU003,1,6900,500,6400
L00009914,T0003944,RTE004,2,8600,500,16700
L00009915,T0003945,RTE002,1,7300,0,7300
L00009916,T0003946,HOU001,1,2900,0,2900
L00009917,T0003947,HOU002,1,2500,300,2200
L00009918,T0003947,DES001,1,2900,500,2400
L00009919,T0003948,RTE002,1,7200,300,6900
L00009920,T0003948,BEV002,1,2000,0,2000
L00009921,T0003948,RTE003,1,4600,0,4600
L00009922,T0003948,SNK003,1,5200,500,4700
L00009923,T0003948,BEV001,1,2500,200,2300
L00009924,T0003949,RTE002,1,7000,0,7000
L00009925,T0003949,BEV002,1,2000,200,1800
L00009926,T0003950,RTE002,1,7200,0,7200
L00009927,T0003950,RTE002,1,7200,0,7200
L00009928,T0003950,BEV001,1,2300,200,2100
L00009929,T0003950,BEV003,2,4200,0,8400
L00009930,T0003951,RTE003,1,4600,300,4300
L00009931,T0003952,DES002,2,5900,0,11800
L00009932,T0003953,SNK002,1,4200,0,4200
L00009933,T0003953,BEV003,1,4400,500,3900
L00009934,T0003954,BEV001,1,2700,0,2700
L00009935,T0003954,HOU002,1,2300,0,2300
L00009936,T0003954,BEV002,1,2000,200,1800
L00009937,T0003955,HOU002,2,2400,0,4800
L00009938,T0003955,DES001,1,3300,0,3300
L00009939,T0003955,BEV001,1,2500,500,2000
L00009940,T0003956,BEV001,1,2300,500,1800
L00009941,T0003956,DES003,1,3700,0,3700
L00009942,T0003956,DES001,1,2900,300,2600
L00009943,T0003956,RTE004,1,8600,200,8400
L00009944,T0003956,BEV003,3,4000,500,11500
L00009945,T0003957,SNK004,1,2600,200,2400
L00009946,T0003957,BEV002,1,1800,300,1500
L00009947,T0003957,HOU003,2,7000,300,13700
L00009948,T0003958,DES001,1,3100,0,3100
L00009949,T0003958,HOU001,1,2900,500,2400
L00009950,T0003959,RTE004,1,8700,0,8700
L00009951,T0003959,RTE004,1,8800,500,8300
L00009952,T0003960,SNK001,1,3900,500,3400
L00009953,T0003960,SNK002,1,4000,0,4000
L00009954,T0003961,RTE001,1,6300,0,6300
L00009955,T0003961,RTE004,1,8600,300,8300
L00009956,T0003962,DES003,1,3500,300,3200
L00009957,T0003962,HOU003,2,6700,300,13100
L00009958,T0003962,DES003,2,3500,500,6500
L00009959,T0003963,DES001,1,3100,0,3100
L00009960,T0003964,SNK002,1,4200,500,3700
L00009961,T0003964,RTE004,1,8600,200,8400
L00009962,T0003964,SNK002,1,4200,300,3900
L00009963,T0003964,RTE001,1,6700,0,6700
L00009964,T0003965,BEV004,2,2800,200,5400
L00009965,T0003965,DES003,1,3300,300,3000
L00009966,T0003966,HOU002,1,2300,0,2300
L00009967,T0003966,HOU002,2,2500,0,5000
L00009968,T0003966,RTE003,2,4800,300,9300
L00009969,T0003966,BEV003,1,4200,500,3700
L00009970,T0003966,SNK002,3,4000,0,12000
L00009971,T0003967,RTE003,1,4600,500,4100
L00009972,T0003967,HOU001,1,3000,200,2800
L00009973,T0003967,RTE004,1,8400,500,7900
L00009974,T0003968,DES002,1,5700,300,5400
L00009975,T0003969,BEV001,1,2300,0,2300
L00009976,T0003969,DES001,2,3100,0,6200
L00009977,T0003969,HOU002,1,2400,300,2100
L00009978,T0003970,RTE001,1,6600,200,6400
L00009979,T0003970,HOU002,1,2100,200,1900
L00009980,T0003970,BEV003,1,4000,0,4000
L00009981,T0003970,DES003,1,3500,0,3500
L00009982,T0003971,DES002,1,5900,0,5900
L00009983,T0003971,SNK002,1,4200,0,4200
L00009984,T0003971,HOU002,1,2300,200,2100
L00009985,T0003972,SNK002,1,4300,0,4300
L00009986,T0003972,SNK004,1,2800,200,2600
L00009987,T0003972,RTE002,1,7200,0,7200
L00009988,T0003972,HOU002,2,2300,500,4100
L00009989,T0003973,SNK003,1,5200,0,5200
L00009990,T0003973,DES001,3,3300,0,9900
L00009991,T0003974,DES003,1,3600,0,3600
L00009992,T0003974,HOU003,1,6900,0,6900
L00009993,T0003974,BEV004,1,2700,200,2500
L00009994,T0003974,RTE001,1,6600,500,6100
L00009995,T0003975,BEV001,1,2500,200,2300
L00009996,T0003976,BEV003,1,4200,300,3900
L00009997,T0003977,HOU003,1,6900,500,6400
L00009998,T0003977,RTE001,1,6500,0,6500
L00009999,T0003978,BEV002,2,1800,500,3100
L00010000,T0003979,RTE004,1,8400,300,8100
L00010001,T0003979,RTE003,1,4800,200,4600
L00010002,T0003979,HOU003,1,7000,300,6700
L00010003,T0003979,SNK003,1,5400,0,5400
L00010004,T0003980,SNK002,2,4200,300,8100
L00010005,T0003980,SNK003,1,5200,500,4700
L00010006,T0003980,RTE001,1,6600,0,6600
L00010007,T0003981,RTE002,1,7000,0,7000
L00010008,T0003981,DES002,3,6100,0,18300
L00010009,T0003982,SNK003,2,5300,0,10600
L00010010,T0003983,BEV002,2,2000,300,3700
L00010011,T0003984,SNK002,1,4300,500,3800
L00010012,T0003984,BEV001,1,2500,200,2300
L00010013,T0003984,SNK004,1,2900,0,2900
L00010014,T0003985,BEV003,1,4400,200,4200
L00010015,T0003985,DES002,1,5900,300,5600
L00010016,T0003985,BEV004,1,2600,0,2600
L00010017,T0003986,DES003,1,3600,300,3300
L00010018,T0003986,DES002,2,5900,0,11800
L00010019,T0003986,SNK004,1,2600,0,2600
L00010020,T0003987,DES001,1,3100,0,3100
L00010021,T0003987,HOU001,1,3100,300,2800
L00010022,T0003988,BEV003,1,4400,0,4400
L00010023,T0003989,SNK004,1,2800,500,2300
L00010024,T0003989,DES001,1,3100,0,3100
L00010025,T0003989,BEV002,1,2000,300,1700
L00010026,T0003990,SNK001,1,3800,300,3500
L00010027,T0003990,DES001,3,3300,300,9600
L00010028,T0003990,SNK003,1,5400,0,5400
L00010029,T0003990,SNK003,2,5200,500,9900
L00010030,T0003991,HOU003,1,7100,500,6600
L00010031,T0003991,RTE002,1,7000,300,6700
L00010032,T0003991,BEV003,3,4000,0,12000
L00010033,T0003991,DES001,1,3200,200,3000
L00010034,T0003992,RTE001,1,6600,0,6600
L00010035,T0003992,DES001,3,3200,0,9600
L00010036,T0003992,DES003,1,3600,300,3300
L00010037,T0003993,RTE004,1,8800,500,8300
L00010038,T0003993,SNK002,2,4000,0,8000
L00010039,T0003994,BEV002,1,2000,300,1700
L00010040,T0003994,SNK002,1,4400,500,3900
L00010041,T0003994,RTE003,1,4800,0,4800
L00010042,T0003994,SNK002,2,4200,0,8400
L00010043,T0003995,DES001,1,2900,0,2900
L00010044,T0003995,DES003,1,3500,0,3500
L00010045,T0003995,RTE001,2,6300,0,12600
L00010046,T0003996,DES001,2,3100,0,6200
L00010047,T0003996,BEV001,2,2500,0,5000
L00010048,T0003997,SNK002,2,4000,0,8000
L00010049,T0003998,RTE003,1,4900,0,4900
L00010050,T0003998,SNK002,1,4400,500,3900
L00010051,T0003999,BEV004,1,2400,200,2200
L00010052,T0004000,BEV002,1,2000,300,1700
L00010053,T0004000,BEV001,1,2500,0,2500
L00010054,T0004000,DES001,1,3100,200,2900
L00010055,T0004001,BEV003,2,4200,200,8200
L00010056,T0004001,BEV001,1,2500,0,2500
L00010057,T0004001,BEV002,1,1900,200,1700
L00010058,T0004001,RTE003,2,4800,200,9400
L00010059,T0004002,RTE003,1,5000,0,5000
L00010060,T0004002,SNK004,1,2900,300,2600
L00010061,T0004002,HOU003,2,7100,500,13700
L00010062,T0004002,BEV002,2,1800,300,3300
L00010063,T0004002,HOU003,1,7000,0,7000
L00010064,T0004003,BEV001,2,2300,300,4300
L00010065,T0004003,HOU001,1,2900,0,2900
L00010066,T0004003,BEV001,1,2500,0,2500
L00010067,T0004004,RTE002,1,7300,500,6800
L00010068,T0004004,SNK004,3,2800,300,8100
L00010069,T0004004,SNK003,1,5300,0,5300
L00010070,T0004004,RTE002,1,7200,200,7000
L00010071,T0004004,RTE004,1,8800,0,8800
L00010072,T0004005,HOU003,1,7000,300,6700
L00010073,T0004005,SNK004,2,2900,200,5600
L00010074,T0004005,SNK003,1,5200,300,4900
L00010075,T0004006,SNK003,1,5200,500,4700
L00010076,T0004006,SNK004,1,3000,0,3000
L00010077,T0004007,BEV004,1,2600,0,2600
L00010078,T0004008,SNK004,2,3000,200,5800
L00010079,T0004008,SNK003,1,5300,0,5300
L00010080,T0004009,HOU002,2,2300,200,4400
L00010081,T0004010,BEV004,1,2800,200,2600
L00010082,T0004010,HOU002,1,2300,500,1800
L00010083,T0004010,RTE004,1,8800,0,8800
L00010084,T0004010,RTE002,1,7300,0,7300
L00010085,T0004011,DES002,1,5900,300,5600
L00010086,T0004011,BEV001,2,2500,500,4500
L00010087,T0004011,SNK001,1,3800,500,3300
L00010088,T0004011,SNK003,1,5200,500,4700
L00010089,T0004012,HOU002,1,2100,0,2100
L00010090,T0004013,SNK001,1,3800,500,3300
L00010091,T0004013,BEV003,1,4200,0,4200
L00010092,T0004014,SNK004,1,2600,0,2600
L00010093,T0004014,RTE002,1,7300,0,7300
L00010094,T0004014,DES001,1,3200,200,3000
L00010095,T0004015,HOU002,1,2400,300,2100
L00010096,T0004016,SNK001,2,3900,0,7800
L00010097,T0004016,DES003,1,3500,200,3300
L00010098,T0004017,HOU003,1,6900,300,6600
L00010099,T0004018,BEV002,1,2000,200,1800
L00010100,T0004019,SNK001,1,4000,200,3800
L00010101,T0004019,RTE001,1,6300,300,6000
L00010102,T0004020,HOU001,1,2900,500,2400
L00010103,T0004020,HOU001,1,3100,200,2900
L00010104,T0004020,RTE001,1,6300,300,6000
L00010105,T0004020,BEV003,1,4000,300,3700
L00010106,T0004020,BEV004,1,2600,500,2100
L00010107,T0004021,DES001,1,3200,200,3000
L00010108,T0004021,RTE004,1,8700,0,8700
L00010109,T0004021,DES002,2,5900,500,11300
L00010110,T0004021,BEV002,1,1800,0,1800
L00010111,T0004021,BEV001,2,2700,300,5100
L00010112,T0004022,SNK002,1,4200,0,4200
L00010113,T0004022,HOU002,1,2400,0,2400
L00010114,T0004022,BEV001,1,2600,300,2300
L00010115,T0004023,BEV002,1,1800,0,1800
L00010116,T0004023,BEV004,2,2600,0,5200
L00010117,T0004023,RTE001,1,6600,300,6300
L00010118,T0004024,RTE003,1,5000,0,5000
L00010119,T0004024,SNK003,1,5000,500,4500
L00010120,T0004025,BEV001,1,2700,200,2500
L00010121,T0004025,RTE003,1,5000,0,5000
L00010122,T0004025,SNK001,1,4000,300,3700
L00010123,T0004025,RTE002,1,7200,0,7200
L00010124,T0004026,HOU001,1,3000,500,2500
L00010125,T0004026,DES002,1,5900,0,5900
L00010126,T0004026,BEV001,1,2500,0,2500
L00010127,T0004026,BEV004,1,2600,300,2300
L00010128,T0004027,SNK001,2,3600,0,7200
L00010129,T0004027,RTE004,1,8400,200,8200
L00010130,T0004027,DES001,1,3300,0,3300
L00010131,T0004027,RTE003,1,4900,300,4600
L00010132,T0004028,SNK001,2,3900,0,7800
L00010133,T0004028,SNK001,1,4000,0,4000
L00010134,T0004028,DES002,1,5900,500,5400
L00010135,T0004028,RTE001,1,6300,500,5800
L00010136,T0004029,HOU001,1,2700,0,2700
L00010137,T0004029,RTE004,1,8700,200,8500
L00010138,T0004030,SNK002,1,4000,200,3800
L00010139,T0004030,BEV001,2,2500,200,4800
L00010140,T0004030,DES001,1,3100,300,2800
L00010141,T0004030,DES001,1,2900,0,2900
L00010142,T0004031,HOU002,1,2100,500,1600
L00010143,T0004031,SNK001,1,3600,200,3400
L00010144,T0004032,SNK001,1,4000,300,3700
L00010145,T0004033,RTE003,1,4600,300,4300
L00010146,T0004034,HOU001,1,2900,200,2700
L00010147,T0004034,RTE003,2,4600,300,8900
L00010148,T0004034,DES001,1,3100,200,2900
L00010149,T0004034,SNK002,3,4300,300,12600
L00010150,T0004034,RTE001,1,6700,200,6500
L00010151,T0004035,BEV002,2,2000,500,3500
L00010152,T0004036,BEV002,1,2000,0,2000
L00010153,T0004037,SNK003,1,5300,0,5300
L00010154,T0004038,SNK001,1,3800,200,3600
L00010155,T0004039,BEV003,1,4200,300,3900
L00010156,T0004039,HOU002,1,2500,0,2500
L00010157,T0004040,RTE002,2,7200,0,14400
L00010158,T0004040,HOU002,1,2100,200,1900
L00010159,T0004040,RTE003,1,5000,0,5000
L00010160,T0004041,DES003,2,3600,200,7000
L00010161,T0004042,SNK001,1,3800,0,3800
L00010162,T0004042,SNK004,1,2800,0,2800
L00010163,T0004042,DES001,1,2900,200,2700
L00010164,T0004042,DES002,2,6100,0,12200
L00010165,T0004042,BEV004,2,2600,0,5200
L00010166,T0004043,SNK002,2,4300,0,8600
L00010167,T0004043,SNK003,1,5200,0,5200
L00010168,T0004044,BEV002,2,2000,500,3500
L00010169,T0004044,HOU002,1,2100,0,2100
L00010170,T0004044,SNK003,2,5000,0,10000
L00010171,T0004044,BEV004,1,2400,0,2400
L00010172,T0004045,DES001,1,3200,0,3200
L00010173,T0004045,RTE002,1,7200,0,7200
L00010174,T0004045,BEV004,1,2800,200,2600
L00010175,T0004046,RTE004,2,8400,0,16800
L00010176,T0004046,HOU001,1,3000,0,3000
L00010177,T0004047,SNK001,2,3600,300,6900
L00010178,T0004047,BEV002,1,2000,500,1500
L00010179,T0004047,BEV002,1,1800,200,1600
L00010180,T0004047,BEV004,1,2800,200,2600
L00010181,T0004048,HOU001,1,3000,0,3000
L00010182,T0004048,RTE002,1,7400,0,7400
L00010183,T0004049,SNK001,2,3800,200,7400
L00010184,T0004049,BEV002,1,1900,300,1600
L00010185,T0004049,RTE002,1,7000,200,6800
L00010186,T0004050,SNK001,1,3900,0,3900
L00010187,T0004051,DES001,1,3100,0,3100
L00010188,T0004051,DES001,1,2900,500,2400
L00010189,T0004051,RTE001,2,6300,0,12600
L00010190,T0004051,BEV004,1,2600,0,2600
L00010191,T0004052,SNK004,1,2900,200,2700
L00010192,T0004052,BEV002,1,1800,300,1500
L00010193,T0004053,HOU002,1,2300,500,1800
L00010194,T0004053,SNK002,1,4300,300,4000
L00010195,T0004053,DES002,2,5900,500,11300
L00010196,T0004053,BEV003,2,4400,300,8500
L00010197,T0004053,RTE004,2,8400,300,16500
L00010198,T0004054,BEV003,1,4200,200,4000
L00010199,T0004054,BEV002,2,1900,200,3600
L00010200,T0004054,HOU002,1,2300,0,2300
L00010201,T0004054,SNK002,1,4200,200,4000
L00010202,T0004055,BEV004,1,2700,500,2200
L00010203,T0004056,HOU003,1,6700,200,6500
L00010204,T0004056,SNK004,1,2800,0,2800
L00010205,T0004057,SNK001,1,3900,0,3900
L00010206,T0004057,DES003,1,3500,0,3500
L00010207,T0004058,BEV002,1,1900,0,1900
L00010208,T0004059,BEV003,1,4300,200,4100
L00010209,T0004060,BEV003,1,4200,0,4200
L00010210,T0004060,RTE002,1,7200,0,7200
L00010211,T0004061,RTE002,1,7400,0,7400
L00010212,T0004061,HOU002,1,2400,0,2400
L00010213,T0004061,BEV001,1,2500,300,2200
L00010214,T0004061,RTE001,1,6300,0,6300
L00010215,T0004061,SNK002,1,4400,300,4100
L00010216,T0004062,BEV004,1,2800,0,2800
L00010217,T0004063,RTE002,1,7200,500,6700
L00010218,T0004063,HOU001,2,3100,300,5900
L00010219,T0004063,SNK003,1,5200,500,4700
L00010220,T0004063,RTE001,1,6700,0,6700
L00010221,T0004064,RTE002,1,7000,0,7000
L00010222,T0004065,SNK003,1,5300,0,5300
L00010223,T0004065,DES001,1,2900,0,2900
L00010224,T0004065,SNK001,1,3800,0,3800
L00010225,T0004065,HOU001,3,3000,500,8500
L00010226,T0004066,BEV004,1,2400,0,2400
L00010227,T0004066,DES003,1,3500,200,3300
L00010228,T0004067,BEV001,3,2500,0,7500
L00010229,T0004067,DES001,2,3300,200,6400
L00010230,T0004067,SNK002,1,4200,0,4200
L00010231,T0004068,SNK001,2,3900,300,7500
L00010232,T0004068,BEV001,1,2500,0,2500
L00010233,T0004068,DES001,1,2900,0,2900
L00010234,T0004069,SNK003,1,5000,200,4800
L00010235,T0004069,DES002,2,6000,0,12000
L00010236,T0004069,SNK001,1,3800,0,3800
L00010237,T0004069,BEV001,1,2700,500,2200
L00010238,T0004069,HOU002,1,2500,0,2500
L00010239,T0004070,SNK003,2,5200,300,10100
L00010240,T0004070,BEV001,1,2600,0,2600
L00010241,T0004070,SNK001,2,3800,0,7600
L00010242,T0004071,DES001,1,2900,0,2900
L00010243,T0004071,RTE001,1,6500,0,6500
L00010244,T0004071,SNK004,1,2900,0,2900
L00010245,T0004071,SNK003,1,5200,200,5000
L00010246,T0004072,DES003,1,3600,500,3100
L00010247,T0004072,HOU002,2,2300,0,4600
L00010248,T0004072,BEV002,1,1600,0,1600
L00010249,T0004073,SNK002,1,4000,0,4000
L00010250,T0004073,HOU002,1,2400,200,2200
L00010251,T0004073,DES001,1,3200,0,3200
L00010252,T0004073,SNK004,2,2600,0,5200
L00010253,T0004074,SNK002,2,4000,0,8000
L00010254,T0004074,SNK001,1,3600,0,3600
L00010255,T0004074,SNK002,1,4300,300,4000
L00010256,T0004075,HOU002,1,2300,500,1800
L00010257,T0004075,SNK004,1,2800,0,2800
L00010258,T0004076,BEV003,1,4200,0,4200
L00010259,T0004076,BEV002,2,1900,0,3800
L00010260,T0004077,RTE001,1,6500,500,6000
L00010261,T0004077,HOU002,1,2300,0,2300
L00010262,T0004078,DES002,1,6100,0,6100
L00010263,T0004078,SNK001,1,3800,0,3800
L00010264,T0004078,RTE002,1,7200,500,6700
L00010265,T0004079,RTE004,3,8600,200,25600
L00010266,T0004079,DES003,1,3600,0,3600
L00010267,T0004080,SNK002,1,4200,200,4000
L00010268,T0004080,BEV001,1,2600,500,2100
L00010269,T0004080,SNK001,1,3800,500,3300
L00010270,T0004081,RTE004,1,8600,0,8600
L00010271,T0004081,SNK002,1,4300,0,4300
L00010272,T0004082,BEV003,1,4000,300,3700
L00010273,T0004082,BEV002,1,2000,0,2000
L00010274,T0004083,BEV001,1,2700,0,2700
L00010275,T0004083,RTE001,1,6700,0,6700
L00010276,T0004084,SNK004,3,2800,300,8100
L00010277,T0004084,HOU003,1,6700,200,6500
L00010278,T0004084,BEV002,1,1600,200,1400
L00010279,T0004084,SNK004,2,3000,500,5500
L00010280,T0004085,HOU002,1,2100,0,2100
L00010281,T0004086,SNK001,1,4000,500,3500
L00010282,T0004087,HOU001,2,3000,0,6000
L00010283,T0004087,HOU003,1,6900,200,6700
L00010284,T0004087,HOU001,1,2700,500,2200
L00010285,T0004088,DES001,1,2900,300,2600
L00010286,T0004088,RTE003,2,4900,0,9800
L00010287,T0004089,RTE002,3,7400,200,22000
L00010288,T0004089,RTE001,1,6300,0,6300
L00010289,T0004089,BEV003,2,4400,0,8800
L00010290,T0004090,BEV004,1,2600,300,2300
L00010291,T0004090,SNK003,1,5300,300,5000
L00010292,T0004090,HOU002,1,2500,300,2200
L00010293,T0004091,BEV003,1,4400,0,4400
L00010294,T0004091,RTE003,1,5000,0,5000
L00010295,T0004092,BEV001,1,2300,200,2100
L00010296,T0004092,HOU002,1,2300,500,1800
L00010297,T0004092,RTE002,1,7200,0,7200
L00010298,T0004093,RTE004,1,8700,200,8500
L00010299,T0004093,RTE003,1,4600,500,4100
L00010300,T0004094,DES002,1,6100,0,6100
L00010301,T0004095,HOU002,1,2100,0,2100
L00010302,T0004095,HOU002,1,2300,200,2100
L00010303,T0004096,HOU003,1,6700,300,6400
L00010304,T0004096,BEV002,1,1800,0,1800
L00010305,T0004096,BEV002,1,1800,500,1300
L00010306,T0004096,HOU003,1,6700,200,6500
L00010307,T0004097,BEV002,1,1800,200,1600
L00010308,T0004097,HOU001,1,2900,0,2900
L00010309,T0004098,DES002,1,5900,0,5900
L00010310,T0004098,DES001,1,3100,0,3100
L00010311,T0004098,DES002,1,6100,0,6100
L00010312,T0004099,RTE003,2,5000,500,9500
L00010313,T0004099,SNK001,1,3800,200,3600
L00010314,T0004099,SNK002,1,4000,0,4000
L00010315,T0004099,HOU002,1,2300,0,2300
L00010316,T0004100,DES001,1,3200,0,3200
L00010317,T0004101,BEV004,1,2600,0,2600
L00010318,T0004101,BEV004,1,2600,0,2600
L00010319,T0004101,SNK004,1,2900,0,2900
L00010320,T0004102,SNK002,1,4300,0,4300
L00010321,T0004102,BEV001,1,2500,200,2300
L00010322,T0004102,RTE001,2,6600,200,13000
L00010323,T0004102,RTE001,1,6500,0,6500
L00010324,T0004103,DES003,2,3500,0,7000
L00010325,T0004103,BEV004,1,2600,0,2600
L00010326,T0004104,HOU003,1,6900,0,6900
L00010327,T0004104,SNK003,1,5300,300,5000
L00010328,T0004104,RTE003,2,4600,0,9200
L00010329,T0004105,HOU003,1,6700,300,6400
L00010330,T0004105,SNK004,1,2800,300,2500
L00010331,T0004105,RTE004,1,8400,200,8200
L00010332,T0004106,BEV003,1,4000,0,4000
L00010333,T0004106,RTE001,1,6500,0,6500
L00010334,T0004107,SNK003,1,5200,0,5200
L00010335,T0004107,RTE002,2,7200,0,14400
L00010336,T0004107,RTE003,1,5000,500,4500
L00010337,T0004107,BEV003,1,4400,200,4200
L00010338,T0004108,BEV004,2,2400,0,4800
L00010339,T0004108,BEV004,1,2800,0,2800
L00010340,T0004109,BEV003,2,4400,0,8800
L00010341,T0004109,RTE001,1,6300,300,6000
L00010342,T0004109,RTE002,1,7400,0,7400
L00010343,T0004110,DES001,2,3100,0,6200
L00010344,T0004110,RTE001,1,6500,300,6200
L00010345,T0004111,DES001,2,3100,200,6000
L00010346,T0004111,SNK002,1,4000,300,3700
L00010347,T0004111,HOU001,1,2900,500,2400
L00010348,T0004111,SNK004,2,3000,200,5800
L00010349,T0004112,SNK003,1,5000,0,5000
L00010350,T0004112,BEV003,1,4200,500,3700
L00010351,T0004112,HOU001,1,3100,0,3100
L00010352,T0004112,RTE002,1,7300,500,6800
L00010353,T0004113,RTE002,3,7200,200,21400
L00010354,T0004113,BEV003,3,4300,0,12900
L00010355,T0004113,BEV003,1,4300,300,4000
L00010356,T0004114,BEV003,2,4400,300,8500
L00010357,T0004114,HOU003,1,7100,0,7100
L00010358,T0004115,SNK002,1,4000,300,3700
L00010359,T0004115,RTE001,1,6700,0,6700
L00010360,T0004115,SNK002,1,4000,0,4000
L00010361,T0004115,BEV003,1,4200,0,4200
L00010362,T0004116,BEV004,1,2400,0,2400
L00010363,T0004116,SNK001,1,3900,200,3700
L00010364,T0004116,SNK004,1,2800,300,2500
L00010365,T0004117,SNK001,1,4000,0,4000
L00010366,T0004118,DES003,2,3700,500,6900
L00010367,T0004119,DES001,3,3200,0,9600
L00010368,T0004119,BEV003,1,4200,0,4200
L00010369,T0004120,RTE004,2,8600,0,17200
L00010370,T0004120,DES003,1,3700,0,3700
L00010371,T0004120,BEV002,1,1600,500,1100
L00010372,T0004120,DES003,1,3600,500,3100
L00010373,T0004121,DES003,1,3500,500,3000
L00010374,T0004122,SNK002,1,4300,200,4100
L00010375,T0004122,SNK002,1,4300,0,4300
L00010376,T0004122,BEV002,1,1800,0,1800
L00010377,T0004123,SNK004,1,2800,300,2500
L00010378,T0004124,HOU002,1,2300,0,2300
L00010379,T0004125,HOU002,3,2300,0,6900
L00010380,T0004125,SNK002,1,4200,300,3900
L00010381,T0004125,DES002,1,6000,0,6000
L00010382,T0004125,DES003,1,3300,0,3300
L00010383,T0004126,DES003,1,3300,0,3300
L00010384,T0004126,RTE004,1,8400,500,7900
L00010385,T0004126,RTE002,1,7200,200,7000
L00010386,T0004126,DES001,1,3300,500,2800
L00010387,T0004126,RTE002,1,7200,0,7200
L00010388,T0004127,DES002,1,5900,0,5900
L00010389,T0004127,DES002,1,5900,0,5900
L00010390,T0004127,BEV004,2,2800,300,5300
L00010391,T0004127,SNK001,1,3600,300,3300
L00010392,T0004128,HOU002,1,2300,200,2100
L00010393,T0004129,BEV004,1,2600,200,2400
L00010394,T0004129,SNK004,1,2900,0,2900
L00010395,T0004129,BEV004,1,2400,0,2400
L00010396,T0004130,HOU002,1,2100,0,2100
L00010397,T0004130,RTE001,1,6700,300,6400
L00010398,T0004131,DES003,1,3300,500,2800
L00010399,T0004131,SNK004,2,3000,0,6000
L00010400,T0004131,SNK001,1,3800,200,3600
L00010401,T0004132,BEV003,1,4300,0,4300
L00010402,T0004133,BEV004,1,2800,0,2800
L00010403,T0004133,DES002,1,5900,0,5900
L00010404,T0004134,DES002,1,5900,0,5900
L00010405,T0004134,HOU003,2,6900,0,13800
L00010406,T0004134,HOU003,2,6900,300,13500
L00010407,T0004134,BEV002,1,1800,0,1800
L00010408,T0004135,RTE003,1,5000,0,5000
L00010409,T0004135,HOU003,1,6900,300,6600
L00010410,T0004135,RTE001,1,6500,0,6500
L00010411,T0004135,SNK003,3,5400,300,15900
L00010412,T0004135,SNK001,2,3800,500,7100
L00010413,T0004136,BEV001,1,2700,0,2700
L00010414,T0004136,BEV001,1,2300,200,2100
L00010415,T0004136,RTE002,1,7400,300,7100
L00010416,T0004137,DES001,1,3200,500,2700
L00010417,T0004137,RTE004,1,8400,0,8400
L00010418,T0004137,SNK002,1,4200,0,4200
L00010419,T0004138,BEV002,1,1800,500,1300
L00010420,T0004138,BEV004,2,2400,0,4800
L00010421,T0004139,RTE002,1,7000,0,7000
L00010422,T0004139,SNK002,1,4400,0,4400
L00010423,T0004139,HOU002,1,2300,0,2300
L00010424,T0004140,BEV001,1,2500,0,2500
L00010425,T0004140,BEV002,1,1800,0,1800
L00010426,T0004140,RTE001,1,6600,300,6300
L00010427,T0004140,BEV001,1,2700,0,2700
L00010428,T0004140,RTE001,1,6600,0,6600
L00010429,T0004141,SNK004,3,2800,0,8400
L00010430,T0004141,SNK002,1,4000,300,3700
L00010431,T0004141,HOU001,1,3000,500,2500
L00010432,T0004142,BEV003,1,4200,500,3700
L00010433,T0004142,HOU001,3,3100,0,9300
L00010434,T0004143,DES002,2,6100,200,12000
L00010435,T0004143,HOU002,1,2300,200,2100
L00010436,T0004143,DES003,1,3300,0,3300
L00010437,T0004144,BEV003,1,4400,0,4400
L00010438,T0004144,SNK002,1,4200,0,4200
L00010439,T0004144,DES003,1,3700,0,3700
L00010440,T0004145,SNK003,1,5400,0,5400
L00010441,T0004145,HOU003,3,6900,300,20400
L00010442,T0004146,BEV004,1,2800,0,2800
L00010443,T0004146,SNK002,1,4200,0,4200
L00010444,T0004147,RTE001,3,6500,0,19500
L00010445,T0004147,HOU002,1,2400,0,2400
L00010446,T0004148,DES003,1,3600,0,3600
L00010447,T0004148,SNK002,1,4300,200,4100
L00010448,T0004149,SNK001,1,3600,500,3100
L00010449,T0004150,HOU001,1,2900,500,2400
L00010450,T0004151,SNK002,1,4400,0,4400
L00010451,T0004151,SNK004,1,2800,0,2800
L00010452,T0004151,DES002,1,6000,0,6000
L00010453,T0004151,SNK003,1,5200,0,5200
L00010454,T0004152,SNK004,1,2800,500,2300
L00010455,T0004152,DES002,1,5900,200,5700
L00010456,T0004153,RTE001,1,6500,500,6000
L00010457,T0004153,BEV001,1,2500,0,2500
L00010458,T0004154,SNK002,1,4300,200,4100
L00010459,T0004154,RTE003,1,4900,0,4900
L00010460,T0004154,HOU002,1,2500,0,2500
L00010461,T0004155,BEV003,2,4200,0,8400
L00010462,T0004155,RTE004,1,8600,0,8600
L00010463,T0004156,BEV004,1,2800,0,2800
L00010464,T0004157,DES001,1,3100,500,2600
L00010465,T0004157,HOU002,1,2100,0,2100
L00010466,T0004157,DES002,1,6000,300,5700
L00010467,T0004158,BEV001,1,2500,0,2500
L00010468,T0004159,HOU002,2,2400,500,4300
L00010469,T0004160,HOU002,1,2500,500,2000
L00010470,T0004160,BEV001,1,2300,500,1800
L00010471,T0004161,HOU002,1,2400,200,2200
L00010472,T0004161,BEV004,1,2400,200,2200
L00010473,T0004161,HOU002,1,2500,500,2000
L00010474,T0004161,RTE003,1,5000,200,4800
L00010475,T0004162,DES003,2,3500,0,7000
L00010476,T0004162,RTE004,3,8600,300,25500
L00010477,T0004163,BEV004,1,2400,500,1900
L00010478,T0004163,RTE002,1,7300,200,7100
L00010479,T0004164,HOU002,1,2100,200,1900
L00010480,T0004164,BEV004,2,2800,0,5600
L00010481,T0004164,SNK001,1,4000,0,4000
L00010482,T0004164,DES003,2,3500,0,7000
L00010483,T0004165,HOU002,1,2100,300,1800
L00010484,T0004165,DES002,1,5900,300,5600
L00010485,T0004166,BEV004,1,2700,200,2500
L00010486,T0004166,SNK004,1,2900,0,2900
L00010487,T0004167,RTE004,1,8800,300,8500
L00010488,T0004167,BEV001,1,2300,200,2100
L00010489,T0004168,RTE004,2,8700,500,16900
L00010490,T0004168,RTE003,1,5000,0,5000
L00010491,T0004168,BEV002,1,1800,0,1800
L00010492,T0004168,BEV002,1,1600,500,1100
L00010493,T0004169,BEV003,1,4000,0,4000
L00010494,T0004169,RTE003,1,4800,300,4500
L00010495,T0004169,SNK004,1,2600,0,2600
L00010496,T0004170,RTE004,1,8400,500,7900
L00010497,T0004171,DES002,2,6000,200,11800
L00010498,T0004171,SNK002,1,4000,300,3700
L00010499,T0004172,RTE004,1,8600,0,8600
L00010500,T0004172,RTE004,1,8600,0,8600
L00010501,T0004173,SNK001,2,3600,500,6700
L00010502,T0004173,SNK004,1,2600,500,2100
L00010503,T0004174,BEV004,2,2600,500,4700
L00010504,T0004174,RTE002,1,7000,0,7000
L00010505,T0004174,BEV001,1,2500,500,2000
L00010506,T0004175,DES001,1,3100,500,2600
L00010507,T0004175,BEV001,2,2500,0,5000
L00010508,T0004175,BEV001,1,2700,300,2400
L00010509,T0004175,DES002,1,6100,0,6100
L00010510,T0004176,BEV003,2,4200,200,8200
L00010511,T0004177,RTE002,1,7200,500,6700
L00010512,T0004177,HOU003,1,7100,500,6600
L00010513,T0004177,HOU002,1,2300,500,1800
L00010514,T0004178,BEV003,2,4400,200,8600
L00010515,T0004178,BEV001,1,2300,0,2300
L00010516,T0004178,HOU001,1,3100,200,2900
L00010517,T0004178,BEV002,1,1900,300,1600
L00010518,T0004179,DES001,1,3100,300,2800
L00010519,T0004179,RTE001,2,6500,0,13000
L00010520,T0004180,HOU001,1,3000,300,2700
L00010521,T0004181,SNK003,1,5300,500,4800
L00010522,T0004181,BEV003,2,4200,0,8400
L00010523,T0004181,RTE003,2,5000,300,9700
L00010524,T0004181,SNK004,1,2800,0,2800
L00010525,T0004182,SNK004,1,2600,0,2600
L00010526,T0004183,BEV002,1,1600,500,1100
L00010527,T0004183,HOU001,1,2700,500,2200
L00010528,T0004183,DES001,1,3100,0,3100
L00010529,T0004183,DES003,1,3600,300,3300
L00010530,T0004183,DES001,1,2900,300,2600
L00010531,T0004184,DES003,2,3500,0,7000
L00010532,T0004185,DES003,2,3300,300,6300
L00010533,T0004185,BEV002,1,1900,300,1600
L00010534,T0004185,SNK002,1,4400,200,4200
L00010535,T0004185,BEV002,1,2000,500,1500
L00010536,T0004185,RTE003,1,4600,500,4100
L00010537,T0004186,RTE002,2,7300,500,14100
L00010538,T0004186,BEV001,2,2700,300,5100
L00010539,T0004186,SNK004,1,3000,0,3000
L00010540,T0004186,BEV003,1,4000,200,3800
L00010541,T0004187,SNK001,1,3600,0,3600
L00010542,T0004187,SNK004,1,2800,0,2800
L00010543,T0004187,HOU002,1,2300,200,2100
L00010544,T0004187,HOU003,1,6900,0,6900
L00010545,T0004188,SNK003,1,5000,300,4700
L00010546,T0004189,DES001,2,3100,0,6200
L00010547,T0004189,HOU003,2,6700,300,13100
L00010548,T0004189,BEV003,2,4400,0,8800
L00010549,T0004190,DES001,1,2900,200,2700
L00010550,T0004190,HOU002,2,2500,0,5000
L00010551,T0004190,SNK004,2,2800,0,5600
L00010552,T0004190,HOU002,1,2500,0,2500
L00010553,T0004190,SNK004,1,2600,500,2100
L00010554,T0004191,DES003,1,3300,300,3000
L00010555,T0004192,SNK002,1,4000,200,3800
L00010556,T0004192,SNK003,1,5200,500,4700
L00010557,T0004192,SNK001,1,3900,500,3400
L00010558,T0004192,SNK002,1,4000,300,3700
L00010559,T0004193,RTE001,1,6300,0,6300
L00010560,T0004194,DES002,1,6100,200,5900
L00010561,T0004195,BEV002,1,1600,0,1600
L00010562,T0004196,HOU002,1,2300,0,2300
L00010563,T0004197,HOU003,1,6700,0,6700
L00010564,T0004197,SNK003,1,5000,200,4800
L00010565,T0004198,RTE001,1,6500,0,6500
L00010566,T0004198,BEV003,1,4300,300,4000
L00010567,T0004198,RTE002,1,7000,300,6700
L00010568,T0004198,BEV001,1,2500,0,2500
L00010569,T0004199,HOU003,1,6900,0,6900
L00010570,T0004200,RTE002,1,7400,0,7400
L00010571,T0004201,RTE004,1,8800,0,8800
L00010572,T0004202,DES003,1,3300,0,3300
L00010573,T0004202,SNK003,1,5300,0,5300
L00010574,T0004202,DES002,1,5900,500,5400
L00010575,T0004203,BEV003,1,4000,200,3800
L00010576,T0004203,RTE003,2,4600,300,8900
L00010577,T0004203,BEV001,1,2500,200,2300
L00010578,T0004204,RTE003,1,5000,0,5000
L00010579,T0004204,BEV004,1,2800,0,2800
L00010580,T0004204,HOU001,1,2700,300,2400
L00010581,T0004204,RTE003,1,4900,200,4700
L00010582,T0004205,RTE004,1,8700,0,8700
L00010583,T0004206,RTE004,1,8800,0,8800
L00010584,T0004206,SNK001,1,3900,0,3900
L00010585,T0004206,DES003,1,3300,0,3300
L00010586,T0004206,RTE004,1,8700,0,8700
L00010587,T0004206,HOU003,1,6900,200,6700
L00010588,T0004207,RTE003,1,4800,200,4600
L00010589,T0004208,SNK001,3,3600,0,10800
L00010590,T0004208,SNK003,1,5000,300,4700
L00010591,T0004208,RTE001,1,6600,300,6300
L00010592,T0004208,DES001,1,3100,0,3100
L00010593,T0004209,SNK003,1,5200,300,4900
L00010594,T0004210,BEV001,1,2300,500,1800
L00010595,T0004210,RTE003,2,4900,0,9800
L00010596,T0004210,HOU002,3,2400,0,7200
L00010597,T0004211,BEV001,1,2500,500,2000
L00010598,T0004211,RTE003,1,4900,200,4700
L00010599,T0004211,DES002,2,6100,200,12000
L00010600,T0004211,BEV003,3,4400,200,13000
L00010601,T0004212,BEV001,1,2700,300,2400
L00010602,T0004212,RTE004,2,8600,0,17200
L00010603,T0004213,BEV004,1,2800,300,2500
L00010604,T0004213,BEV001,1,2500,200,2300
L00010605,T0004214,SNK003,1,5200,200,5000
L00010606,T0004214,SNK003,1,5200,0,5200
L00010607,T0004214,BEV002,1,1900,300,1600
L00010608,T0004214,DES001,1,2900,0,2900
L00010609,T0004215,DES001,1,2900,0,2900
L00010610,T0004215,DES003,2,3600,0,7200
L00010611,T0004215,HOU001,2,3000,0,6000
L00010612,T0004216,BEV003,2,4400,300,8500
L00010613,T0004217,SNK001,1,3800,0,3800
L00010614,T0004217,RTE002,1,7200,0,7200
L00010615,T0004218,SNK003,2,5400,0,10800
L00010616,T0004219,HOU001,1,3100,200,2900
L00010617,T0004219,RTE002,1,7000,0,7000
L00010618,T0004219,DES003,1,3500,0,3500
L00010619,T0004220,RTE004,1,8400,0,8400
L00010620,T0004221,SNK003,1,5200,200,5000
L00010621,T0004222,DES003,1,3600,0,3600
L00010622,T0004222,DES001,1,2900,300,2600
L00010623,T0004222,HOU002,1,2300,200,2100
L00010624,T0004222,SNK003,1,5400,0,5400
L00010625,T0004223,DES001,1,3300,0,3300
L00010626,T0004223,SNK003,3,5200,200,15400
L00010627,T0004223,BEV002,1,1800,0,1800
L00010628,T0004223,BEV001,3,2500,0,7500
L00010629,T0004224,SNK004,1,2600,0,2600
L00010630,T0004224,SNK001,2,3600,200,7000
L00010631,T0004225,BEV001,1,2500,0,2500
L00010632,T0004225,HOU001,2,2900,300,5500
L00010633,T0004225,SNK001,1,3600,0,3600
L00010634,T0004226,RTE001,1,6300,200,6100
L00010635,T0004226,SNK001,1,3600,300,3300
L00010636,T0004227,RTE004,1,8600,300,8300
L00010637,T0004227,SNK003,1,5200,300,4900
L00010638,T0004227,BEV004,1,2400,200,2200
L00010639,T0004228,SNK003,2,5400,0,10800
L00010640,T0004228,SNK002,1,4400,0,4400
L00010641,T0004228,DES003,2,3500,200,6800
L00010642,T0004228,RTE001,1,6700,300,6400
L00010643,T0004229,BEV004,1,2700,500,2200
L00010644,T0004230,BEV002,1,1800,0,1800
L00010645,T0004230,DES003,1,3300,500,2800
L00010646,T0004231,HOU003,1,6900,200,6700
L00010647,T0004231,RTE003,1,4600,0,4600
L00010648,T0004231,DES003,1,3700,200,3500
L00010649,T0004232,RTE003,1,4900,0,4900
L00010650,T0004232,DES003,2,3300,500,6100
L00010651,T0004233,DES001,2,3200,0,6400
L00010652,T0004234,RTE004,1,8800,500,8300
L00010653,T0004235,HOU003,1,7000,0,7000
L00010654,T0004235,BEV002,1,1800,0,1800
L00010655,T0004235,HOU003,1,7100,500,6600
L00010656,T0004235,DES001,1,3100,0,3100
L00010657,T0004235,HOU003,1,7100,500,6600
L00010658,T0004236,BEV004,2,2700,500,4900
L00010659,T0004236,RTE003,1,4900,0,4900
L00010660,T0004236,RTE002,3,7300,300,21600
L00010661,T0004237,SNK003,1,5300,0,5300
L00010662,T0004237,HOU003,1,7100,0,7100
L00010663,T0004237,SNK003,1,5400,200,5200
L00010664,T0004237,RTE002,1,7200,200,7000
L00010665,T0004238,DES002,2,6000,0,12000
L00010666,T0004238,RTE001,1,6600,0,6600
L00010667,T0004239,BEV003,1,4200,500,3700
L00010668,T0004239,RTE001,1,6500,0,6500
L00010669,T0004240,HOU002,1,2100,0,2100
L00010670,T0004241,RTE002,1,7400,200,7200
L00010671,T0004242,RTE002,1,7000,200,6800
L00010672,T0004243,BEV003,1,4300,500,3800
L00010673,T0004243,DES002,2,5700,0,11400
L00010674,T0004243,RTE004,1,8700,0,8700
L00010675,T0004244,BEV003,1,4200,500,3700
L00010676,T0004244,DES003,1,3500,0,3500
L00010677,T0004244,DES003,3,3600,300,10500
L00010678,T0004244,BEV002,1,1800,0,1800
L00010679,T0004244,BEV003,1,4200,500,3700
L00010680,T0004245,RTE002,1,7200,0,7200
L00010681,T0004245,HOU003,1,7000,500,6500
L00010682,T0004245,RTE001,2,6500,0,13000
L00010683,T0004245,SNK003,1,5300,0,5300
L00010684,T0004245,DES002,1,6000,0,6000
L00010685,T0004246,RTE003,1,4800,300,4500
L00010686,T0004247,HOU003,1,6900,200,6700
L00010687,T0004247,SNK004,1,2900,0,2900
L00010688,T0004248,BEV001,1,2600,0,2600
L00010689,T0004249,HOU003,2,6900,200,13600
L00010690,T0004249,RTE003,2,5000,0,10000
L00010691,T0004249,DES002,1,5900,0,5900
L00010692,T0004249,BEV001,1,2500,0,2500
L00010693,T0004250,HOU001,1,3000,300,2700
L00010694,T0004250,DES003,2,3500,0,7000
L00010695,T0004250,BEV002,1,1800,200,1600
L00010696,T0004250,RTE002,1,7300,300,7000
L00010697,T0004251,DES002,1,6100,200,5900
L00010698,T0004252,BEV004,1,2600,0,2600
L00010699,T0004252,BEV001,2,2500,0,5000
L00010700,T0004252,BEV003,2,4000,300,7700
L00010701,T0004253,RTE002,1,7200,500,6700
L00010702,T0004254,SNK002,1,4200,0,4200
L00010703,T0004254,SNK003,1,5000,0,5000
L00010704,T0004254,BEV001,1,2700,200,2500
L00010705,T0004255,BEV002,2,1800,0,3600
L00010706,T0004255,DES002,1,5900,200,5700
L00010707,T0004255,BEV003,1,4200,500,3700
L00010708,T0004256,BEV001,1,2300,0,2300
L00010709,T0004256,DES003,1,3600,200,3400
L00010710,T0004256,RTE003,1,4800,0,4800
L00010711,T0004257,BEV002,1,1800,500,1300
L00010712,T0004257,HOU001,1,3000,200,2800
L00010713,T0004258,RTE003,2,4600,0,9200
L00010714,T0004258,RTE004,1,8700,0,8700
L00010715,T0004258,SNK002,1,4400,300,4100
L00010716,T0004259,SNK001,1,3600,0,3600
L00010717,T0004259,SNK003,1,5200,200,5000
L00010718,T0004260,DES003,1,3500,0,3500
L00010719,T0004260,BEV004,2,2400,200,4600
L00010720,T0004260,RTE004,1,8700,0,8700
L00010721,T0004261,BEV002,1,2000,0,2000
L00010722,T0004262,RTE004,1,8400,200,8200
L00010723,T0004263,SNK002,1,4200,0,4200
L00010724,T0004263,RTE002,1,7200,500,6700
L00010725,T0004263,BEV004,1,2400,200,2200
L00010726,T0004264,DES003,1,3500,0,3500
L00010727,T0004264,HOU003,1,6700,0,6700
L00010728,T0004264,HOU002,3,2300,0,6900
L00010729,T0004264,HOU002,1,2400,200,2200
L00010730,T0004264,HOU003,1,6700,0,6700
L00010731,T0004265,DES001,1,3300,200,3100
L00010732,T0004265,RTE004,1,8600,0,8600
L00010733,T0004265,HOU003,1,6900,0,6900
L00010734,T0004265,DES001,1,3300,300,3000
L00010735,T0004266,RTE002,1,7400,300,7100
L00010736,T0004266,SNK001,1,3600,500,3100
L00010737,T0004266,RTE004,1,8600,300,8300
L00010738,T0004267,SNK002,3,4400,200,13000
L00010739,T0004267,SNK003,1,5200,300,4900
L00010740,T0004268,SNK004,1,2800,0,2800
L00010741,T0004268,BEV004,2,2700,0,5400
L00010742,T0004268,HOU002,1,2300,0,2300
L00010743,T0004268,BEV002,1,1900,0,1900
L00010744,T0004269,HOU002,1,2100,500,1600
L00010745,T0004269,HOU002,1,2500,200,2300
L00010746,T0004269,BEV004,1,2800,300,2500
L00010747,T0004269,BEV001,1,2700,0,2700
L00010748,T0004269,SNK004,3,2800,0,8400
L00010749,T0004270,RTE001,1,6500,0,6500
L00010750,T0004271,BEV002,1,1800,0,1800
L00010751,T0004272,RTE003,1,4900,200,4700
L00010752,T0004272,RTE003,1,4800,300,4500
L00010753,T0004272,SNK004,1,2800,0,2800
L00010754,T0004273,DES002,1,6100,300,5800
L00010755,T0004273,BEV003,1,4200,0,4200
L00010756,T0004274,HOU002,1,2300,0,2300
L00010757,T0004274,RTE004,1,8700,0,8700
L00010758,T0004274,SNK004,1,2800,500,2300
L00010759,T0004275,DES001,1,2900,0,2900
L00010760,T0004275,SNK004,1,2900,500,2400
L00010761,T0004275,DES003,2,3500,300,6700
L00010762,T0004275,SNK003,1,5000,0,5000
L00010763,T0004276,HOU003,1,6700,0,6700
L00010764,T0004277,BEV003,1,4200,300,3900
L00010765,T0004277,SNK004,1,2600,500,2100
L00010766,T0004278,BEV004,3,2700,500,7600
L00010767,T0004278,RTE003,2,4600,0,9200
L00010768,T0004279,SNK002,1,4000,300,3700
L00010769,T0004279,BEV003,1,4300,300,4000
L00010770,T0004280,HOU001,2,2700,300,5100
L00010771,T0004280,RTE002,3,7200,300,21300
L00010772,T0004281,RTE001,1,6700,0,6700
L00010773,T0004281,SNK001,1,4000,0,4000
L00010774,T0004282,RTE004,1,8800,500,8300
L00010775,T0004282,BEV003,1,4300,0,4300
L00010776,T0004282,RTE001,1,6700,200,6500
L00010777,T0004283,SNK003,1,5400,0,5400
L00010778,T0004283,RTE003,1,4800,0,4800
L00010779,T0004283,BEV003,1,4200,0,4200
L00010780,T0004283,RTE002,1,7200,300,6900
L00010781,T0004283,SNK002,1,4200,500,3700
L00010782,T0004284,RTE004,1,8400,0,8400
L00010783,T0004285,HOU003,1,6900,0,6900
L00010784,T0004285,HOU003,1,6700,0,6700
L00010785,T0004285,BEV001,1,2500,200,2300
L00010786,T0004286,DES002,1,5900,500,5400
L00010787,T0004287,BEV003,1,4200,200,4000
L00010788,T0004287,RTE003,1,5000,0,5000
L00010789,T0004287,BEV003,1,4300,200,4100
L00010790,T0004287,RTE001,2,6300,300,12300
L00010791,T0004288,HOU003,1,6900,0,6900
L00010792,T0004289,HOU001,2,2700,200,5200
L00010793,T0004289,DES001,2,3200,300,6100
L00010794,T0004289,RTE004,1,8600,0,8600
L00010795,T0004289,BEV004,1,2600,0,2600
L00010796,T0004289,BEV004,1,2700,0,2700
L00010797,T0004290,BEV002,1,2000,0,2000
L00010798,T0004290,BEV002,2,1800,500,3100
L00010799,T0004291,HOU003,1,6900,0,6900
L00010800,T0004291,SNK003,1,5200,0,5200
L00010801,T0004291,BEV002,1,1600,500,1100
L00010802,T0004292,HOU001,2,2900,0,5800
L00010803,T0004293,SNK001,2,3600,500,6700
L00010804,T0004293,HOU002,1,2300,0,2300
L00010805,T0004294,SNK002,1,4000,0,4000
L00010806,T0004295,SNK004,1,3000,500,2500
L00010807,T0004296,BEV001,1,2700,300,2400
L00010808,T0004296,SNK004,1,2800,300,2500
L00010809,T0004296,SNK001,1,3600,0,3600
L00010810,T0004296,SNK001,1,4000,0,4000
L00010811,T0004297,RTE004,2,8400,300,16500
L00010812,T0004298,BEV001,1,2300,200,2100
L00010813,T0004298,SNK004,1,2900,200,2700
L00010814,T0004298,HOU002,2,2400,300,4500
L00010815,T0004298,BEV003,2,4200,300,8100
L00010816,T0004298,SNK002,1,4200,0,4200
L00010817,T0004299,SNK004,1,2900,200,2700
L00010818,T0004299,HOU001,1,3100,300,2800
L00010819,T0004300,SNK004,1,3000,0,3000
L00010820,T0004300,RTE004,3,8400,0,25200
L00010821,T0004301,RTE003,1,4900,200,4700
L00010822,T0004301,SNK002,1,4200,0,4200
L00010823,T0004302,BEV001,2,2300,0,4600
L00010824,T0004302,HOU002,1,2300,300,2000
L00010825,T0004302,HOU003,1,7100,0,7100
L00010826,T0004303,DES002,2,5700,200,11200
L00010827,T0004303,HOU003,1,7100,0,7100
L00010828,T0004304,BEV001,1,2500,200,2300
L00010829,T0004304,RTE003,1,4800,300,4500
L00010830,T0004305,RTE002,1,7000,0,7000
L00010831,T0004305,SNK003,1,5000,0,5000
L00010832,T0004305,SNK003,1,5000,0,5000
L00010833,T0004306,SNK004,1,2900,0,2900
L00010834,T0004307,BEV002,2,1800,500,3100
L00010835,T0004308,DES001,1,2900,0,2900
L00010836,T0004309,BEV003,1,4200,500,3700
L00010837,T0004309,BEV003,1,4200,0,4200
L00010838,T0004309,DES001,1,3300,300,3000
L00010839,T0004310,SNK004,1,3000,0,3000
L00010840,T0004310,DES001,1,2900,300,2600
L00010841,T0004311,DES001,1,2900,0,2900
L00010842,T0004311,HOU002,1,2100,300,1800
L00010843,T0004311,BEV004,1,2700,0,2700
L00010844,T0004312,SNK002,2,4200,200,8200
L00010845,T0004312,DES003,1,3500,0,3500
L00010846,T0004312,BEV001,1,2300,500,1800
L00010847,T0004313,DES003,1,3300,300,3000
L00010848,T0004313,RTE002,1,7200,500,6700
L00010849,T0004313,DES003,1,3600,0,3600
L00010850,T0004313,BEV002,2,2000,0,4000
L00010851,T0004314,HOU002,1,2300,0,2300
L00010852,T0004314,SNK004,1,2900,200,2700
L00010853,T0004314,DES002,1,5900,0,5900
L00010854,T0004314,HOU002,2,2100,0,4200
L00010855,T0004315,SNK004,1,2800,300,2500
L00010856,T0004316,HOU001,1,2900,0,2900
L00010857,T0004317,BEV004,1,2600,200,2400
L00010858,T0004317,BEV003,2,4200,200,8200
L00010859,T0004317,SNK001,1,3800,0,3800
L00010860,T0004317,BEV002,1,1800,300,1500
L00010861,T0004318,HOU002,1,2300,300,2000
L00010862,T0004318,RTE003,1,4800,200,4600
L00010863,T0004318,HOU001,1,3000,500,2500
L00010864,T0004318,HOU001,1,2700,500,2200
L00010865,T0004318,SNK001,3,3600,0,10800
L00010866,T0004319,RTE001,1,6500,0,6500
L00010867,T0004320,SNK004,1,3000,0,3000
L00010868,T0004320,SNK002,1,4200,0,4200
L00010869,T0004320,SNK004,1,2800,200,2600
L00010870,T0004320,DES002,1,5900,300,5600
L00010871,T0004321,BEV003,1,4200,500,3700
L00010872,T0004321,BEV004,1,2600,0,2600
L00010873,T0004321,BEV002,1,2000,0,2000
L00010874,T0004322,DES002,1,6100,0,6100
L00010875,T0004322,DES001,1,2900,0,2900
L00010876,T0004322,SNK004,3,2900,0,8700
L00010877,T0004322,BEV002,1,2000,0,2000
L00010878,T0004323,HOU002,1,2300,0,2300
L00010879,T0004323,BEV002,1,1900,0,1900
L00010880,T0004323,BEV003,2,4200,0,8400
L00010881,T0004324,SNK002,1,4000,0,4000
L00010882,T0004324,DES001,1,2900,0,2900
L00010883,T0004324,HOU002,1,2300,0,2300
L00010884,T0004325,DES003,2,3600,0,7200
L00010885,T0004326,DES003,1,3700,0,3700
L00010886,T0004326,SNK003,2,5200,0,10400
L00010887,T0004326,SNK004,1,2800,0,2800
L00010888,T0004327,BEV001,1,2300,0,2300
L00010889,T0004327,SNK004,1,2600,500,2100
L00010890,T0004327,HOU001,1,2700,300,2400
L00010891,T0004328,RTE002,1,7200,0,7200
L00010892,T0004328,RTE004,1,8700,200,8500
L00010893,T0004329,SNK001,1,3800,300,3500
L00010894,T0004329,SNK002,1,4200,300,3900
L00010895,T0004329,RTE003,1,4800,300,4500
L00010896,T0004329,BEV003,1,4300,200,4100
L00010897,T0004329,SNK004,1,2900,0,2900
L00010898,T0004330,SNK001,1,3900,0,3900
L00010899,T0004331,DES002,1,5700,0,5700
L00010900,T0004332,SNK004,1,2900,500,2400
L00010901,T0004332,SNK001,2,4000,200,7800
L00010902,T0004333,BEV002,1,1900,200,1700
L00010903,T0004333,SNK003,1,5300,500,4800
L00010904,T0004333,RTE004,1,8600,500,8100
L00010905,T0004334,DES001,1,3100,0,3100
L00010906,T0004334,BEV003,2,4200,300,8100
L00010907,T0004334,DES001,1,3100,300,2800
L00010908,T0004334,RTE002,2,7400,500,14300
L00010909,T0004335,HOU003,1,7100,500,6600
L00010910,T0004335,HOU002,1,2100,0,2100
L00010911,T0004335,SNK002,1,4300,0,4300
L00010912,T0004335,DES003,1,3500,0,3500
L00010913,T0004336,BEV001,1,2600,0,2600
L00010914,T0004336,SNK004,1,3000,0,3000
L00010915,T0004337,SNK003,1,5300,0,5300
L00010916,T0004338,RTE003,1,4600,0,4600
L00010917,T0004339,RTE004,1,8600,300,8300
L00010918,T0004340,SNK003,1,5200,300,4900
L00010919,T0004340,DES001,2,3100,300,5900
L00010920,T0004341,DES003,1,3500,0,3500
L00010921,T0004341,BEV003,1,4000,0,4000
L00010922,T0004341,RTE004,1,8800,500,8300
L00010923,T0004342,BEV003,1,4200,200,4000
L00010924,T0004342,HOU002,1,2400,0,2400
L00010925,T0004342,HOU003,2,7000,200,13800
L00010926,T0004342,RTE004,1,8400,300,8100
L00010927,T0004343,DES001,1,2900,200,2700
L00010928,T0004343,HOU002,3,2500,0,7500
L00010929,T0004343,RTE001,1,6700,300,6400
L00010930,T0004343,HOU002,2,2100,500,3700
L00010931,T0004344,SNK003,1,5000,0,5000
L00010932,T0004344,RTE002,1,7300,200,7100
L00010933,T0004344,BEV004,1,2600,0,2600
L00010934,T0004344,RTE003,1,4600,0,4600
L00010935,T0004345,BEV003,1,4200,200,4000
L00010936,T0004346,RTE003,1,4900,300,4600
L00010937,T0004346,RTE002,1,7200,500,6700
L00010938,T0004346,RTE003,1,4900,200,4700
L00010939,T0004347,RTE004,2,8800,0,17600
L00010940,T0004347,SNK004,1,2900,200,2700
L00010941,T0004347,BEV004,2,2600,300,4900
L00010942,T0004348,DES001,1,2900,200,2700
L00010943,T0004348,SNK001,1,4000,500,3500
L00010944,T0004348,DES001,1,3100,200,2900
L00010945,T0004349,BEV003,1,4400,300,4100
L00010946,T0004349,SNK001,1,4000,0,4000
L00010947,T0004349,DES003,1,3500,0,3500
L00010948,T0004350,SNK004,2,2900,300,5500
L00010949,T0004351,RTE003,1,5000,500,4500
L00010950,T0004351,SNK003,1,5000,300,4700
L00010951,T0004352,SNK001,2,3900,300,7500
L00010952,T0004353,SNK001,1,3800,0,3800
L00010953,T0004353,HOU003,2,6700,0,13400
L00010954,T0004354,HOU003,2,7100,0,14200
L00010955,T0004354,DES003,1,3600,500,3100
L00010956,T0004354,HOU002,1,2300,500,1800
L00010957,T0004354,SNK003,1,5200,0,5200
L00010958,T0004355,HOU002,1,2500,0,2500
L00010959,T0004356,HOU001,3,2900,300,8400
L00010960,T0004357,DES003,1,3500,300,3200
L00010961,T0004357,HOU001,1,3000,0,3000
L00010962,T0004357,DES001,1,3100,0,3100
L00010963,T0004358,HOU002,1,2500,500,2000
L00010964,T0004358,BEV003,1,4300,500,3800
L00010965,T0004358,RTE003,2,4600,300,8900
L00010966,T0004359,SNK002,1,4200,0,4200
L00010967,T0004359,BEV001,1,2500,0,2500
L00010968,T0004360,HOU003,1,7100,500,6600
L00010969,T0004360,SNK002,1,4000,0,4000
L00010970,T0004360,RTE002,1,7200,0,7200
L00010971,T0004360,SNK001,1,3900,0,3900
L00010972,T0004361,BEV001,2,2300,200,4400
L00010973,T0004361,SNK003,2,5200,0,10400
L00010974,T0004362,DES002,1,5700,0,5700
L00010975,T0004363,BEV002,2,1800,500,3100
L00010976,T0004363,BEV002,1,2000,0,2000
L00010977,T0004364,DES002,1,6100,0,6100
L00010978,T0004364,SNK004,1,2800,200,2600
L00010979,T0004365,SNK002,1,4400,500,3900
L00010980,T0004365,RTE003,1,4600,200,4400
L00010981,T0004365,BEV001,2,2500,0,5000
L00010982,T0004365,SNK003,1,5200,0,5200
L00010983,T0004366,HOU002,1,2300,500,1800
L00010984,T0004366,HOU003,1,6900,0,6900
L00010985,T0004367,HOU001,1,2700,500,2200
L00010986,T0004368,BEV001,1,2300,0,2300
L00010987,T0004368,RTE001,1,6300,300,6000
L00010988,T0004369,HOU003,1,7100,300,6800
L00010989,T0004369,DES001,1,3300,0,3300
L00010990,T0004369,SNK001,2,3800,300,7300
L00010991,T0004370,DES002,1,5900,0,5900
L00010992,T0004371,SNK001,2,4000,500,7500
L00010993,T0004371,SNK004,1,2900,200,2700
L00010994,T0004372,SNK002,2,4300,0,8600
L00010995,T0004373,SNK002,1,4200,0,4200
L00010996,T0004373,DES003,2,3500,0,7000
L00010997,T0004374,RTE001,1,6300,500,5800
L00010998,T0004374,SNK002,1,4000,200,3800
L00010999,T0004374,HOU002,1,2300,0,2300
L00011000,T0004375,BEV003,1,4000,0,4000
L00011001,T0004375,BEV004,1,2600,0,2600
L00011002,T0004376,RTE002,1,7200,0,7200
L00011003,T0004377,SNK003,1,5400,200,5200
L00011004,T0004377,RTE004,2,8600,500,16700
L00011005,T0004377,HOU001,1,2700,0,2700
L00011006,T0004377,RTE001,1,6700,300,6400
L00011007,T0004377,RTE004,1,8800,200,8600
L00011008,T0004378,RTE001,1,6600,0,6600
L00011009,T0004378,BEV002,1,1800,0,1800
L00011010,T0004379,SNK004,1,2800,0,2800
L00011011,T0004379,BEV004,2,2400,0,4800
L00011012,T0004379,BEV001,1,2700,0,2700
L00011013,T0004380,BEV001,1,2500,0,2500
L00011014,T0004380,DES003,1,3700,200,3500
L00011015,T0004380,BEV001,2,2600,300,4900
L00011016,T0004380,RTE003,1,4600,0,4600
L00011017,T0004380,DES002,1,5900,200,5700
L00011018,T0004381,RTE004,2,8400,0,16800
L00011019,T0004382,RTE004,2,8800,0,17600
L00011020,T0004383,RTE004,1,8700,300,8400
L00011021,T0004384,BEV003,3,4000,200,11800
L00011022,T0004384,DES001,1,3100,0,3100
L00011023,T0004384,HOU001,2,3100,500,5700
L00011024,T0004385,SNK003,1,5200,300,4900
L00011025,T0004385,DES003,1,3500,300,3200
L00011026,T0004386,HOU001,1,2900,500,2400
L00011027,T0004386,RTE002,1,7200,0,7200
L00011028,T0004386,HOU003,2,6700,200,13200
L00011029,T0004386,HOU003,1,6900,0,6900
L00011030,T0004386,SNK002,1,4000,0,4000
L00011031,T0004387,DES002,1,5900,500,5400
L00011032,T0004387,SNK001,1,3900,0,3900
L00011033,T0004387,BEV003,1,4000,0,4000
L00011034,T0004388,BEV001,1,2600,0,2600
L00011035,T0004388,RTE001,1,6600,0,6600
L00011036,T0004388,BEV002,1,1600,200,1400
L00011037,T0004388,RTE003,1,5000,0,5000
L00011038,T0004389,DES001,1,3100,500,2600
L00011039,T0004389,RTE001,1,6300,300,6000
L00011040,T0004390,SNK001,1,3800,500,3300
L00011041,T0004391,SNK001,1,4000,200,3800
L00011042,T0004391,BEV001,1,2500,500,2000
L00011043,T0004391,HOU001,1,3100,200,2900
L00011044,T0004391,BEV002,1,1900,500,1400
L00011045,T0004392,HOU003,1,6900,300,6600
L00011046,T0004392,RTE001,1,6300,0,6300
L00011047,T0004392,BEV004,2,2800,0,5600
L00011048,T0004392,BEV002,2,2000,300,3700
L00011049,T0004393,BEV003,1,4400,200,4200
L00011050,T0004394,HOU002,1,2400,0,2400
L00011051,T0004394,RTE003,2,5000,0,10000
L00011052,T0004394,SNK002,1,4000,500,3500
L00011053,T0004394,RTE004,1,8600,0,8600
L00011054,T0004395,BEV002,2,1800,0,3600
L00011055,T0004395,SNK002,2,4000,0,8000
L00011056,T0004395,SNK004,1,3000,0,3000
L00011057,T0004395,HOU002,1,2100,0,2100
L00011058,T0004396,SNK002,1,4000,300,3700
L00011059,T0004397,BEV001,1,2300,0,2300
L00011060,T0004398,HOU002,2,2500,0,5000
L00011061,T0004398,DES002,2,6100,200,12000
L00011062,T0004398,BEV003,1,4400,0,4400
L00011063,T0004398,BEV002,3,1900,500,5200
L00011064,T0004399,HOU002,3,2400,0,7200
L00011065,T0004399,SNK003,1,5000,0,5000
L00011066,T0004400,RTE003,3,4600,500,13300
L00011067,T0004400,SNK004,1,2800,0,2800
L00011068,T0004400,DES002,1,6000,500,5500
L00011069,T0004400,HOU003,1,7000,0,7000
L00011070,T0004400,RTE003,1,5000,0,5000
L00011071,T0004401,SNK001,2,4000,300,7700
L00011072,T0004401,SNK003,1,5300,0,5300
L00011073,T0004402,HOU001,1,2900,200,2700
L00011074,T0004402,DES001,1,3300,500,2800
L00011075,T0004402,BEV003,3,4200,0,12600
L00011076,T0004402,BEV002,3,1800,300,5100
L00011077,T0004403,SNK004,1,3000,500,2500
L00011078,T0004403,SNK001,1,3600,300,3300
L00011079,T0004403,BEV001,1,2600,300,2300
L00011080,T0004404,BEV001,2,2700,0,5400
L00011081,T0004404,DES001,1,3200,300,2900
L00011082,T0004404,BEV003,1,4300,200,4100
L00011083,T0004404,SNK002,1,4200,200,4000
L00011084,T0004405,HOU003,1,6900,500,6400
L00011085,T0004405,SNK003,1,5000,0,5000
L00011086,T0004405,BEV002,1,1900,500,1400
L00011087,T0004405,BEV001,2,2500,200,4800
L00011088,T0004406,DES001,1,3100,200,2900
L00011089,T0004406,RTE002,1,7300,200,7100
L00011090,T0004407,HOU003,2,6900,200,13600
L00011091,T0004408,DES001,2,3100,0,6200
L00011092,T0004409,HOU002,1,2500,300,2200
L00011093,T0004409,HOU003,2,7000,300,13700
L00011094,T0004410,RTE003,1,4800,500,4300
L00011095,T0004410,SNK003,1,5200,200,5000
L00011096,T0004411,BEV001,2,2700,500,4900
L00011097,T0004411,RTE004,1,8700,0,8700
L00011098,T0004411,RTE003,1,4600,0,4600
L00011099,T0004411,RTE001,1,6600,500,6100
L00011100,T0004412,HOU003,1,7100,300,6800
L00011101,T0004412,DES003,1,3500,0,3500
L00011102,T0004412,HOU002,2,2300,0,4600
L00011103,T0004413,RTE001,1,6500,0,6500
L00011104,T0004414,HOU002,1,2400,0,2400
L00011105,T0004414,BEV002,1,1800,0,1800
L00011106,T0004415,DES002,1,6000,200,5800
L00011107,T0004415,HOU002,1,2300,300,2000
L00011108,T0004415,DES003,1,3700,0,3700
L00011109,T0004415,BEV002,1,1800,0,1800
L00011110,T0004415,BEV004,2,2600,500,4700
L00011111,T0004416,SNK004,1,2800,0,2800
L00011112,T0004416,DES003,1,3500,0,3500
L00011113,T0004416,SNK001,2,3600,500,6700
L00011114,T0004416,RTE001,1,6700,0,6700
L00011115,T0004416,DES001,1,3100,0,3100
L00011116,T0004417,BEV004,1,2600,500,2100
L00011117,T0004417,RTE004,1,8600,0,8600
L00011118,T0004417,RTE003,2,5000,500,9500
L00011119,T0004418,SNK002,2,4200,0,8400
L00011120,T0004418,RTE004,1,8400,0,8400
L00011121,T0004418,BEV001,1,2700,0,2700
L00011122,T0004419,RTE004,2,8800,0,17600
L00011123,T0004420,DES001,1,3200,0,3200
L00011124,T0004420,SNK003,1,5400,0,5400
L00011125,T0004420,RTE004,3,8600,0,25800
L00011126,T0004420,RTE004,1,8700,500,8200
L00011127,T0004421,HOU003,2,7000,500,13500
L00011128,T0004421,BEV003,1,4300,0,4300
L00011129,T0004422,BEV003,1,4300,0,4300
L00011130,T0004423,SNK001,1,3800,200,3600
L00011131,T0004423,BEV004,1,2800,500,2300
L00011132,T0004423,RTE001,3,6500,500,19000
L00011133,T0004423,DES001,2,2900,500,5300
L00011134,T0004424,RTE002,2,7200,0,14400
L00011135,T0004425,SNK003,1,5400,200,5200
L00011136,T0004425,DES003,1,3700,0,3700
L00011137,T0004426,SNK002,3,4000,0,12000
L00011138,T0004426,RTE003,1,4800,300,4500
L00011139,T0004426,HOU002,1,2300,500,1800
L00011140,T0004426,DES001,1,3300,0,3300
L00011141,T0004426,DES002,2,5700,500,10900
L00011142,T0004427,BEV004,1,2600,500,2100
L00011143,T0004427,HOU002,1,2400,200,2200
L00011144,T0004427,DES001,2,3100,0,6200
L00011145,T0004428,BEV004,2,2400,0,4800
L00011146,T0004429,BEV002,1,1600,0,1600
L00011147,T0004429,SNK002,1,4200,500,3700
L00011148,T0004429,RTE003,1,4900,500,4400
L00011149,T0004429,BEV001,2,2500,300,4700
L00011150,T0004430,SNK003,1,5200,200,5000
L00011151,T0004431,RTE004,1,8400,500,7900
L00011152,T0004432,RTE004,1,8600,0,8600
L00011153,T0004432,DES003,2,3700,0,7400
L00011154,T0004432,DES001,2,3200,0,6400
L00011155,T0004433,SNK004,1,2800,200,2600
L00011156,T0004433,RTE003,1,4800,500,4300
L00011157,T0004433,RTE003,1,4800,0,4800
L00011158,T0004434,RTE002,1,7200,300,6900
L00011159,T0004434,SNK003,1,5200,300,4900
L00011160,T0004434,BEV004,1,2600,0,2600
L00011161,T0004435,SNK001,1,4000,0,4000
L00011162,T0004436,SNK003,1,5300,200,5100
L00011163,T0004436,SNK001,1,3800,200,3600
L00011164,T0004437,RTE001,1,6500,0,6500
L00011165,T0004437,DES003,2,3600,0,7200
L00011166,T0004437,BEV004,1,2600,0,2600
L00011167,T0004437,HOU003,1,6700,500,6200
L00011168,T0004438,RTE002,1,7400,0,7400
L00011169,T0004439,DES001,1,3300,200,3100
L00011170,T0004439,BEV004,1,2600,0,2600
L00011171,T0004439,BEV002,1,1900,200,1700
L00011172,T0004439,DES001,1,3200,0,3200
L00011173,T0004440,HOU003,2,6900,0,13800
L00011174,T0004441,HOU003,1,6900,300,6600
L00011175,T0004441,BEV001,1,2600,300,2300
L00011176,T0004441,DES001,2,3200,200,6200
L00011177,T0004441,SNK004,1,2800,0,2800
L00011178,T0004442,DES002,1,5900,300,5600
L00011179,T0004442,BEV001,1,2700,0,2700
L00011180,T0004442,HOU001,1,2900,0,2900
L00011181,T0004443,RTE003,1,4800,0,4800
L00011182,T0004443,RTE004,1,8700,200,8500
L00011183,T0004444,RTE003,2,5000,0,10000
L00011184,T0004444,BEV001,1,2500,0,2500
L00011185,T0004445,HOU001,1,3100,200,2900
L00011186,T0004445,DES002,1,5700,500,5200
L00011187,T0004445,SNK002,1,4000,300,3700
L00011188,T0004445,BEV004,1,2800,0,2800
L00011189,T0004446,HOU002,1,2400,0,2400
L00011190,T0004446,SNK001,3,3900,0,11700
L00011191,T0004446,DES002,1,6100,0,6100
L00011192,T0004447,RTE004,2,8600,0,17200
L00011193,T0004447,SNK002,1,4400,0,4400
L00011194,T0004447,BEV002,1,2000,300,1700
L00011195,T0004447,DES002,1,6000,0,6000
L00011196,T0004448,SNK002,1,4300,0,4300
L00011197,T0004448,BEV001,1,2600,0,2600
L00011198,T0004449,DES001,1,3100,0,3100
L00011199,T0004449,RTE004,1,8700,0,8700
L00011200,T0004449,HOU002,1,2300,300,2000
L00011201,T0004449,SNK004,2,2600,0,5200
L00011202,T0004450,SNK002,2,4200,300,8100
L00011203,T0004451,DES001,2,3100,300,5900
L00011204,T0004451,BEV002,1,1900,0,1900
L00011205,T0004451,BEV003,1,4400,300,4100
L00011206,T0004452,BEV001,1,2700,200,2500
L00011207,T0004452,HOU002,1,2300,300,2000
L00011208,T0004453,SNK002,1,4300,0,4300
L00011209,T0004453,HOU003,1,7000,200,6800
L00011210,T0004453,SNK004,1,2900,200,2700
L00011211,T0004454,BEV003,1,4200,500,3700
L00011212,T0004455,BEV002,1,1800,500,1300
L00011213,T0004456,BEV003,1,4400,500,3900
L00011214,T0004456,SNK002,1,4400,500,3900
L00011215,T0004457,DES003,1,3500,200,3300
L00011216,T0004458,SNK003,1,5200,0,5200
L00011217,T0004458,RTE002,1,7200,300,6900
L00011218,T0004458,HOU001,1,2700,0,2700
L00011219,T0004458,HOU001,2,2700,0,5400
L00011220,T0004458,HOU002,1,2100,0,2100
L00011221,T0004459,HOU002,1,2100,0,2100
L00011222,T0004459,BEV002,1,1600,500,1100
L00011223,T0004460,RTE001,1,6500,500,6000
L00011224,T0004460,DES003,1,3500,0,3500
L00011225,T0004460,HOU002,1,2400,0,2400
L00011226,T0004460,SNK001,1,3900,0,3900
L00011227,T0004461,RTE002,1,7200,200,7000
L00011228,T0004461,DES001,1,3100,300,2800
L00011229,T0004462,BEV001,1,2500,0,2500
L00011230,T0004462,BEV001,1,2500,0,2500
L00011231,T0004462,SNK003,1,5200,500,4700
L00011232,T0004463,DES001,2,2900,0,5800
L00011233,T0004463,RTE004,1,8600,200,8400
L00011234,T0004463,SNK001,2,4000,0,8000
L00011235,T0004463,DES003,1,3600,300,3300
L00011236,T0004464,SNK003,2,5200,200,10200
L00011237,T0004464,RTE001,2,6600,300,12900
L00011238,T0004464,DES003,2,3500,500,6500
L00011239,T0004465,SNK003,2,5200,200,10200
L00011240,T0004465,BEV004,1,2700,500,2200
L00011241,T0004465,DES003,1,3500,300,3200
L00011242,T0004465,DES003,1,3500,0,3500
L00011243,T0004466,DES001,1,3100,500,2600
L00011244,T0004466,BEV003,2,4200,300,8100
L00011245,T0004467,HOU001,1,3100,0,3100
L00011246,T0004468,BEV001,1,2300,500,1800
L00011247,T0004468,DES001,1,2900,0,2900
L00011248,T0004469,SNK001,1,3800,500,3300
L00011249,T0004470,BEV004,1,2800,0,2800
L00011250,T0004470,SNK003,1,5300,200,5100
L00011251,T0004470,SNK004,1,2900,500,2400
L00011252,T0004471,BEV003,1,4400,300,4100
L00011253,T0004471,SNK002,2,4300,300,8300
L00011254,T0004472,SNK001,1,3800,500,3300
L00011255,T0004472,DES003,2,3700,300,7100
L00011256,T0004472,BEV003,1,4400,0,4400
L00011257,T0004472,SNK003,2,5200,500,9900
L00011258,T0004473,SNK001,1,3800,0,3800
L00011259,T0004473,RTE003,1,5000,200,4800
L00011260,T0004473,BEV004,1,2800,300,2500
L00011261,T0004474,HOU002,1,2500,300,2200
L00011262,T0004475,SNK004,1,3000,0,3000
L00011263,T0004476,BEV001,1,2700,0,2700
L00011264,T0004477,SNK003,1,5000,0,5000
L00011265,T0004477,SNK004,2,2800,500,5100
L00011266,T0004477,RTE002,1,7300,0,7300
L00011267,T0004478,SNK004,1,2800,300,2500
L00011268,T0004478,BEV002,2,1600,0,3200
L00011269,T0004478,SNK003,1,5200,0,5200
L00011270,T0004478,BEV002,1,1800,0,1800
L00011271,T0004479,HOU002,1,2500,0,2500
L00011272,T0004479,RTE004,1,8800,0,8800
L00011273,T0004479,BEV004,1,2400,300,2100
L00011274,T0004479,SNK004,2,2800,0,5600
L00011275,T0004480,HOU001,1,2700,0,2700
L00011276,T0004481,BEV003,1,4200,0,4200
L00011277,T0004481,BEV004,2,2800,0,5600
L00011278,T0004481,DES003,1,3500,200,3300
L00011279,T0004482,RTE001,2,6600,0,13200
L00011280,T0004482,BEV004,1,2800,0,2800
L00011281,T0004482,HOU003,1,7000,200,6800
L00011282,T0004482,SNK003,3,5400,500,15700
L00011283,T0004483,HOU002,1,2400,0,2400
L00011284,T0004483,SNK004,1,2800,0,2800
L00011285,T0004483,DES003,1,3600,200,3400
L00011286,T0004484,HOU002,2,2500,0,5000
L00011287,T0004484,BEV001,2,2300,300,4300
L00011288,T0004484,SNK003,1,5200,500,4700
L00011289,T0004485,RTE001,1,6500,500,6000
L00011290,T0004485,DES002,1,5900,0,5900
L00011291,T0004486,BEV002,1,1900,0,1900
L00011292,T0004486,BEV004,1,2600,500,2100
L00011293,T0004486,BEV003,2,4200,0,8400
L00011294,T0004486,SNK004,1,2800,0,2800
L00011295,T0004487,RTE002,2,7200,0,14400
L00011296,T0004487,BEV004,1,2700,300,2400
L00011297,T0004487,SNK001,1,3800,0,3800
L00011298,T0004487,SNK002,2,4400,300,8500
L00011299,T0004488,SNK003,1,5200,0,5200
L00011300,T0004488,BEV004,1,2400,0,2400
L00011301,T0004488,BEV003,1,4300,500,3800
L00011302,T0004488,SNK001,1,4000,300,3700
L00011303,T0004489,SNK002,1,4200,0,4200
L00011304,T0004489,HOU003,1,6700,0,6700
L00011305,T0004490,SNK004,1,3000,500,2500
L00011306,T0004490,DES003,1,3300,300,3000
L00011307,T0004490,HOU001,1,2900,300,2600
L00011308,T0004490,DES001,2,3100,0,6200
L00011309,T0004491,SNK003,1,5300,0,5300
L00011310,T0004491,SNK003,2,5200,0,10400
L00011311,T0004491,RTE004,1,8600,0,8600
L00011312,T0004492,HOU003,1,6900,0,6900
L00011313,T0004492,BEV004,1,2600,0,2600
L00011314,T0004493,RTE004,1,8700,300,8400
L00011315,T0004493,BEV002,1,1800,0,1800
L00011316,T0004493,SNK004,1,2800,0,2800
L00011317,T0004494,RTE002,1,7400,0,7400
L00011318,T0004495,SNK003,2,5200,500,9900
L00011319,T0004495,RTE001,1,6500,0,6500
L00011320,T0004496,BEV003,2,4200,0,8400
L00011321,T0004496,DES001,1,2900,0,2900
L00011322,T0004497,HOU003,2,6900,200,13600
L00011323,T0004497,BEV004,1,2600,0,2600
L00011324,T0004497,HOU003,1,7100,500,6600
L00011325,T0004497,SNK003,1,5300,300,5000
L00011326,T0004498,RTE001,1,6600,200,6400
L00011327,T0004498,BEV001,1,2600,0,2600
L00011328,T0004498,BEV004,1,2400,300,2100
L00011329,T0004499,DES002,1,5900,500,5400
L00011330,T0004499,DES001,1,2900,200,2700
L00011331,T0004499,DES003,1,3300,500,2800
L00011332,T0004500,DES002,1,5900,200,5700
L00011333,T0004500,DES002,1,5900,500,5400
L00011334,T0004501,HOU003,2,6900,0,13800
L00011335,T0004501,BEV002,1,2000,300,1700
L00011336,T0004501,BEV001,1,2600,0,2600
L00011337,T0004501,SNK002,1,4200,200,4000
L00011338,T0004502,BEV004,1,2800,0,2800
L00011339,T0004502,DES003,1,3300,0,3300
L00011340,T0004502,HOU002,1,2100,0,2100
L00011341,T0004502,DES003,1,3500,0,3500
L00011342,T0004503,SNK004,2,2800,300,5300
L00011343,T0004504,BEV001,1,2700,0,2700
L00011344,T0004504,SNK001,1,3800,200,3600
L00011345,T0004504,HOU002,1,2100,0,2100
L00011346,T0004504,RTE004,3,8400,200,25000
L00011347,T0004505,RTE004,1,8800,500,8300
L00011348,T0004505,RTE003,1,4800,300,4500
L00011349,T0004505,SNK002,3,4200,0,12600
L00011350,T0004505,SNK001,1,3800,0,3800
L00011351,T0004506,HOU001,2,3000,500,5500
L00011352,T0004506,RTE003,1,4800,200,4600
L00011353,T0004507,SNK003,1,5400,500,4900
L00011354,T0004508,BEV001,1,2700,0,2700
L00011355,T0004508,HOU003,1,6900,0,6900
L00011356,T0004508,SNK003,1,5300,0,5300
L00011357,T0004509,HOU002,1,2300,0,2300
L00011358,T0004510,DES001,1,2900,300,2600
L00011359,T0004510,DES001,2,2900,500,5300
L00011360,T0004510,SNK001,1,3900,0,3900
L00011361,T0004511,RTE002,1,7200,0,7200
L00011362,T0004512,SNK001,1,4000,0,4000
L00011363,T0004512,DES002,1,6100,0,6100
L00011364,T0004512,SNK002,1,4400,0,4400
L00011365,T0004512,SNK004,1,2800,0,2800
L00011366,T0004513,BEV001,1,2300,0,2300
L00011367,T0004513,HOU001,1,3100,500,2600
L00011368,T0004513,DES001,2,2900,0,5800
L00011369,T0004514,BEV004,2,2400,200,4600
L00011370,T0004514,BEV004,2,2700,0,5400
L00011371,T0004515,RTE004,1,8600,500,8100
L00011372,T0004515,RTE002,1,7400,0,7400
L00011373,T0004515,RTE003,1,4900,500,4400
L00011374,T0004516,HOU001,1,2900,0,2900
L00011375,T0004516,RTE002,2,7200,300,14100
L00011376,T0004517,RTE004,1,8400,0,8400
L00011377,T0004517,DES003,1,3500,0,3500
L00011378,T0004518,DES003,3,3600,0,10800
L00011379,T0004518,BEV003,2,4300,0,8600
L00011380,T0004518,RTE004,1,8800,0,8800
L00011381,T0004518,RTE004,1,8400,0,8400
L00011382,T0004518,RTE003,1,4900,0,4900
L00011383,T0004519,HOU002,1,2300,0,2300
L00011384,T0004520,RTE004,1,8400,300,8100
L00011385,T0004520,BEV003,2,4300,0,8600
L00011386,T0004520,RTE004,1,8600,0,8600
L00011387,T0004521,RTE004,1,8600,0,8600
L00011388,T0004522,BEV004,1,2400,200,2200
L00011389,T0004522,BEV003,1,4200,200,4000
L00011390,T0004522,SNK001,2,3900,200,7600
L00011391,T0004523,RTE001,2,6500,0,13000
L00011392,T0004523,BEV004,1,2600,0,2600
L00011393,T0004523,HOU002,1,2300,200,2100
L00011394,T0004524,RTE001,1,6500,0,6500
L00011395,T0004524,SNK004,2,2800,500,5100
L00011396,T0004525,SNK004,1,2800,300,2500
L00011397,T0004525,RTE001,1,6300,300,6000
L00011398,T0004526,HOU001,1,3100,200,2900
L00011399,T0004526,BEV004,1,2600,200,2400
L00011400,T0004527,DES003,1,3500,0,3500
L00011401,T0004527,RTE004,1,8600,300,8300
L00011402,T0004527,RTE001,2,6600,200,13000
L00011403,T0004527,DES001,3,2900,300,8400
L00011404,T0004528,BEV004,1,2600,500,2100
L00011405,T0004528,SNK004,1,3000,500,2500
L00011406,T0004528,DES001,1,3300,0,3300
L00011407,T0004528,BEV003,2,4200,0,8400
L00011408,T0004529,DES003,2,3300,0,6600
L00011409,T0004529,RTE002,1,7200,300,6900
L00011410,T0004529,HOU002,2,2100,0,4200
L00011411,T0004529,BEV002,1,1800,0,1800
L00011412,T0004530,DES001,1,3100,0,3100
L00011413,T0004531,DES001,2,2900,0,5800
L00011414,T0004531,SNK003,1,5200,0,5200
L00011415,T0004531,HOU003,1,6900,0,6900
L00011416,T0004532,DES001,1,3200,0,3200
L00011417,T0004533,SNK002,1,4400,0,4400
L00011418,T0004533,HOU001,1,3100,0,3100
L00011419,T0004533,RTE004,1,8600,0,8600
L00011420,T0004534,SNK004,1,2800,0,2800
L00011421,T0004534,RTE004,1,8700,500,8200
L00011422,T0004535,BEV003,1,4200,0,4200
L00011423,T0004535,HOU003,1,7000,0,7000
L00011424,T0004536,RTE002,1,7200,500,6700
L00011425,T0004536,DES001,2,3200,200,6200
L00011426,T0004537,HOU001,1,2900,0,2900
L00011427,T0004537,SNK002,1,4300,300,4000
L00011428,T0004537,RTE001,1,6700,0,6700
L00011429,T0004537,SNK004,1,2900,0,2900
L00011430,T0004537,RTE003,1,4600,0,4600
L00011431,T0004538,HOU003,2,7100,0,14200
L00011432,T0004539,DES003,2,3700,500,6900
L00011433,T0004540,RTE001,1,6300,0,6300
L00011434,T0004540,DES001,1,3100,0,3100
L00011435,T0004540,HOU003,1,7000,200,6800
L00011436,T0004541,SNK002,1,4200,0,4200
L00011437,T0004541,RTE003,1,5000,200,4800
L00011438,T0004541,HOU002,1,2500,0,2500
L00011439,T0004541,RTE002,1,7200,0,7200
L00011440,T0004541,RTE001,1,6600,300,6300
L00011441,T0004542,HOU001,2,3100,500,5700
L00011442,T0004542,HOU001,1,2900,0,2900
L00011443,T0004543,RTE004,1,8400,0,8400
L00011444,T0004544,BEV004,1,2700,500,2200
L00011445,T0004544,HOU001,2,3000,200,5800
L00011446,T0004545,HOU001,1,3000,300,2700
L00011447,T0004545,SNK001,1,3900,300,3600
L00011448,T0004546,RTE004,2,8700,200,17200
L00011449,T0004546,BEV004,1,2600,500,2100
L00011450,T0004546,DES002,2,5900,500,11300
L00011451,T0004546,RTE004,1,8600,0,8600
L00011452,T0004546,SNK001,1,3800,0,3800
L00011453,T0004547,BEV004,2,2400,0,4800
L00011454,T0004547,HOU002,1,2100,0,2100
L00011455,T0004547,SNK003,1,5200,300,4900
L00011456,T0004548,BEV004,1,2700,300,2400
L00011457,T0004548,DES001,1,3200,300,2900
L00011458,T0004549,DES002,1,5900,500,5400
L00011459,T0004549,SNK004,1,2900,200,2700
L00011460,T0004550,BEV004,2,2700,0,5400
L00011461,T0004550,BEV003,3,4200,300,12300
L00011462,T0004551,BEV004,1,2700,500,2200
L00011463,T0004552,BEV001,2,2500,0,5000
L00011464,T0004553,SNK003,1,5300,200,5100
L00011465,T0004553,DES003,2,3500,500,6500
L00011466,T0004553,DES002,1,5900,0,5900
L00011467,T0004553,DES001,1,3100,0,3100
L00011468,T0004554,SNK002,1,4200,0,4200
L00011469,T0004555,SNK002,1,4200,200,4000
L00011470,T0004555,DES002,1,5900,500,5400
L00011471,T0004556,DES003,1,3700,300,3400
L00011472,T0004556,RTE004,1,8600,0,8600
L00011473,T0004556,SNK001,1,4000,300,3700
L00011474,T0004557,RTE002,1,7000,300,6700
L00011475,T0004557,DES003,2,3600,0,7200
L00011476,T0004557,RTE004,2,8800,300,17300
L00011477,T0004557,RTE001,1,6600,0,6600
L00011478,T0004558,BEV002,1,1800,0,1800
L00011479,T0004558,DES002,1,5900,0,5900
L00011480,T0004558,SNK001,1,3600,0,3600
L00011481,T0004559,BEV002,1,2000,0,2000
L00011482,T0004559,RTE002,3,7300,300,21600
L00011483,T0004560,RTE003,1,4800,500,4300
L00011484,T0004561,SNK001,1,3600,500,3100
L00011485,T0004561,DES003,1,3500,0,3500
L00011486,T0004562,SNK003,1,5300,0,5300
L00011487,T0004562,RTE004,1,8400,0,8400
L00011488,T0004562,SNK003,2,5200,500,9900
L00011489,T0004562,SNK004,1,2900,300,2600
L00011490,T0004563,DES001,2,2900,200,5600
L00011491,T0004563,RTE004,2,8600,500,16700
L00011492,T0004563,SNK002,1,4400,0,4400
L00011493,T0004564,HOU002,1,2300,0,2300
L00011494,T0004564,RTE004,1,8400,0,8400
L00011495,T0004565,RTE004,1,8700,300,8400
L00011496,T0004565,RTE001,2,6600,500,12700
L00011497,T0004565,RTE001,1,6500,0,6500
L00011498,T0004565,HOU003,1,6900,300,6600
L00011499,T0004566,HOU003,1,6900,200,6700
L00011500,T0004566,SNK004,1,3000,500,2500
L00011501,T0004567,RTE004,2,8800,0,17600
L00011502,T0004567,HOU003,2,7100,0,14200
L00011503,T0004568,BEV003,1,4300,0,4300
L00011504,T0004568,HOU001,1,3100,0,3100
L00011505,T0004568,DES001,1,3200,500,2700
L00011506,T0004568,BEV003,1,4400,0,4400
L00011507,T0004569,RTE001,1,6300,0,6300
L00011508,T0004569,SNK004,1,3000,300,2700
L00011509,T0004569,BEV002,1,1800,300,1500
L00011510,T0004570,BEV004,1,2800,300,2500
L00011511,T0004570,DES002,1,5900,200,5700
L00011512,T0004571,HOU001,1,2700,200,2500
L00011513,T0004571,BEV004,1,2600,500,2100
L00011514,T0004572,HOU001,1,2900,300,2600
L00011515,T0004572,HOU002,1,2300,0,2300
L00011516,T0004572,HOU002,1,2500,300,2200
L00011517,T0004573,SNK002,1,4000,0,4000
L00011518,T0004573,SNK001,3,3900,0,11700
L00011519,T0004573,RTE001,1,6300,0,6300
L00011520,T0004573,HOU003,1,6700,0,6700
L00011521,T0004574,SNK001,2,3800,0,7600
L00011522,T0004575,RTE001,2,6500,500,12500
L00011523,T0004575,DES001,1,3300,300,3000
L00011524,T0004575,DES003,1,3700,200,3500
L00011525,T0004575,HOU003,1,6900,0,6900
L00011526,T0004576,RTE002,2,7200,0,14400
L00011527,T0004576,BEV002,1,2000,200,1800
L00011528,T0004576,SNK004,1,2900,300,2600
L00011529,T0004576,SNK002,1,4400,0,4400
L00011530,T0004576,SNK003,1,5400,500,4900
L00011531,T0004577,RTE001,1,6500,0,6500
L00011532,T0004577,DES002,1,6100,500,5600
L00011533,T0004577,RTE001,1,6500,300,6200
L00011534,T0004578,RTE002,1,7000,0,7000
L00011535,T0004579,BEV003,1,4200,500,3700
L00011536,T0004579,SNK004,2,2900,200,5600
L00011537,T0004579,RTE002,1,7200,0,7200
L00011538,T0004579,HOU003,1,6900,200,6700
L00011539,T0004580,RTE001,1,6600,500,6100
L00011540,T0004580,BEV001,1,2500,0,2500
L00011541,T0004581,SNK001,1,3600,0,3600
L00011542,T0004581,RTE003,1,4900,0,4900
L00011543,T0004582,RTE001,1,6700,300,6400
L00011544,T0004582,SNK003,1,5400,300,5100
L00011545,T0004582,BEV002,2,1900,0,3800
L00011546,T0004582,DES003,1,3500,0,3500
L00011547,T0004583,RTE001,1,6500,0,6500
L00011548,T0004584,RTE003,1,4600,300,4300
L00011549,T0004584,DES003,2,3300,0,6600
L00011550,T0004584,DES003,1,3500,0,3500
L00011551,T0004584,HOU002,2,2100,500,3700
L00011552,T0004585,HOU001,2,2900,0,5800
L00011553,T0004585,DES001,3,3300,200,9700
L00011554,T0004585,SNK004,2,2800,0,5600
L00011555,T0004585,RTE004,1,8700,0,8700
L00011556,T0004586,BEV003,1,4000,0,4000
L00011557,T0004586,BEV003,1,4000,500,3500
L00011558,T0004586,SNK002,1,4000,0,4000
L00011559,T0004586,BEV001,1,2600,500,2100
L00011560,T0004587,BEV002,3,1900,0,5700
L00011561,T0004587,HOU003,1,6900,0,6900
L00011562,T0004588,BEV003,1,4200,0,4200
L00011563,T0004588,BEV004,1,2400,0,2400
L00011564,T0004588,BEV001,1,2600,300,2300
L00011565,T0004589,RTE002,1,7200,0,7200
L00011566,T0004589,HOU001,1,2900,0,2900
L00011567,T0004589,BEV003,1,4200,0,4200
L00011568,T0004589,BEV004,1,2600,300,2300
L00011569,T0004590,BEV003,1,4400,0,4400
L00011570,T0004590,DES001,1,3200,0,3200
L00011571,T0004590,RTE001,1,6700,0,6700
L00011572,T0004591,DES001,1,3200,300,2900
L00011573,T0004591,SNK002,1,4300,300,4000
L00011574,T0004591,RTE003,1,4800,500,4300
L00011575,T0004591,RTE004,1,8800,500,8300
L00011576,T0004591,DES001,1,3100,0,3100
L00011577,T0004592,RTE001,1,6500,0,6500
L00011578,T0004592,HOU002,1,2500,0,2500
L00011579,T0004592,HOU001,2,2900,500,5300
L00011580,T0004593,RTE003,1,4900,500,4400
L00011581,T0004593,BEV002,1,1900,300,1600
L00011582,T0004593,DES002,1,6100,500,5600
L00011583,T0004594,DES002,1,6100,0,6100
L00011584,T0004595,RTE003,1,4900,0,4900
L00011585,T0004595,RTE004,2,8400,0,16800
L00011586,T0004596,BEV003,1,4400,200,4200
L00011587,T0004596,RTE001,1,6500,0,6500
L00011588,T0004596,BEV001,1,2700,0,2700
L00011589,T0004596,DES001,1,2900,0,2900
L00011590,T0004596,RTE002,1,7000,200,6800
L00011591,T0004597,BEV002,1,1800,200,1600
L00011592,T0004597,BEV001,1,2600,300,2300
L00011593,T0004597,HOU002,1,2300,0,2300
L00011594,T0004597,SNK004,2,2900,0,5800
L00011595,T0004598,BEV004,1,2600,0,2600
L00011596,T0004599,DES002,1,5700,300,5400
L00011597,T0004600,RTE002,1,7400,200,7200
L00011598,T0004601,HOU003,1,7000,0,7000
L00011599,T0004602,DES001,3,3200,0,9600
L00011600,T0004602,SNK001,1,3900,0,3900
L00011601,T0004603,SNK002,2,4000,500,7500
L00011602,T0004603,BEV001,1,2500,0,2500
L00011603,T0004603,HOU003,1,6900,0,6900
L00011604,T0004603,SNK002,2,4200,0,8400
L00011605,T0004604,BEV003,2,4200,300,8100
L00011606,T0004605,RTE001,1,6500,500,6000
L00011607,T0004605,BEV001,2,2600,500,4700
L00011608,T0004605,SNK001,1,3900,200,3700
L00011609,T0004606,RTE002,1,7200,200,7000
L00011610,T0004606,BEV001,2,2500,0,5000
L00011611,T0004606,HOU002,1,2300,300,2000
L00011612,T0004606,RTE003,1,4900,500,4400
L00011613,T0004607,BEV003,1,4200,300,3900
L00011614,T0004608,SNK001,2,3800,500,7100
L00011615,T0004608,DES002,1,5700,0,5700
L00011616,T0004609,HOU002,1,2400,500,1900
L00011617,T0004609,BEV002,1,1800,200,1600
L00011618,T0004609,SNK004,1,3000,0,3000
L00011619,T0004609,HOU003,1,7100,0,7100
L00011620,T0004609,SNK003,1,5200,500,4700
L00011621,T0004610,DES001,1,3300,0,3300
L00011622,T0004611,RTE004,1,8600,200,8400
L00011623,T0004611,DES003,1,3500,0,3500
L00011624,T0004611,SNK001,1,3900,200,3700
L00011625,T0004611,HOU002,1,2300,0,2300
L00011626,T0004612,HOU002,1,2500,0,2500
L00011627,T0004612,DES002,1,5900,0,5900
L00011628,T0004612,SNK002,1,4400,0,4400
L00011629,T0004612,HOU003,2,6900,500,13300
L00011630,T0004613,BEV004,2,2400,500,4300
L00011631,T0004614,DES003,1,3500,300,3200
L00011632,T0004614,DES003,1,3300,0,3300
L00011633,T0004614,RTE003,1,4600,0,4600
L00011634,T0004614,DES002,3,6000,200,17800
L00011635,T0004615,BEV001,1,2600,200,2400
L00011636,T0004615,RTE001,2,6500,300,12700
L00011637,T0004615,SNK002,1,4200,200,4000
L00011638,T0004615,DES001,1,3100,0,3100
L00011639,T0004615,SNK001,1,4000,500,3500
L00011640,T0004616,BEV002,1,1900,0,1900
L00011641,T0004616,DES001,1,3100,0,3100
L00011642,T0004617,SNK003,2,5300,0,10600
L00011643,T0004617,RTE004,1,8400,200,8200
L00011644,T0004617,DES003,1,3300,0,3300
L00011645,T0004617,BEV001,1,2700,0,2700
L00011646,T0004618,RTE004,1,8800,0,8800
L00011647,T0004618,DES003,2,3500,300,6700
L00011648,T0004618,BEV003,1,4300,500,3800
L00011649,T0004618,SNK001,1,3900,0,3900
L00011650,T0004618,BEV003,1,4200,300,3900
L00011651,T0004619,SNK001,2,4000,500,7500
L00011652,T0004620,DES003,2,3500,0,7000
L00011653,T0004620,BEV004,1,2800,200,2600
L00011654,T0004620,SNK001,1,4000,500,3500
L00011655,T0004621,BEV001,1,2700,0,2700
L00011656,T0004621,BEV002,1,1800,300,1500
L00011657,T0004621,BEV004,1,2700,500,2200
L00011658,T0004621,DES002,1,6100,0,6100
L00011659,T0004621,SNK003,1,5200,0,5200
L00011660,T0004622,SNK004,1,2800,500,2300
L00011661,T0004622,DES002,1,6000,0,6000
L00011662,T0004622,SNK002,1,4000,300,3700
L00011663,T0004622,BEV002,1,1800,0,1800
L00011664,T0004622,BEV002,1,2000,0,2000
L00011665,T0004623,DES001,1,2900,0,2900
L00011666,T0004624,SNK002,1,4000,300,3700
L00011667,T0004624,DES002,1,6100,500,5600
L00011668,T0004624,RTE004,1,8600,0,8600
L00011669,T0004624,HOU003,2,6900,0,13800
L00011670,T0004625,RTE001,2,6500,0,13000
L00011671,T0004625,SNK001,1,3600,0,3600
L00011672,T0004625,DES001,2,3100,500,5700
L00011673,T0004625,DES001,1,3100,0,3100
L00011674,T0004626,SNK004,1,2800,0,2800
L00011675,T0004627,RTE001,1,6500,500,6000
L00011676,T0004627,BEV004,1,2700,200,2500
L00011677,T0004628,BEV004,2,2700,500,4900
L00011678,T0004628,DES003,1,3700,200,3500
L00011679,T0004628,DES003,2,3500,0,7000
L00011680,T0004628,BEV001,2,2500,0,5000
L00011681,T0004628,SNK002,2,4400,0,8800
L00011682,T0004629,BEV002,1,1900,300,1600
L00011683,T0004629,BEV001,1,2500,300,2200
L00011684,T0004630,RTE002,1,7200,300,6900
L00011685,T0004630,HOU001,1,2900,0,2900
L00011686,T0004630,RTE002,1,7200,300,6900
L00011687,T0004631,BEV001,1,2500,500,2000
L00011688,T0004631,SNK004,2,2900,300,5500
L00011689,T0004631,BEV001,1,2700,0,2700
L00011690,T0004632,DES002,2,5900,300,11500
L00011691,T0004632,HOU001,1,3100,0,3100
L00011692,T0004632,BEV003,1,4200,500,3700
L00011693,T0004633,DES002,1,5900,500,5400
L00011694,T0004634,BEV001,1,2300,500,1800
L00011695,T0004634,RTE003,2,4800,0,9600
L00011696,T0004635,RTE004,2,8700,500,16900
L00011697,T0004636,RTE003,1,5000,200,4800
L00011698,T0004637,RTE002,1,7300,0,7300
L00011699,T0004637,SNK002,2,4400,300,8500
L00011700,T0004638,SNK003,1,5000,200,4800
L00011701,T0004638,SNK003,1,5200,500,4700
L00011702,T0004638,BEV003,2,4200,0,8400
L00011703,T0004639,SNK003,1,5200,500,4700
L00011704,T0004639,DES002,2,6100,0,12200
L00011705,T0004639,HOU001,1,2900,300,2600
L00011706,T0004639,RTE004,1,8700,200,8500
L00011707,T0004640,RTE001,1,6300,300,6000
L00011708,T0004640,DES003,1,3600,500,3100
L00011709,T0004640,RTE002,1,7000,300,6700
L00011710,T0004640,DES001,1,3200,200,3000
L00011711,T0004640,BEV003,1,4000,200,3800
L00011712,T0004641,RTE001,1,6600,200,6400
L00011713,T0004641,DES001,1,2900,200,2700
L00011714,T0004641,RTE001,2,6500,0,13000
L00011715,T0004641,BEV001,3,2600,0,7800
L00011716,T0004641,HOU002,1,2500,0,2500
L00011717,T0004642,RTE002,1,7300,200,7100
L00011718,T0004642,DES003,1,3700,0,3700
L00011719,T0004642,RTE003,1,4600,0,4600
L00011720,T0004643,HOU003,1,6700,200,6500
L00011721,T0004643,BEV003,1,4400,200,4200
L00011722,T0004644,RTE001,1,6500,0,6500
L00011723,T0004645,RTE003,1,5000,0,5000
L00011724,T0004645,RTE002,1,7400,0,7400
L00011725,T0004645,BEV003,1,4000,300,3700
L00011726,T0004646,BEV001,1,2600,0,2600
L00011727,T0004646,RTE004,1,8600,300,8300
L00011728,T0004646,DES001,2,3200,0,6400
L00011729,T0004647,HOU002,2,2400,300,4500
L00011730,T0004648,SNK004,1,2800,200,2600
L00011731,T0004648,HOU001,1,2900,0,2900
L00011732,T0004648,BEV001,1,2500,200,2300
L00011733,T0004649,DES002,1,6100,500,5600
L00011734,T0004649,RTE003,2,4600,0,9200
L00011735,T0004650,DES002,2,5700,0,11400
L00011736,T0004650,BEV002,1,1900,300,1600
L00011737,T0004651,RTE003,3,4800,0,14400
L00011738,T0004651,HOU003,1,6900,0,6900
L00011739,T0004652,SNK001,1,3800,0,3800
L00011740,T0004652,DES003,2,3600,0,7200
L00011741,T0004653,BEV004,2,2700,200,5200
L00011742,T0004653,BEV004,2,2400,0,4800
L00011743,T0004654,DES001,1,3100,0,3100
L00011744,T0004655,HOU001,3,3100,0,9300
L00011745,T0004655,SNK002,1,4000,0,4000
L00011746,T0004655,RTE002,3,7200,300,21300
L00011747,T0004655,RTE004,1,8400,200,8200
L00011748,T0004655,SNK002,1,4200,200,4000
L00011749,T0004656,RTE002,2,7000,0,14000
L00011750,T0004656,RTE003,1,4800,0,4800
L00011751,T0004656,SNK002,1,4200,0,4200
L00011752,T0004656,BEV003,1,4200,0,4200
L00011753,T0004656,SNK001,1,4000,300,3700
L00011754,T0004657,DES002,3,5900,0,17700
L00011755,T0004657,DES001,1,3300,200,3100
L00011756,T0004658,DES001,1,2900,500,2400
L00011757,T0004658,BEV004,2,2800,200,5400
L00011758,T0004658,RTE001,1,6300,200,6100
L00011759,T0004658,SNK002,2,4200,0,8400
L00011760,T0004659,BEV004,1,2700,0,2700
L00011761,T0004659,SNK002,1,4200,300,3900
L00011762,T0004659,SNK004,1,2900,500,2400
L00011763,T0004659,BEV002,3,2000,500,5500
L00011764,T0004660,RTE003,1,4800,500,4300
L00011765,T0004660,BEV002,1,1800,0,1800
L00011766,T0004660,HOU002,1,2300,300,2000
L00011767,T0004660,DES001,1,3100,500,2600
L00011768,T0004661,HOU002,3,2300,0,6900
L00011769,T0004661,SNK004,1,3000,0,3000
L00011770,T0004661,RTE003,1,4900,200,4700
L00011771,T0004661,DES003,1,3300,500,2800
L00011772,T0004662,DES003,2,3300,500,6100
L00011773,T0004663,DES002,3,6000,0,18000
L00011774,T0004664,RTE004,1,8800,0,8800
L00011775,T0004664,DES003,1,3500,0,3500
L00011776,T0004665,SNK003,2,5200,200,10200
L00011777,T0004666,RTE001,1,6600,0,6600
L00011778,T0004666,SNK001,1,3800,0,3800
L00011779,T0004666,BEV003,3,4200,0,12600
L00011780,T0004666,DES001,1,3100,0,3100
L00011781,T0004666,SNK001,1,3800,0,3800
L00011782,T0004667,SNK003,1,5200,0,5200
L00011783,T0004667,SNK004,1,2800,0,2800
L00011784,T0004668,DES002,2,5700,0,11400
L00011785,T0004668,BEV001,1,2300,0,2300
L00011786,T0004668,BEV003,1,4000,0,4000
L00011787,T0004668,RTE002,1,7000,0,7000
L00011788,T0004669,RTE004,1,8600,0,8600
L00011789,T0004670,BEV003,1,4200,300,3900
L00011790,T0004670,RTE002,1,7400,500,6900
L00011791,T0004670,SNK004,1,3000,0,3000
L00011792,T0004670,BEV001,1,2300,200,2100
L00011793,T0004671,SNK004,1,2800,200,2600
L00011794,T0004672,SNK002,2,4200,200,8200
L00011795,T0004673,BEV003,1,4400,300,4100
L00011796,T0004674,HOU001,3,3100,0,9300
L00011797,T0004675,SNK002,1,4200,0,4200
L00011798,T0004675,DES003,1,3700,0,3700
L00011799,T0004675,HOU002,1,2300,0,2300
L00011800,T0004676,DES002,1,5900,0,5900
L00011801,T0004676,BEV001,1,2600,0,2600
L00011802,T0004677,DES002,1,6000,0,6000
L00011803,T0004677,BEV004,1,2700,0,2700
L00011804,T0004678,SNK001,2,3900,200,7600
L00011805,T0004678,BEV003,1,4300,0,4300
L00011806,T0004678,HOU003,1,6900,0,6900
L00011807,T0004678,BEV001,1,2600,0,2600
L00011808,T0004678,DES002,1,6000,200,5800
L00011809,T0004679,BEV004,1,2600,0,2600
L00011810,T0004679,BEV004,1,2700,0,2700
L00011811,T0004679,RTE002,1,7000,0,7000
L00011812,T0004679,BEV004,1,2800,500,2300
L00011813,T0004679,SNK001,1,3800,200,3600
L00011814,T0004680,DES001,1,3200,500,2700
L00011815,T0004680,BEV002,1,2000,0,2000
L00011816,T0004681,HOU001,1,2700,0,2700
L00011817,T0004681,RTE001,1,6700,0,6700
L00011818,T0004681,SNK004,1,2900,500,2400
L00011819,T0004682,BEV001,1,2500,200,2300
L00011820,T0004682,BEV004,1,2800,300,2500
L00011821,T0004683,HOU003,1,7000,500,6500
L00011822,T0004684,RTE001,2,6500,300,12700
L00011823,T0004684,RTE002,1,7200,0,7200
L00011824,T0004684,BEV003,1,4200,0,4200
L00011825,T0004685,DES003,1,3500,0,3500
L00011826,T0004685,RTE003,1,4600,0,4600
L00011827,T0004686,HOU002,1,2500,0,2500
L00011828,T0004686,BEV004,1,2400,0,2400
L00011829,T0004686,SNK003,1,5000,0,5000
L00011830,T0004687,HOU003,2,6700,500,12900
L00011831,T0004687,BEV001,1,2600,200,2400
L00011832,T0004687,SNK001,1,3800,500,3300
L00011833,T0004688,DES001,1,3300,200,3100
L00011834,T0004688,BEV003,1,4200,500,3700
L00011835,T0004689,SNK004,1,3000,0,3000
L00011836,T0004690,HOU001,1,3000,0,3000
L00011837,T0004691,RTE001,1,6500,0,6500
L00011838,T0004692,HOU001,1,3100,200,2900
L00011839,T0004692,BEV004,1,2600,300,2300
L00011840,T0004693,BEV003,2,4000,0,8000
L00011841,T0004694,RTE001,3,6500,0,19500
L00011842,T0004694,DES003,1,3300,0,3300
L00011843,T0004694,BEV002,2,1600,0,3200
L00011844,T0004694,BEV004,2,2600,0,5200
L00011845,T0004695,BEV003,2,4000,500,7500
L00011846,T0004695,SNK003,1,5200,0,5200
L00011847,T0004695,SNK002,3,4300,0,12900
L00011848,T0004696,HOU003,1,7100,0,7100
L00011849,T0004697,DES002,1,6000,0,6000
L00011850,T0004697,DES003,2,3500,200,6800
L00011851,T0004697,RTE004,1,8400,300,8100
L00011852,T0004697,BEV003,1,4200,0,4200
L00011853,T0004697,HOU003,1,7000,0,7000
L00011854,T0004698,BEV003,2,4000,0,8000
L00011855,T0004698,DES002,1,6000,0,6000
L00011856,T0004698,SNK003,1,5000,200,4800
L00011857,T0004698,HOU001,1,3000,0,3000
L00011858,T0004698,RTE004,1,8800,300,8500
L00011859,T0004699,BEV002,2,2000,500,3500
L00011860,T0004699,BEV002,2,1900,200,3600
L00011861,T0004700,DES002,1,6100,500,5600
L00011862,T0004700,DES002,1,5900,0,5900
L00011863,T0004700,HOU003,1,7000,200,6800
L00011864,T0004700,RTE002,1,7300,200,7100
L00011865,T0004701,SNK002,1,4400,0,4400
L00011866,T0004701,DES002,1,5900,0,5900
L00011867,T0004701,BEV003,1,4000,500,3500
L00011868,T0004702,SNK002,1,4200,200,4000
L00011869,T0004703,HOU002,1,2500,0,2500
L00011870,T0004703,SNK001,1,3800,0,3800
L00011871,T0004703,SNK002,1,4200,500,3700
L00011872,T0004703,HOU002,1,2100,200,1900
L00011873,T0004703,RTE001,1,6700,0,6700
L00011874,T0004704,SNK004,1,2800,500,2300
L00011875,T0004704,BEV003,2,4200,300,8100
L00011876,T0004704,DES003,1,3700,0,3700
L00011877,T0004704,DES002,2,6100,500,11700
L00011878,T0004705,BEV003,1,4200,0,4200
L00011879,T0004706,HOU003,1,7100,0,7100
L00011880,T0004706,SNK004,1,2800,0,2800
L00011881,T0004706,BEV001,1,2600,0,2600
L00011882,T0004707,HOU003,1,6900,0,6900
L00011883,T0004707,DES002,1,5900,500,5400
L00011884,T0004707,SNK003,2,5200,300,10100
L00011885,T0004707,DES002,1,6000,0,6000
L00011886,T0004707,RTE003,2,4800,200,9400
L00011887,T0004708,RTE003,1,4800,0,4800
L00011888,T0004708,DES002,1,5900,0,5900
L00011889,T0004708,RTE003,2,4800,500,9100
L00011890,T0004708,RTE004,2,8600,0,17200
L00011891,T0004709,HOU003,1,6900,300,6600
L00011892,T0004709,DES001,1,3100,0,3100
L00011893,T0004709,SNK001,2,3600,0,7200
L00011894,T0004710,RTE004,1,8600,500,8100
L00011895,T0004710,RTE002,1,7200,0,7200
L00011896,T0004711,RTE002,1,7400,0,7400
L00011897,T0004711,BEV002,1,1900,200,1700
L00011898,T0004712,DES003,2,3300,200,6400
L00011899,T0004712,DES001,1,3200,300,2900
L00011900,T0004712,SNK004,1,2800,0,2800
L00011901,T0004712,DES003,1,3600,300,3300
L00011902,T0004713,BEV002,1,1800,0,1800
L00011903,T0004714,HOU001,1,3100,300,2800
L00011904,T0004714,BEV003,1,4200,500,3700
L00011905,T0004714,HOU003,1,7100,200,6900
L00011906,T0004715,RTE004,1,8700,300,8400
L00011907,T0004715,DES003,1,3500,0,3500
L00011908,T0004716,HOU002,1,2300,200,2100
L00011909,T0004716,SNK004,2,2800,200,5400
L00011910,T0004716,RTE003,2,4900,300,9500
L00011911,T0004717,DES003,1,3600,500,3100
L00011912,T0004718,HOU002,2,2100,0,4200
L00011913,T0004718,HOU001,1,2700,200,2500
L00011914,T0004719,DES002,1,5900,0,5900
L00011915,T0004719,BEV002,1,1600,0,1600
L00011916,T0004720,HOU001,1,2900,300,2600
L00011917,T0004720,RTE003,1,5000,300,4700
L00011918,T0004721,HOU002,1,2400,500,1900
L00011919,T0004721,HOU002,1,2300,200,2100
L00011920,T0004722,HOU002,1,2400,0,2400
L00011921,T0004722,RTE001,1,6300,200,6100
L00011922,T0004722,RTE003,2,4800,0,9600
L00011923,T0004723,BEV002,1,1800,500,1300
L00011924,T0004723,BEV004,1,2600,0,2600
L00011925,T0004724,SNK003,1,5200,0,5200
L00011926,T0004725,SNK004,1,2600,0,2600
L00011927,T0004726,DES001,2,3200,300,6100
L00011928,T0004727,BEV002,1,2000,0,2000
L00011929,T0004727,DES001,2,3200,300,6100
L00011930,T0004727,HOU002,1,2400,200,2200
L00011931,T0004728,RTE004,1,8700,200,8500
L00011932,T0004729,BEV004,1,2600,200,2400
L00011933,T0004729,DES003,1,3500,300,3200
L00011934,T0004730,SNK001,1,4000,200,3800
L00011935,T0004731,HOU002,3,2400,0,7200
L00011936,T0004732,SNK001,1,3900,0,3900
L00011937,T0004732,DES002,1,6100,0,6100
L00011938,T0004732,RTE003,1,4800,0,4800
L00011939,T0004733,HOU002,1,2400,0,2400
L00011940,T0004734,BEV004,1,2800,500,2300
L00011941,T0004734,DES001,1,3100,0,3100
L00011942,T0004734,RTE003,1,4800,0,4800
L00011943,T0004734,SNK001,2,3800,0,7600
L00011944,T0004734,RTE003,1,4800,0,4800
L00011945,T0004735,BEV004,1,2400,200,2200
L00011946,T0004735,SNK004,1,2800,500,2300
L00011947,T0004735,RTE003,1,5000,300,4700
L00011948,T0004736,BEV002,1,1800,200,1600
L00011949,T0004736,RTE001,1,6700,0,6700
L00011950,T0004737,RTE004,1,8400,0,8400
L00011951,T0004737,SNK001,1,3800,200,3600
L00011952,T0004737,HOU003,1,6700,0,6700
L00011953,T0004738,DES001,1,3300,0,3300
L00011954,T0004738,HOU002,1,2300,200,2100
L00011955,T0004738,SNK004,1,2800,0,2800
L00011956,T0004738,RTE004,1,8800,0,8800
L00011957,T0004738,RTE004,1,8600,300,8300
L00011958,T0004739,BEV003,1,4000,300,3700
L00011959,T0004739,DES003,1,3700,0,3700
L00011960,T0004739,RTE001,2,6300,0,12600
L00011961,T0004740,SNK001,1,4000,300,3700
L00011962,T0004740,SNK002,1,4400,0,4400
L00011963,T0004740,BEV003,1,4300,0,4300
L00011964,T0004741,RTE003,2,4800,200,9400
L00011965,T0004741,RTE002,1,7300,0,7300
L00011966,T0004741,BEV002,1,2000,0,2000
L00011967,T0004742,DES001,2,3300,0,6600
L00011968,T0004742,SNK003,2,5400,300,10500
L00011969,T0004743,HOU002,2,2300,500,4100
L00011970,T0004743,HOU001,1,2900,0,2900
L00011971,T0004743,SNK003,1,5300,300,5000
L00011972,T0004744,DES003,1,3500,300,3200
L00011973,T0004745,RTE002,1,7400,0,7400
L00011974,T0004746,BEV001,1,2700,300,2400
L00011975,T0004746,HOU002,1,2300,0,2300
L00011976,T0004747,SNK004,1,2800,300,2500
L00011977,T0004748,HOU003,1,6700,300,6400
L00011978,T0004748,RTE002,2,7400,300,14500
L00011979,T0004748,HOU003,1,7100,0,7100
L00011980,T0004748,RTE003,2,4800,0,9600
L00011981,T0004749,BEV004,1,2600,500,2100
L00011982,T0004749,BEV004,1,2400,300,2100
L00011983,T0004749,SNK002,1,4000,300,3700
L00011984,T0004749,BEV003,1,4000,0,4000
L00011985,T0004749,SNK002,1,4200,0,4200
L00011986,T0004750,SNK001,1,3800,0,3800
L00011987,T0004750,RTE004,1,8800,300,8500
L00011988,T0004751,DES003,1,3600,0,3600
L00011989,T0004751,HOU001,1,2900,200,2700
L00011990,T0004752,RTE003,1,5000,0,5000
L00011991,T0004753,SNK004,1,2800,500,2300
L00011992,T0004753,BEV004,1,2400,300,2100
L00011993,T0004753,SNK001,1,3900,300,3600
L00011994,T0004754,SNK004,1,2900,200,2700
L00011995,T0004754,RTE002,1,7200,0,7200
L00011996,T0004755,DES002,1,6100,0,6100
L00011997,T0004755,RTE003,1,4900,200,4700
L00011998,T0004756,BEV001,1,2500,0,2500
L00011999,T0004756,DES003,1,3500,300,3200
L00012000,T0004756,RTE003,1,4600,200,4400
L00012001,T0004757,HOU003,1,6900,0,6900
L00012002,T0004758,RTE004,2,8600,300,16900
L00012003,T0004759,HOU002,3,2300,500,6400
L00012004,T0004759,HOU003,1,6900,300,6600
L00012005,T0004759,SNK001,1,3800,0,3800
L00012006,T0004759,BEV003,1,4200,200,4000
L00012007,T0004760,RTE002,1,7200,0,7200
L00012008,T0004760,SNK004,1,3000,300,2700
L00012009,T0004760,SNK004,1,2800,0,2800
L00012010,T0004761,DES001,2,3100,0,6200
L00012011,T0004761,RTE004,1,8800,0,8800
L00012012,T0004762,RTE002,1,7200,0,7200
L00012013,T0004762,BEV002,1,2000,300,1700
L00012014,T0004763,SNK001,1,3600,0,3600
L00012015,T0004763,BEV002,3,1800,0,5400
L00012016,T0004763,DES002,1,5900,0,5900
L00012017,T0004763,HOU001,1,2700,0,2700
L00012018,T0004764,RTE001,1,6600,0,6600
L00012019,T0004764,DES001,2,3100,500,5700
L00012020,T0004764,BEV004,1,2400,300,2100
L00012021,T0004765,BEV004,1,2800,200,2600
L00012022,T0004765,BEV001,2,2500,500,4500
L00012023,T0004766,DES001,1,2900,300,2600
L00012024,T0004766,RTE001,1,6500,0,6500
L00012025,T0004767,BEV004,1,2700,0,2700
L00012026,T0004767,DES001,1,2900,0,2900
L00012027,T0004767,BEV002,1,1900,0,1900
L00012028,T0004767,HOU001,1,2700,0,2700
L00012029,T0004767,RTE002,1,7300,0,7300
L00012030,T0004768,RTE002,1,7200,500,6700
L00012031,T0004768,SNK003,1,5300,0,5300
L00012032,T0004769,HOU001,1,2700,0,2700
L00012033,T0004770,HOU003,1,7100,300,6800
L00012034,T0004770,DES001,1,3200,500,2700
L00012035,T0004771,RTE002,1,7200,500,6700
L00012036,T0004771,HOU003,1,7100,0,7100
L00012037,T0004772,HOU001,1,2900,500,2400
L00012038,T0004773,SNK004,1,2600,0,2600
L00012039,T0004773,BEV001,1,2500,0,2500
L00012040,T0004773,RTE003,1,5000,200,4800
L00012041,T0004773,SNK001,1,3600,0,3600
L00012042,T0004773,DES001,1,3100,0,3100
L00012043,T0004774,SNK001,1,3600,0,3600
L00012044,T0004774,BEV002,3,2000,0,6000
L00012045,T0004774,DES002,1,5900,500,5400
L00012046,T0004774,SNK001,1,3800,0,3800
L00012047,T0004775,HOU001,1,3100,200,2900
L00012048,T0004776,RTE002,1,7200,200,7000
L00012049,T0004776,SNK002,2,4000,300,7700
L00012050,T0004777,SNK004,1,2600,200,2400
L00012051,T0004778,SNK004,1,2800,500,2300
L00012052,T0004779,BEV002,1,2000,0,2000
L00012053,T0004779,BEV002,1,1900,300,1600
L00012054,T0004780,RTE003,1,5000,500,4500
L00012055,T0004781,BEV002,1,1800,0,1800
L00012056,T0004782,HOU002,1,2300,300,2000
L00012057,T0004782,RTE002,1,7000,500,6500
L00012058,T0004783,RTE002,2,7200,500,13900
L00012059,T0004783,BEV002,2,1800,0,3600
L00012060,T0004783,BEV003,1,4000,500,3500
L00012061,T0004783,RTE002,2,7200,300,14100
L00012062,T0004783,BEV001,1,2500,200,2300
L00012063,T0004784,HOU003,1,7000,300,6700
L00012064,T0004784,SNK003,1,5300,0,5300
L00012065,T0004785,HOU002,1,2300,500,1800
L00012066,T0004785,BEV001,1,2300,0,2300
L00012067,T0004785,HOU001,1,3100,0,3100
L00012068,T0004786,SNK003,1,5200,500,4700
L00012069,T0004786,HOU001,1,2900,200,2700
L00012070,T0004786,BEV003,2,4400,500,8300
L00012071,T0004786,SNK004,1,2800,500,2300
L00012072,T0004786,RTE003,1,4800,0,4800
L00012073,T0004787,DES002,1,5900,0,5900
L00012074,T0004787,DES002,1,5700,500,5200
L00012075,T0004787,RTE002,1,7000,500,6500
L00012076,T0004788,BEV002,2,1800,300,3300
L00012077,T0004788,DES003,1,3500,500,3000
L00012078,T0004788,HOU001,3,3100,0,9300
L00012079,T0004788,DES002,1,6100,200,5900
L00012080,T0004788,HOU001,2,2900,0,5800
L00012081,T0004789,RTE002,2,7200,200,14200
L00012082,T0004789,HOU002,2,2100,500,3700
L00012083,T0004789,DES001,1,3100,500,2600
L00012084,T0004790,DES002,1,5700,0,5700
L00012085,T0004790,RTE004,1,8400,200,8200
L00012086,T0004790,SNK003,1,5200,200,5000
L00012087,T0004791,HOU001,1,2900,0,2900
L00012088,T0004791,HOU001,2,2700,0,5400
L00012089,T0004792,RTE004,1,8400,0,8400
L00012090,T0004792,BEV004,1,2600,0,2600
L00012091,T0004793,RTE002,1,7000,0,7000
L00012092,T0004793,SNK004,1,2600,0,2600
L00012093,T0004794,BEV001,1,2600,500,2100
L00012094,T0004794,RTE002,3,7400,0,22200
L00012095,T0004795,RTE001,1,6700,0,6700
L00012096,T0004795,HOU001,1,2700,0,2700
L00012097,T0004795,RTE003,1,5000,300,4700
L00012098,T0004795,SNK001,1,3800,0,3800
L00012099,T0004796,BEV002,1,1600,500,1100
L00012100,T0004796,DES001,1,3100,0,3100
L00012101,T0004797,SNK002,1,4300,0,4300
L00012102,T0004797,DES002,1,6100,500,5600
L00012103,T0004797,SNK001,1,3600,0,3600
L00012104,T0004797,RTE001,1,6300,0,6300
L00012105,T0004798,BEV001,1,2500,200,2300
L00012106,T0004798,HOU003,2,6900,300,13500
L00012107,T0004799,DES001,1,2900,200,2700
L00012108,T0004800,DES003,2,3500,300,6700
L00012109,T0004800,BEV001,1,2300,0,2300
L00012110,T0004800,SNK002,2,4200,200,8200
L00012111,T0004800,DES003,1,3500,0,3500
L00012112,T0004800,DES001,2,2900,0,5800
L00012113,T0004801,RTE003,1,5000,300,4700
L00012114,T0004801,BEV002,1,1800,300,1500
L00012115,T0004802,DES003,1,3500,300,3200
L00012116,T0004802,BEV004,2,2700,0,5400
L00012117,T0004803,HOU002,1,2300,500,1800
L00012118,T0004803,RTE002,1,7200,200,7000
L00012119,T0004803,HOU001,1,2900,200,2700
L00012120,T0004803,SNK001,1,3600,0,3600
L00012121,T0004803,RTE004,1,8800,0,8800
L00012122,T0004804,SNK002,1,4200,0,4200
L00012123,T0004804,DES003,1,3500,0,3500
L00012124,T0004804,SNK001,1,3600,200,3400
L00012125,T0004804,RTE002,1,7300,200,7100
L00012126,T0004805,BEV001,1,2500,500,2000
L00012127,T0004806,HOU002,1,2300,300,2000
L00012128,T0004807,HOU001,1,2900,0,2900
L00012129,T0004807,BEV004,1,2800,0,2800
L00012130,T0004808,DES003,1,3600,500,3100
L00012131,T0004809,SNK003,2,5000,0,10000
L00012132,T0004809,DES002,1,5900,500,5400
L00012133,T0004810,SNK001,1,3800,300,3500
L00012134,T0004810,SNK001,1,3900,200,3700
L00012135,T0004811,HOU002,2,2300,500,4100
L00012136,T0004812,SNK002,1,4200,500,3700
L00012137,T0004812,BEV002,1,1800,0,1800
L00012138,T0004813,DES001,1,2900,300,2600
L00012139,T0004814,HOU001,1,2900,0,2900
L00012140,T0004815,SNK001,3,3900,300,11400
L00012141,T0004815,SNK002,3,4000,0,12000
L00012142,T0004816,DES002,1,5700,500,5200
L00012143,T0004816,BEV004,1,2400,0,2400
L00012144,T0004816,DES001,1,3100,0,3100
L00012145,T0004817,RTE003,1,4900,300,4600
L00012146,T0004817,DES002,1,5900,300,5600
L00012147,T0004817,SNK004,2,2800,200,5400
L00012148,T0004817,RTE001,1,6600,0,6600
L00012149,T0004818,RTE001,1,6300,500,5800
L00012150,T0004819,RTE001,1,6600,200,6400
L00012151,T0004819,DES002,1,5900,0,5900
L00012152,T0004819,DES002,1,5900,200,5700
L00012153,T0004819,BEV001,1,2500,0,2500
L00012154,T0004819,BEV004,1,2700,200,2500
L00012155,T0004820,BEV002,1,2000,0,2000
L00012156,T0004820,HOU003,1,7100,0,7100
L00012157,T0004820,BEV002,2,1800,300,3300
L00012158,T0004820,DES003,1,3500,300,3200
L00012159,T0004821,DES002,1,5900,0,5900
L00012160,T0004822,BEV004,1,2700,0,2700
L00012161,T0004822,DES001,1,2900,300,2600
L00012162,T0004822,SNK004,1,3000,300,2700
L00012163,T0004823,BEV003,1,4000,500,3500
L00012164,T0004823,SNK003,1,5200,500,4700
L00012165,T0004824,RTE001,1,6300,300,6000
L00012166,T0004824,BEV001,1,2600,0,2600
L00012167,T0004825,RTE003,1,4800,300,4500
L00012168,T0004825,HOU001,1,3100,0,3100
L00012169,T0004826,HOU001,1,2700,300,2400
L00012170,T0004826,SNK004,1,2800,300,2500
L00012171,T0004827,SNK004,1,2800,0,2800
L00012172,T0004827,DES003,1,3300,0,3300
L00012173,T0004827,RTE001,1,6600,0,6600
L00012174,T0004827,SNK001,1,4000,200,3800
L00012175,T0004828,BEV004,1,2700,300,2400
L00012176,T0004828,DES001,1,3100,500,2600
L00012177,T0004829,SNK004,3,2600,0,7800
L00012178,T0004829,RTE001,1,6300,0,6300
L00012179,T0004829,BEV001,1,2600,500,2100
L00012180,T0004829,RTE004,1,8600,0,8600
L00012181,T0004829,SNK002,2,4200,0,8400
L00012182,T0004830,SNK002,1,4200,0,4200
L00012183,T0004830,RTE002,1,7400,0,7400
L00012184,T0004831,BEV002,1,2000,300,1700
L00012185,T0004831,RTE002,1,7300,0,7300
L00012186,T0004831,BEV004,1,2700,0,2700
L00012187,T0004831,DES001,2,3300,500,6100
L00012188,T0004832,RTE004,1,8600,500,8100
L00012189,T0004832,RTE004,1,8400,0,8400
L00012190,T0004833,RTE004,1,8400,0,8400
L00012191,T0004833,SNK001,1,3800,200,3600
L00012192,T0004833,HOU002,1,2300,300,2000
L00012193,T0004834,DES002,1,6100,0,6100
L00012194,T0004834,SNK002,1,4300,500,3800
L00012195,T0004834,SNK003,1,5300,500,4800
L00012196,T0004835,BEV001,1,2700,500,2200
L00012197,T0004835,SNK001,1,3900,0,3900
L00012198,T0004835,RTE003,1,4800,0,4800
L00012199,T0004835,HOU001,1,3100,200,2900
L00012200,T0004836,RTE002,1,7000,0,7000
L00012201,T0004836,RTE002,1,7000,500,6500
L00012202,T0004836,SNK003,1,5400,200,5200
L00012203,T0004836,RTE002,1,7000,300,6700
L00012204,T0004836,SNK003,1,5300,200,5100
L00012205,T0004837,HOU003,1,7000,200,6800
L00012206,T0004837,HOU003,1,7100,300,6800
L00012207,T0004838,SNK001,1,3800,300,3500
L00012208,T0004838,HOU002,2,2100,0,4200
L00012209,T0004839,HOU002,1,2300,0,2300
L00012210,T0004839,SNK002,1,4200,300,3900
L00012211,T0004839,HOU003,1,6700,500,6200
L00012212,T0004840,SNK003,1,5200,0,5200
L00012213,T0004840,DES002,1,5900,500,5400
L00012214,T0004840,HOU001,1,3000,0,3000
L00012215,T0004840,SNK001,1,3600,300,3300
L00012216,T0004841,SNK003,1,5200,300,4900
L00012217,T0004841,BEV003,1,4300,0,4300
L00012218,T0004842,DES003,1,3600,0,3600
L00012219,T0004842,SNK003,1,5000,200,4800
L00012220,T0004843,DES003,1,3300,0,3300
L00012221,T0004844,HOU001,1,3100,0,3100
L00012222,T0004844,RTE004,2,8600,500,16700
L00012223,T0004844,BEV001,1,2500,0,2500
L00012224,T0004845,RTE002,1,7200,0,7200
L00012225,T0004846,RTE001,1,6600,0,6600
L00012226,T0004846,SNK003,1,5400,0,5400
L00012227,T0004846,BEV002,2,2000,500,3500
L00012228,T0004846,HOU003,1,7000,500,6500
L00012229,T0004847,BEV001,1,2300,200,2100
L00012230,T0004847,SNK002,2,4400,500,8300
L00012231,T0004847,HOU001,1,3100,300,2800
L00012232,T0004848,SNK004,2,2800,500,5100
L00012233,T0004848,SNK001,2,3800,500,7100
L00012234,T0004849,HOU003,1,6900,0,6900
L00012235,T0004850,DES003,2,3700,500,6900
L00012236,T0004850,DES003,2,3300,0,6600
L00012237,T0004851,RTE002,2,7200,200,14200
L00012238,T0004851,HOU003,1,6900,200,6700
L00012239,T0004851,RTE001,1,6300,0,6300
L00012240,T0004851,HOU001,1,2700,0,2700
L00012241,T0004852,HOU002,3,2400,500,6700
L00012242,T0004853,HOU001,2,2900,500,5300
L00012243,T0004853,RTE001,3,6700,500,19600
L00012244,T0004854,HOU003,1,7000,200,6800
L00012245,T0004854,SNK004,1,2900,0,2900
L00012246,T0004855,HOU003,1,6900,0,6900
L00012247,T0004855,SNK002,1,4400,0,4400
L00012248,T0004856,RTE004,1,8700,200,8500
L00012249,T0004856,RTE003,1,5000,0,5000
L00012250,T0004856,RTE002,1,7200,200,7000
L00012251,T0004857,SNK001,1,4000,0,4000
L00012252,T0004858,SNK001,1,4000,300,3700
L00012253,T0004858,BEV003,1,4300,300,4000
L00012254,T0004858,BEV003,1,4200,0,4200
L00012255,T0004859,BEV001,1,2500,0,2500
L00012256,T0004859,BEV004,1,2600,200,2400
L00012257,T0004859,RTE004,1,8400,500,7900
L00012258,T0004859,DES001,1,3100,300,2800
L00012259,T0004859,DES001,1,3100,0,3100
L00012260,T0004860,SNK004,2,2800,0,5600
L00012261,T0004860,SNK004,1,2900,0,2900
L00012262,T0004860,SNK002,1,4200,300,3900
L00012263,T0004860,HOU001,1,2900,500,2400
L00012264,T0004860,BEV001,2,2500,200,4800
L00012265,T0004861,BEV001,2,2300,500,4100
L00012266,T0004861,RTE002,2,7200,300,14100
L00012267,T0004862,DES002,1,5900,300,5600
L00012268,T0004862,RTE002,1,7200,500,6700
L00012269,T0004863,RTE003,1,4600,0,4600
L00012270,T0004863,BEV004,2,2800,0,5600
L00012271,T0004863,SNK001,2,3800,200,7400
L00012272,T0004864,SNK001,1,3900,500,3400
L00012273,T0004864,BEV001,1,2500,0,2500
L00012274,T0004865,DES003,2,3700,500,6900
L00012275,T0004865,RTE003,1,5000,0,5000
L00012276,T0004865,BEV001,1,2500,200,2300
L00012277,T0004865,BEV004,1,2800,500,2300
L00012278,T0004866,RTE002,3,7000,200,20800
L00012279,T0004866,SNK003,1,5200,200,5000
L00012280,T0004866,RTE001,1,6500,0,6500
L00012281,T0004866,HOU001,1,3100,300,2800
L00012282,T0004867,HOU003,1,7100,0,7100
L00012283,T0004867,HOU001,1,3100,0,3100
L00012284,T0004868,SNK004,1,3000,300,2700
L00012285,T0004868,SNK002,1,4200,200,4000
L00012286,T0004869,SNK001,2,3800,500,7100
L00012287,T0004870,HOU001,1,2900,0,2900
L00012288,T0004870,DES002,3,6100,0,18300
L00012289,T0004870,DES003,1,3700,500,3200
L00012290,T0004871,SNK002,1,4400,0,4400
L00012291,T0004872,DES002,1,6000,0,6000
L00012292,T0004873,BEV003,1,4300,0,4300
L00012293,T0004873,SNK002,2,4400,0,8800
L00012294,T0004873,SNK001,1,3800,0,3800
L00012295,T0004874,RTE003,1,4600,0,4600
L00012296,T0004875,SNK003,2,5000,300,9700
L00012297,T0004875,SNK003,3,5000,500,14500
L00012298,T0004875,RTE002,1,7400,300,7100
L00012299,T0004876,RTE003,1,4600,300,4300
L00012300,T0004876,BEV003,1,4200,500,3700
L00012301,T0004876,RTE004,1,8600,0,8600
L00012302,T0004877,SNK003,1,5400,500,4900
L00012303,T0004877,HOU002,1,2100,0,2100
L00012304,T0004877,RTE004,2,8800,500,17100
L00012305,T0004877,DES003,2,3600,0,7200
L00012306,T0004878,BEV001,1,2700,0,2700
L00012307,T0004878,DES003,1,3300,0,3300
L00012308,T0004879,RTE004,3,8800,200,26200
L00012309,T0004879,SNK004,2,3000,300,5700
L00012310,T0004880,HOU001,1,3100,0,3100
L00012311,T0004881,HOU002,1,2100,0,2100
L00012312,T0004881,DES001,1,2900,0,2900
L00012313,T0004882,RTE001,1,6500,500,6000
L00012314,T0004882,RTE004,1,8400,200,8200
L00012315,T0004882,RTE002,2,7400,200,14600
L00012316,T0004882,RTE003,1,4800,300,4500
L00012317,T0004883,RTE001,1,6500,0,6500
L00012318,T0004884,DES002,1,5700,300,5400
L00012319,T0004885,SNK002,1,4200,300,3900
L00012320,T0004885,RTE004,1,8400,300,8100
L00012321,T0004885,HOU001,1,2700,200,2500
L00012322,T0004885,RTE001,2,6700,500,12900
L00012323,T0004886,HOU001,1,2900,500,2400
L00012324,T0004886,HOU003,1,6900,300,6600
L00012325,T0004887,SNK001,1,3900,0,3900
L00012326,T0004887,DES002,1,5900,300,5600
L00012327,T0004887,HOU003,1,6700,200,6500
L00012328,T0004887,RTE003,1,4800,200,4600
L00012329,T0004888,HOU003,1,6900,500,6400
L00012330,T0004888,RTE004,2,8800,200,17400
L00012331,T0004889,RTE003,1,4600,0,4600
L00012332,T0004890,RTE003,1,4800,300,4500
L00012333,T0004890,SNK001,2,3800,300,7300
L00012334,T0004890,BEV002,1,1800,300,1500
L00012335,T0004891,BEV004,1,2800,0,2800
L00012336,T0004891,BEV003,1,4000,200,3800
L00012337,T0004891,BEV004,1,2700,500,2200
L00012338,T0004891,SNK002,1,4400,300,4100
L00012339,T0004891,RTE004,1,8800,0,8800
L00012340,T0004892,DES001,1,3100,200,2900
L00012341,T0004893,DES002,1,5900,200,5700
L00012342,T0004894,DES002,1,5900,0,5900
L00012343,T0004894,SNK004,1,2800,0,2800
L00012344,T0004894,RTE002,1,7400,0,7400
L00012345,T0004894,SNK002,1,4000,0,4000
L00012346,T0004894,DES003,2,3500,200,6800
L00012347,T0004895,HOU003,1,6700,0,6700
L00012348,T0004895,RTE003,2,4800,0,9600
L00012349,T0004896,BEV001,2,2700,0,5400
L00012350,T0004896,SNK001,2,3900,500,7300
L00012351,T0004896,HOU003,1,6700,500,6200
L00012352,T0004897,RTE002,1,7000,0,7000
L00012353,T0004897,HOU003,1,7000,0,7000
L00012354,T0004898,SNK004,3,2800,0,8400
L00012355,T0004899,SNK003,1,5200,300,4900
L00012356,T0004899,HOU003,2,6900,0,13800
L00012357,T0004899,DES003,1,3500,200,3300
L00012358,T0004900,DES002,1,5900,0,5900
L00012359,T0004900,SNK001,2,3800,0,7600
L00012360,T0004901,DES003,1,3700,500,3200
L00012361,T0004901,RTE002,1,7300,0,7300
L00012362,T0004902,BEV001,1,2300,0,2300
L00012363,T0004902,SNK002,1,4300,200,4100
L00012364,T0004902,HOU001,1,2900,200,2700
L00012365,T0004902,RTE003,1,5000,300,4700
L00012366,T0004902,SNK002,2,4400,0,8800
L00012367,T0004903,HOU003,1,6900,300,6600
L00012368,T0004903,DES001,1,3100,0,3100
L00012369,T0004903,DES002,1,5700,300,5400
L00012370,T0004903,SNK002,1,4400,0,4400
L00012371,T0004904,HOU002,1,2300,0,2300
L00012372,T0004904,SNK001,1,3800,300,3500
L00012373,T0004904,SNK003,1,5400,300,5100
L00012374,T0004905,DES003,1,3600,0,3600
L00012375,T0004905,HOU002,1,2100,500,1600
L00012376,T0004906,DES002,1,6000,0,6000
L00012377,T0004906,RTE001,1,6600,0,6600
L00012378,T0004906,BEV001,1,2700,0,2700
L00012379,T0004907,DES002,1,6100,0,6100
L00012380,T0004908,BEV001,2,2500,200,4800
L00012381,T0004909,DES002,1,5900,0,5900
L00012382,T0004909,SNK001,1,3900,300,3600
L00012383,T0004909,BEV003,1,4200,0,4200
L00012384,T0004910,RTE002,1,7200,0,7200
L00012385,T0004910,DES002,1,6100,0,6100
L00012386,T0004910,HOU001,1,3000,0,3000
L00012387,T0004910,SNK004,1,2900,0,2900
L00012388,T0004910,HOU002,1,2500,0,2500
L00012389,T0004911,BEV001,1,2700,0,2700
L00012390,T0004911,SNK002,3,4200,0,12600
L00012391,T0004912,DES003,2,3500,500,6500
L00012392,T0004912,SNK003,3,5200,0,15600
L00012393,T0004912,DES002,1,5700,0,5700
L00012394,T0004913,RTE001,1,6700,0,6700
L00012395,T0004913,BEV001,1,2600,0,2600
L00012396,T0004913,SNK002,1,4000,0,4000
L00012397,T0004914,BEV004,1,2400,200,2200
L00012398,T0004914,HOU003,1,6900,0,6900
L00012399,T0004914,BEV001,1,2600,0,2600
L00012400,T0004914,HOU002,1,2300,300,2000
L00012401,T0004914,DES002,2,5900,0,11800
L00012402,T0004915,HOU001,2,3000,300,5700
L00012403,T0004915,DES003,1,3600,200,3400
L00012404,T0004915,RTE001,1,6700,0,6700
L00012405,T0004916,BEV001,1,2700,300,2400
L00012406,T0004916,RTE001,1,6500,500,6000
L00012407,T0004917,RTE003,2,4800,0,9600
L00012408,T0004918,SNK004,1,2800,0,2800
L00012409,T0004918,BEV002,1,1800,0,1800
L00012410,T0004919,BEV004,1,2600,500,2100
L00012411,T0004919,HOU002,1,2400,0,2400
L00012412,T0004919,RTE004,1,8600,0,8600
L00012413,T0004919,BEV002,1,1800,200,1600
L00012414,T0004920,BEV004,1,2600,300,2300
L00012415,T0004921,BEV003,1,4200,200,4000
L00012416,T0004922,SNK003,1,5200,300,4900
L00012417,T0004923,DES003,1,3500,0,3500
L00012418,T0004923,BEV001,1,2600,0,2600
L00012419,T0004923,HOU003,3,6900,500,20200
L00012420,T0004923,BEV003,1,4200,200,4000
L00012421,T0004923,BEV003,1,4000,0,4000
L00012422,T0004924,RTE001,1,6500,0,6500
L00012423,T0004924,BEV004,1,2600,0,2600
L00012424,T0004924,HOU003,1,7000,0,7000
L00012425,T0004924,BEV002,1,1800,0,1800
L00012426,T0004925,BEV004,1,2600,200,2400
L00012427,T0004925,DES003,1,3500,0,3500
L00012428,T0004925,DES001,1,3300,500,2800
L00012429,T0004926,BEV001,1,2300,500,1800
L00012430,T0004926,BEV003,1,4000,0,4000
L00012431,T0004927,DES002,2,6000,0,12000
L00012432,T0004927,RTE004,1,8800,0,8800
L00012433,T0004927,RTE002,1,7400,0,7400
L00012434,T0004928,HOU002,1,2400,0,2400
L00012435,T0004928,RTE004,1,8400,0,8400
L00012436,T0004929,RTE001,1,6500,0,6500
L00012437,T0004929,RTE003,1,4800,0,4800
L00012438,T0004930,SNK003,1,5200,0,5200
L00012439,T0004930,RTE001,1,6500,0,6500
L00012440,T0004930,HOU001,1,2900,500,2400
L00012441,T0004930,SNK003,1,5000,0,5000
L00012442,T0004930,RTE004,1,8600,500,8100
L00012443,T0004931,BEV003,1,4200,0,4200
L00012444,T0004931,RTE001,1,6300,0,6300
L00012445,T0004931,DES002,1,5900,300,5600
L00012446,T0004932,BEV001,1,2700,200,2500
L00012447,T0004932,DES003,1,3500,300,3200
L00012448,T0004932,RTE003,2,4600,0,9200
L00012449,T0004933,HOU003,1,7100,300,6800
L00012450,T0004934,DES001,1,3300,0,3300
L00012451,T0004934,SNK001,1,3800,200,3600
L00012452,T0004934,DES003,1,3700,0,3700
L00012453,T0004935,DES002,1,6000,500,5500
L00012454,T0004935,HOU003,1,6700,300,6400
L00012455,T0004936,RTE002,2,7200,500,13900
L00012456,T0004936,BEV002,1,1800,0,1800
L00012457,T0004937,DES001,1,3200,300,2900
L00012458,T0004937,RTE004,1,8600,200,8400
L00012459,T0004937,DES003,1,3700,300,3400
L00012460,T0004937,DES002,1,5900,300,5600
L00012461,T0004938,BEV003,3,4200,200,12400
L00012462,T0004938,BEV003,1,4400,0,4400
L00012463,T0004938,SNK001,1,3800,300,3500
L00012464,T0004938,RTE002,1,7200,300,6900
L00012465,T0004938,DES003,1,3500,0,3500
L00012466,T0004939,RTE001,1,6600,0,6600
L00012467,T0004940,DES001,1,3100,0,3100
L00012468,T0004940,DES001,2,3100,300,5900
L00012469,T0004940,HOU001,1,2700,0,2700
L00012470,T0004941,RTE003,1,4800,0,4800
L00012471,T0004941,RTE002,1,7000,0,7000
L00012472,T0004941,RTE002,1,7300,0,7300
L00012473,T0004941,HOU002,1,2400,300,2100
L00012474,T0004942,RTE003,1,4800,200,4600
L00012475,T0004942,HOU001,2,3000,500,5500
L00012476,T0004942,HOU002,1,2100,0,2100
L00012477,T0004943,SNK001,1,3800,300,3500
L00012478,T0004943,BEV003,1,4300,500,3800
L00012479,T0004943,BEV003,1,4200,500,3700
L00012480,T0004943,BEV001,2,2500,200,4800
L00012481,T0004944,RTE001,1,6600,300,6300
L00012482,T0004944,RTE004,1,8700,300,8400
L00012483,T0004944,RTE004,1,8700,0,8700
L00012484,T0004944,SNK001,1,4000,0,4000
L00012485,T0004945,SNK001,1,3600,200,3400
L00012486,T0004945,RTE003,2,4800,500,9100
L00012487,T0004945,BEV004,1,2600,0,2600
L00012488,T0004945,BEV004,1,2800,500,2300
L00012489,T0004946,BEV004,1,2600,0,2600
L00012490,T0004947,BEV004,2,2600,0,5200
L00012491,T0004947,BEV001,1,2500,0,2500
L00012492,T0004947,SNK003,1,5300,0,5300
L00012493,T0004947,BEV003,1,4300,300,4000
L00012494,T0004948,DES003,3,3700,200,10900
L00012495,T0004948,SNK001,2,3800,200,7400
L00012496,T0004949,RTE001,2,6500,0,13000
L00012497,T0004949,DES003,1,3500,0,3500
L00012498,T0004949,RTE002,1,7200,0,7200
L00012499,T0004949,BEV004,2,2800,0,5600
L00012500,T0004950,BEV004,1,2600,500,2100
L00012501,T0004950,SNK004,1,2900,0,2900
L00012502,T0004951,DES002,2,5900,500,11300
L00012503,T0004951,RTE002,1,7300,300,7000
L00012504,T0004952,RTE003,1,5000,200,4800
L00012505,T0004952,SNK001,1,3800,0,3800
L00012506,T0004953,DES002,1,6000,500,5500
L00012507,T0004953,RTE001,1,6600,0,6600
L00012508,T0004954,BEV002,1,1800,0,1800
L00012509,T0004954,RTE004,1,8800,200,8600
L00012510,T0004955,RTE002,1,7300,0,7300
L00012511,T0004955,HOU002,1,2300,500,1800
L00012512,T0004955,HOU003,1,7000,0,7000
L00012513,T0004956,SNK003,1,5200,0,5200
L00012514,T0004957,SNK003,1,5200,0,5200
L00012515,T0004958,HOU003,1,6700,0,6700
L00012516,T0004959,BEV004,1,2700,0,2700
L00012517,T0004959,RTE002,1,7000,500,6500
L00012518,T0004959,RTE003,1,4600,0,4600
L00012519,T0004959,SNK003,2,5400,500,10300
L00012520,T0004959,SNK003,1,5300,0,5300
L00012521,T0004960,SNK002,1,4200,0,4200
L00012522,T0004960,DES003,1,3500,0,3500
L00012523,T0004960,RTE001,1,6500,300,6200
L00012524,T0004960,BEV003,1,4000,0,4000
L00012525,T0004961,SNK002,1,4000,0,4000
L00012526,T0004962,HOU001,1,2900,300,2600
L00012527,T0004963,SNK003,1,5400,0,5400
L00012528,T0004963,BEV003,1,4200,300,3900
L00012529,T0004963,DES002,1,5900,0,5900
L00012530,T0004963,RTE001,1,6300,200,6100
L00012531,T0004963,SNK003,1,5000,0,5000
L00012532,T0004964,RTE004,1,8800,0,8800
L00012533,T0004965,BEV004,1,2600,200,2400
L00012534,T0004965,SNK003,1,5200,500,4700
L00012535,T0004965,RTE003,2,4800,500,9100
L00012536,T0004966,BEV003,1,4200,0,4200
L00012537,T0004966,RTE002,1,7000,500,6500
L00012538,T0004967,DES003,1,3500,200,3300
L00012539,T0004968,BEV004,1,2800,0,2800
L00012540,T0004968,BEV002,3,1600,0,4800
L00012541,T0004968,BEV002,1,1600,300,1300
L00012542,T0004968,SNK002,1,4000,0,4000
L00012543,T0004969,RTE001,2,6500,500,12500
L00012544,T0004969,SNK002,1,4200,0,4200
L00012545,T0004969,SNK002,1,4200,0,4200
L00012546,T0004970,SNK004,1,2900,500,2400
L00012547,T0004971,SNK002,1,4200,300,3900
L00012548,T0004971,DES001,1,2900,500,2400
L00012549,T0004972,RTE004,2,8400,300,16500
L00012550,T0004972,RTE004,2,8600,0,17200
L00012551,T0004972,BEV003,1,4300,0,4300
L00012552,T0004972,RTE003,1,4800,300,4500
L00012553,T0004973,BEV004,1,2400,0,2400
L00012554,T0004974,BEV001,1,2700,0,2700
L00012555,T0004974,DES002,1,5700,0,5700
L00012556,T0004975,RTE002,1,7300,500,6800
L00012557,T0004975,BEV004,1,2600,0,2600
L00012558,T0004975,SNK002,1,4400,500,3900
L00012559,T0004976,SNK004,2,2900,300,5500
L00012560,T0004976,SNK001,1,3600,500,3100
L00012561,T0004976,DES002,1,5900,200,5700
L00012562,T0004977,SNK001,1,3600,200,3400
L00012563,T0004978,SNK002,2,4000,0,8000
L00012564,T0004978,RTE004,1,8400,0,8400
L00012565,T0004978,SNK003,1,5400,300,5100
L00012566,T0004978,SNK004,1,3000,0,3000
L00012567,T0004979,BEV003,1,4300,500,3800
L00012568,T0004980,DES003,2,3500,0,7000
L00012569,T0004980,BEV001,1,2500,0,2500
L00012570,T0004980,BEV003,1,4300,300,4000
L00012571,T0004981,DES001,2,3300,200,6400
L00012572,T0004982,DES001,1,2900,0,2900
L00012573,T0004983,BEV003,1,4300,0,4300
L00012574,T0004984,BEV004,1,2400,200,2200
L00012575,T0004985,SNK001,1,3900,0,3900
L00012576,T0004986,DES001,1,3200,500,2700
L00012577,T0004986,BEV003,1,4200,200,4000
L00012578,T0004987,SNK001,1,3800,300,3500
L00012579,T0004987,SNK003,1,5200,0,5200
L00012580,T0004988,SNK003,1,5200,300,4900
L00012581,T0004988,RTE003,1,4900,0,4900
L00012582,T0004988,DES001,1,3100,0,3100
L00012583,T0004989,SNK002,1,4300,0,4300
L00012584,T0004990,SNK001,1,3800,200,3600
L00012585,T0004990,SNK002,2,4400,0,8800
L00012586,T0004991,BEV001,1,2500,0,2500
L00012587,T0004991,HOU002,1,2400,0,2400
L00012588,T0004991,SNK002,2,4000,500,7500
L00012589,T0004992,SNK001,2,3900,0,7800
L00012590,T0004993,BEV004,1,2800,500,2300
L00012591,T0004993,RTE004,1,8800,200,8600
L00012592,T0004993,BEV001,1,2600,300,2300
L00012593,T0004994,BEV004,1,2600,0,2600
L00012594,T0004994,DES002,1,6000,300,5700
L00012595,T0004994,SNK001,1,3800,300,3500
L00012596,T0004995,SNK002,1,4200,200,4000
L00012597,T0004995,HOU001,1,3000,0,3000
L00012598,T0004995,BEV003,1,4000,0,4000
L00012599,T0004996,SNK003,2,5300,300,10300
L00012600,T0004996,HOU001,3,2900,500,8200
L00012601,T0004996,SNK002,1,4200,300,3900
L00012602,T0004996,SNK001,1,4000,0,4000
L00012603,T0004997,SNK002,1,4400,0,4400
L00012604,T0004998,BEV002,2,1800,0,3600
L00012605,T0004998,SNK003,1,5200,200,5000
L00012606,T0004998,BEV003,2,4400,200,8600
L00012607,T0004998,SNK002,1,4000,300,3700
L00012608,T0004998,BEV003,2,4300,500,8100
L00012609,T0004999,HOU003,1,6900,0,6900
L00012610,T0005000,RTE001,1,6300,500,5800
L00012611,T0005001,BEV003,1,4200,500,3700
L00012612,T0005001,RTE001,2,6500,500,12500
L00012613,T0005002,DES001,1,3100,0,3100
L00012614,T0005002,BEV004,1,2600,0,2600
L00012615,T0005002,SNK003,1,5200,0,5200
L00012616,T0005003,DES002,1,5900,200,5700
L00012617,T0005003,BEV002,1,1600,200,1400
L00012618,T0005003,HOU002,1,2300,500,1800
L00012619,T0005003,BEV003,1,4400,500,3900
L00012620,T0005003,SNK001,2,3900,500,7300
L00012621,T0005004,BEV003,1,4000,200,3800
L00012622,T0005005,BEV002,1,1800,500,1300
L00012623,T0005005,HOU003,3,6700,0,20100
L00012624,T0005006,DES002,1,5900,0,5900
L00012625,T0005006,BEV001,2,2600,200,5000
L00012626,T0005006,RTE001,1,6600,0,6600
L00012627,T0005006,BEV003,2,4300,0,8600
L00012628,T0005007,RTE004,1,8600,0,8600
L00012629,T0005007,SNK004,2,2800,0,5600
L00012630,T0005007,BEV001,1,2500,0,2500
L00012631,T0005008,BEV001,1,2500,0,2500
L00012632,T0005008,RTE001,1,6500,200,6300
L00012633,T0005008,DES003,1,3600,0,3600
L00012634,T0005008,HOU002,1,2500,200,2300
L00012635,T0005008,SNK004,1,2900,300,2600
L00012636,T0005009,RTE002,1,7300,200,7100
L00012637,T0005010,DES003,2,3500,0,7000
L00012638,T0005010,HOU001,1,2700,0,2700
L00012639,T0005010,BEV002,1,1600,500,1100
L00012640,T0005011,RTE004,2,8600,300,16900
L00012641,T0005012,RTE001,2,6300,0,12600
L00012642,T0005012,HOU001,2,3000,0,6000
L00012643,T0005012,DES003,1,3500,0,3500
L00012644,T0005012,HOU002,2,2300,500,4100
L00012645,T0005012,SNK004,2,2600,0,5200
L00012646,T0005013,HOU002,1,2100,0,2100
L00012647,T0005013,DES002,2,5700,0,11400
L00012648,T0005013,HOU002,1,2100,200,1900
L00012649,T0005014,DES002,1,6000,300,5700
L00012650,T0005014,HOU002,1,2300,0,2300
L00012651,T0005014,HOU001,1,3100,0,3100
L00012652,T0005015,SNK004,1,2800,0,2800
L00012653,T0005015,DES003,1,3500,0,3500
L00012654,T0005016,RTE001,1,6700,0,6700
L00012655,T0005016,BEV001,1,2700,300,2400
L00012656,T0005017,BEV003,1,4300,300,4000
L00012657,T0005017,RTE003,1,4600,500,4100
L00012658,T0005017,SNK003,1,5200,0,5200
L00012659,T0005017,RTE002,1,7200,300,6900
L00012660,T0005017,RTE003,1,4800,0,4800
L00012661,T0005018,SNK002,1,4300,500,3800
L00012662,T0005018,HOU001,1,3000,500,2500
L00012663,T0005019,SNK001,1,4000,200,3800
L00012664,T0005020,SNK004,3,2900,300,8400
L00012665,T0005020,BEV002,1,1600,0,1600
L00012666,T0005021,SNK001,2,3900,300,7500
L00012667,T0005021,SNK001,1,3800,0,3800
L00012668,T0005022,RTE002,1,7400,500,6900
L00012669,T0005023,SNK002,1,4000,200,3800
L00012670,T0005024,BEV003,1,4300,0,4300
L00012671,T0005024,DES003,1,3700,0,3700
L00012672,T0005024,BEV003,1,4300,0,4300
L00012673,T0005025,BEV002,1,2000,500,1500
L00012674,T0005026,RTE003,1,4800,500,4300
L00012675,T0005026,RTE001,1,6300,200,6100
L00012676,T0005027,BEV002,2,1800,200,3400
L00012677,T0005027,RTE003,2,5000,0,10000
L00012678,T0005028,BEV004,2,2600,0,5200
L00012679,T0005028,SNK002,1,4200,0,4200
L00012680,T0005028,BEV001,1,2500,0,2500
L00012681,T0005029,DES003,1,3500,300,3200
L00012682,T0005029,BEV002,1,2000,0,2000
L00012683,T0005030,RTE003,1,4800,200,4600
L00012684,T0005030,SNK003,2,5000,0,10000
L00012685,T0005031,HOU001,1,2900,0,2900
L00012686,T0005031,BEV001,2,2500,0,5000
L00012687,T0005031,RTE002,1,7300,300,7000
L00012688,T0005031,HOU003,1,6900,0,6900
L00012689,T0005032,BEV001,1,2300,300,2000
L00012690,T0005032,BEV003,2,4000,0,8000
L00012691,T0005033,DES002,1,5900,300,5600
L00012692,T0005033,DES003,1,3500,300,3200
L00012693,T0005033,DES002,1,5900,200,5700
L00012694,T0005034,SNK001,1,3800,0,3800
L00012695,T0005034,BEV004,1,2800,500,2300
L00012696,T0005035,RTE003,2,4800,0,9600
L00012697,T0005035,DES002,1,5900,300,5600
L00012698,T0005036,HOU001,1,2700,200,2500
L00012699,T0005036,HOU001,2,2900,0,5800
L00012700,T0005036,HOU002,2,2400,300,4500
L00012701,T0005037,SNK001,2,3900,500,7300
L00012702,T0005038,HOU002,2,2500,0,5000
L00012703,T0005039,DES001,1,3200,200,3000
L00012704,T0005039,SNK001,2,3800,0,7600
L00012705,T0005040,SNK001,1,3800,500,3300
L00012706,T0005040,BEV001,2,2600,500,4700
L00012707,T0005040,HOU003,1,6900,500,6400
L00012708,T0005041,SNK001,2,3800,0,7600
L00012709,T0005041,HOU002,1,2500,0,2500
L00012710,T0005042,RTE001,1,6300,0,6300
L00012711,T0005042,DES001,2,3100,0,6200
L00012712,T0005043,DES002,2,6000,300,11700
L00012713,T0005043,RTE003,1,4800,300,4500
L00012714,T0005044,SNK002,2,4000,300,7700
L00012715,T0005044,DES003,2,3600,500,6700
L00012716,T0005045,DES002,1,5700,300,5400
L00012717,T0005045,SNK002,1,4200,0,4200
L00012718,T0005045,BEV004,2,2400,300,4500
L00012719,T0005045,DES003,3,3500,0,10500
L00012720,T0005046,BEV001,1,2600,0,2600
L00012721,T0005046,HOU001,2,3100,200,6000
L00012722,T0005047,HOU002,2,2300,0,4600
L00012723,T0005047,SNK004,2,3000,0,6000
L00012724,T0005048,BEV004,1,2600,0,2600
L00012725,T0005048,SNK001,1,3800,0,3800
L00012726,T0005049,BEV001,2,2500,0,5000
L00012727,T0005050,HOU003,1,6900,0,6900
L00012728,T0005051,SNK001,1,3800,0,3800
L00012729,T0005051,HOU003,1,6900,0,6900
L00012730,T0005052,RTE003,1,4800,0,4800
L00012731,T0005052,SNK001,2,3800,500,7100
L00012732,T0005053,RTE002,2,7000,0,14000
L00012733,T0005053,HOU003,2,7100,0,14200
L00012734,T0005054,RTE004,1,8600,500,8100
L00012735,T0005055,DES003,1,3600,0,3600
L00012736,T0005055,BEV002,2,1800,0,3600
L00012737,T0005055,BEV001,1,2500,0,2500
L00012738,T0005056,DES002,1,6000,300,5700
L00012739,T0005057,HOU003,1,6700,300,6400
L00012740,T0005057,BEV004,1,2800,0,2800
L00012741,T0005057,RTE001,2,6600,500,12700
L00012742,T0005057,SNK004,1,2600,200,2400
L00012743,T0005058,BEV004,3,2600,500,7300
L00012744,T0005059,SNK004,1,2800,0,2800
L00012745,T0005060,BEV002,1,1800,500,1300
L00012746,T0005060,BEV002,2,2000,500,3500
L00012747,T0005060,RTE004,1,8600,300,8300
L00012748,T0005060,BEV003,1,4200,0,4200
L00012749,T0005061,HOU001,1,2700,0,2700
L00012750,T0005061,RTE001,1,6300,500,5800
L00012751,T0005061,SNK001,1,3600,300,3300
L00012752,T0005061,DES001,2,3300,500,6100
L00012753,T0005061,BEV004,1,2600,500,2100
L00012754,T0005062,RTE004,1,8800,0,8800
L00012755,T0005062,BEV001,2,2500,0,5000
L00012756,T0005063,HOU002,1,2300,200,2100
L00012757,T0005063,RTE004,1,8700,200,8500
L00012758,T0005063,DES002,1,6000,0,6000
L00012759,T0005064,HOU002,1,2500,300,2200
L00012760,T0005064,HOU003,1,7000,500,6500
L00012761,T0005065,HOU002,1,2500,0,2500
L00012762,T0005065,DES002,1,6000,0,6000
L00012763,T0005065,RTE001,1,6300,0,6300
L00012764,T0005066,HOU002,2,2400,500,4300
L00012765,T0005066,RTE001,1,6700,0,6700
L00012766,T0005066,SNK001,1,3800,200,3600
L00012767,T0005066,DES001,1,2900,300,2600
L00012768,T0005067,HOU003,2,6900,500,13300
L00012769,T0005067,HOU001,1,3000,0,3000
L00012770,T0005067,HOU003,1,6700,0,6700
L00012771,T0005068,RTE001,1,6500,0,6500
L00012772,T0005068,SNK003,1,5400,200,5200
L00012773,T0005068,BEV001,1,2500,0,2500
L00012774,T0005068,SNK001,1,4000,0,4000
L00012775,T0005068,DES003,2,3500,0,7000
L00012776,T0005069,BEV004,2,2600,0,5200
L00012777,T0005070,HOU001,1,2700,300,2400
L00012778,T0005070,SNK001,1,3900,0,3900
L00012779,T0005070,HOU003,1,7100,200,6900
L00012780,T0005070,RTE003,2,4800,200,9400
L00012781,T0005070,RTE003,1,4800,0,4800
L00012782,T0005071,RTE004,1,8800,300,8500
L00012783,T0005072,HOU001,2,2900,0,5800
L00012784,T0005072,BEV004,2,2600,0,5200
L00012785,T0005072,BEV002,1,1600,0,1600
L00012786,T0005072,SNK003,1,5200,200,5000
L00012787,T0005073,RTE002,1,7300,500,6800
L00012788,T0005073,DES003,1,3500,0,3500
L00012789,T0005074,RTE004,1,8600,200,8400
L00012790,T0005074,SNK001,2,4000,200,7800
L00012791,T0005075,SNK002,1,4000,0,4000
L00012792,T0005076,SNK003,1,5200,300,4900
L00012793,T0005076,BEV001,1,2500,0,2500
L00012794,T0005077,SNK001,1,3800,0,3800
L00012795,T0005077,RTE001,1,6600,0,6600
L00012796,T0005077,HOU002,1,2300,0,2300
L00012797,T0005077,DES003,1,3500,0,3500
L00012798,T0005077,SNK002,1,4000,300,3700
L00012799,T0005078,BEV004,1,2700,0,2700
L00012800,T0005078,SNK002,3,4300,500,12400
L00012801,T0005079,RTE004,1,8600,0,8600
L00012802,T0005080,HOU002,1,2500,200,2300
L00012803,T0005080,SNK002,1,4300,0,4300
L00012804,T0005080,BEV003,2,4200,0,8400
L00012805,T0005080,BEV003,1,4200,500,3700
L00012806,T0005081,HOU002,1,2400,0,2400
L00012807,T0005081,BEV003,1,4300,0,4300
L00012808,T0005082,RTE002,2,7200,200,14200
L00012809,T0005083,HOU003,1,7000,0,7000
L00012810,T0005083,HOU003,1,6700,500,6200
L00012811,T0005083,BEV003,1,4200,0,4200
L00012812,T0005083,RTE003,1,4900,300,4600
L00012813,T0005084,SNK001,1,3800,0,3800
L00012814,T0005084,SNK003,1,5400,500,4900
L00012815,T0005085,SNK002,1,4400,0,4400
L00012816,T0005085,RTE004,2,8800,0,17600
L00012817,T0005086,BEV004,1,2800,200,2600
L00012818,T0005086,SNK003,1,5200,0,5200
L00012819,T0005087,DES002,1,5900,0,5900
L00012820,T0005088,SNK004,1,2600,0,2600
L00012821,T0005089,RTE001,1,6500,300,6200
L00012822,T0005089,SNK002,1,4200,200,4000
L00012823,T0005090,DES001,1,2900,500,2400
L00012824,T0005091,DES002,1,5900,0,5900
L00012825,T0005091,SNK002,1,4000,200,3800
L00012826,T0005091,HOU001,1,2900,0,2900
L00012827,T0005092,BEV004,2,2800,300,5300
L00012828,T0005092,HOU001,1,3100,0,3100
L00012829,T0005092,RTE001,1,6500,300,6200
L00012830,T0005092,RTE004,1,8600,500,8100
L00012831,T0005093,BEV002,2,1800,0,3600
L00012832,T0005093,SNK002,1,4200,0,4200
L00012833,T0005093,RTE001,1,6600,500,6100
L00012834,T0005094,DES001,1,3100,300,2800
L00012835,T0005094,RTE004,1,8700,0,8700
L00012836,T0005095,RTE003,3,4800,0,14400
L00012837,T0005096,SNK001,1,3900,500,3400
L00012838,T0005096,BEV002,3,1800,0,5400
L00012839,T0005097,RTE003,3,5000,0,15000
L00012840,T0005098,SNK004,1,2600,500,2100
L00012841,T0005099,BEV003,2,4300,300,8300
L00012842,T0005099,HOU002,1,2500,0,2500
L00012843,T0005100,SNK004,1,2800,300,2500
L00012844,T0005100,HOU001,2,2700,200,5200
L00012845,T0005100,BEV002,1,1600,200,1400
L00012846,T0005101,SNK004,1,2800,0,2800
L00012847,T0005102,SNK003,2,5200,0,10400
L00012848,T0005102,DES002,2,6000,0,12000
L00012849,T0005103,RTE001,2,6500,0,13000
L00012850,T0005103,RTE003,1,4800,0,4800
L00012851,T0005103,BEV003,3,4200,0,12600
L00012852,T0005104,RTE003,1,4800,200,4600
L00012853,T0005105,RTE003,1,5000,0,5000
L00012854,T0005105,HOU001,1,2700,0,2700
L00012855,T0005106,BEV004,1,2600,0,2600
L00012856,T0005106,BEV002,1,1800,200,1600
L00012857,T0005106,SNK003,1,5400,0,5400
L00012858,T0005106,RTE003,1,4600,500,4100
L00012859,T0005106,DES003,1,3300,300,3000
L00012860,T0005107,RTE001,1,6300,0,6300
L00012861,T0005107,BEV001,1,2600,0,2600
L00012862,T0005108,SNK003,1,5300,0,5300
L00012863,T0005109,BEV001,2,2500,0,5000
L00012864,T0005109,HOU002,1,2500,0,2500
L00012865,T0005110,DES001,2,2900,0,5800
L00012866,T0005110,BEV002,2,1800,0,3600
L00012867,T0005111,BEV004,1,2700,200,2500
L00012868,T0005111,RTE001,1,6700,0,6700
L00012869,T0005111,RTE002,1,7200,0,7200
L00012870,T0005112,BEV004,1,2600,500,2100
L00012871,T0005112,HOU003,1,6900,200,6700
L00012872,T0005113,RTE003,2,4600,0,9200
L00012873,T0005113,DES001,1,3100,0,3100
L00012874,T0005114,HOU001,1,2700,200,2500
L00012875,T0005114,DES003,1,3300,300,3000
L00012876,T0005114,DES001,1,3100,500,2600
L00012877,T0005115,DES001,1,3100,500,2600
L00012878,T0005116,HOU003,1,6900,200,6700
L00012879,T0005116,RTE002,1,7200,500,6700
L00012880,T0005116,BEV004,1,2600,200,2400
L00012881,T0005117,SNK003,1,5200,500,4700
L00012882,T0005117,RTE001,3,6500,0,19500
L00012883,T0005117,RTE001,2,6500,200,12800
L00012884,T0005117,SNK004,1,2800,0,2800
L00012885,T0005118,HOU003,1,6700,0,6700
L00012886,T0005119,BEV002,1,1600,200,1400
L00012887,T0005119,DES003,1,3500,200,3300
L00012888,T0005119,HOU001,1,2700,200,2500
L00012889,T0005119,HOU001,1,2900,500,2400
L00012890,T0005120,HOU001,1,2900,500,2400
L00012891,T0005120,RTE003,1,4600,500,4100
L00012892,T0005120,DES001,1,3100,0,3100
L00012893,T0005121,SNK002,3,4000,300,11700
L00012894,T0005121,DES001,1,3100,0,3100
L00012895,T0005121,DES003,2,3300,300,6300
L00012896,T0005121,DES002,1,6100,200,5900
L00012897,T0005122,BEV004,1,2600,0,2600
L00012898,T0005122,HOU001,1,2700,0,2700
L00012899,T0005122,RTE004,1,8400,0,8400
L00012900,T0005123,HOU003,1,7000,300,6700
L00012901,T0005124,BEV002,1,1800,0,1800
L00012902,T0005124,BEV004,1,2600,0,2600
L00012903,T0005125,BEV004,1,2400,500,1900
L00012904,T0005125,HOU001,1,3000,500,2500
L00012905,T0005126,SNK001,1,3800,0,3800
L00012906,T0005126,DES003,2,3700,500,6900
L00012907,T0005126,BEV001,3,2500,0,7500
L00012908,T0005126,RTE002,2,7200,0,14400
L00012909,T0005126,DES001,1,3100,500,2600
L00012910,T0005127,HOU001,1,2700,300,2400
L00012911,T0005128,DES003,2,3500,0,7000
L00012912,T0005128,BEV001,1,2500,300,2200
L00012913,T0005129,RTE004,1,8400,200,8200
L00012914,T0005129,HOU003,1,6900,0,6900
