transaction_id,transaction_ts,sales_date,branch_id,customer_id,payment_method,basket_amount
T0000001,2025-01-01 10:34:15,2025-01-01,B02,C0086,cash,7200
T0000002,2025-01-01 18:31:46,2025-01-01,B01,C0026,wallet,14300
T0000003,2025-01-01 11:05:56,2025-01-01,B02,C0039,card,4800
T0000004,2025-01-01 07:02:00,2025-01-01,B05,,card,18700
T0000005,2025-01-01 07:44:34,2025-01-01,B04,C0055,wallet,19800
T0000006,2025-01-01 13:17:11,2025-01-01,B05,C0032,cash,17000
T0000007,2025-01-01 14:48:19,2025-01-01,B01,,cash,10100
T0000008,2025-01-01 20:58:35,2025-01-01,B05,C0089,cash,16900
T0000009,2025-01-01 07:42:28,2025-01-01,B03,C0068,wallet,7600
T0000010,2025-01-01 08:21:19,2025-01-01,B05,C0077,cash,18100
T0000011,2025-01-01 21:07:45,2025-01-01,B02,C0089,cash,13100
T0000012,2025-01-01 21:58:24,2025-01-01,B06,C0005,wallet,3300
T0000013,2025-01-01 18:34:23,2025-01-01,B04,,cash,2700
T0000014,2025-01-01 10:40:12,2025-01-01,B03,C0062,cash,17600
T0000015,2025-01-01 10:48:04,2025-01-01,B03,C0058,wallet,12800
T0000016,2025-01-01 11:27:10,2025-01-01,B02,,cash,15600
T0000017,2025-01-01 12:17:28,2025-01-01,B06,C0065,wallet,20200
T0000018,2025-01-01 14:43:06,2025-01-01,B04,C0079,card,11900
T0000019,2025-01-01 22:47:03,2025-01-01,B04,C0006,card,13600
T0000020,2025-01-01 18:45:25,2025-01-01,B01,C0090,cash,12000
T0000021,2025-01-01 21:40:25,2025-01-01,B01,C0018,wallet,10500
T0000022,2025-01-01 07:05:12,2025-01-01,B01,,wallet,36600
T0000023,2025-01-01 12:10:00,2025-01-01,B03,,wallet,17200
T0000024,2025-01-01 16:43:09,2025-01-01,B01,C0088,wallet,17800
T0000025,2025-01-01 16:09:58,2025-01-01,B01,C0052,wallet,3100
T0000026,2025-01-01 17:34:30,2025-01-01,B04,C0107,card,13700
T0000027,2025-01-01 09:46:35,2025-01-01,B05,C0098,wallet,15000
T0000028,2025-01-01 17:28:19,2025-01-01,B04,C0064,cash,23700
T0000029,2025-01-01 12:00:57,2025-01-01,B03,C0040,card,26100
T0000030,2025-01-01 15:31:45,2025-01-01,B03,,wallet,23800
T0000031,2025-01-01 20:40:11,2025-01-01,B02,C0093,cash,9100
T0000032,2025-01-01 12:09:51,2025-01-01,B03,,cash,43400
T0000033,2025-01-01 20:09:54,2025-01-01,B01,C0040,cash,15200
T0000034,2025-01-01 11:30:26,2025-01-01,B06,C0046,card,6000
T0000035,2025-01-01 11:54:49,2025-01-01,B05,C0039,card,4600
T0000036,2025-01-01 14:31:52,2025-01-01,B06,C0006,cash,14500
T0000037,2025-01-01 12:06:53,2025-01-01,B05,C0112,card,14000
T0000038,2025-01-01 11:30:14,2025-01-01,B04,C0080,card,15600
T0000039,2025-01-01 17:26:35,2025-01-01,B03,C0038,cash,12400
T0000040,2025-01-01 14:23:30,2025-01-01,B06,,card,5400
T0000041,2025-01-01 15:55:19,2025-01-01,B03,C0002,cash,2700
T0000042,2025-01-01 20:34:12,2025-01-01,B05,,wallet,2700
T0000043,2025-01-01 07:39:14,2025-01-01,B06,C0052,wallet,9300
T0000044,2025-01-01 12:33:09,2025-01-01,B06,,cash,28000
T0000045,2025-01-01 15:29:12,2025-01-01,B04,,card,11700
T0000046,2025-01-01 19:37:24,2025-01-01,B04,C0005,cash,5600
T0000047,2025-01-01 16:10:17,2025-01-01,B02,C0117,card,11200
T0000048,2025-01-01 13:54:30,2025-01-01,B05,C0093,cash,20800
T0000049,2025-01-01 20:30:37,2025-01-01,B05,,cash,24600
T0000050,2025-01-01 22:55:05,2025-01-01,B06,C0024,cash,17500
T0000051,2025-01-01 09:14:54,2025-01-01,B04,C0059,cash,11700
T0000052,2025-01-02 14:11:45,2025-01-02,B02,C0049,cash,14400
T0000053,2025-01-02 08:40:01,2025-01-02,B02,C0010,cash,5200
T0000054,2025-01-02 08:52:26,2025-01-02,B01,C0055,card,2900
T0000055,2025-01-02 18:09:45,2025-01-02,B02,C0038,cash,2800
T0000056,2025-01-02 07:48:35,2025-01-02,B05,C0099,cash,4600
T0000057,2025-01-02 17:58:47,2025-01-02,B01,C0099,cash,1800
T0000058,2025-01-02 09:44:29,2025-01-02,B06,C0067,wallet,9500
T0000059,2025-01-02 16:49:54,2025-01-02,B05,C0068,cash,6300
T0000060,2025-01-02 14:11:26,2025-01-02,B01,C0098,cash,5100
T0000061,2025-01-02 14:09:37,2025-01-02,B05,,card,16600
T0000062,2025-01-02 18:47:52,2025-01-02,B01,C0057,card,8500
T0000063,2025-01-02 12:19:39,2025-01-02,B05,C0117,wallet,29300
T0000064,2025-01-02 21:21:41,2025-01-02,B01,C0033,wallet,6700
T0000065,2025-01-02 19:36:27,2025-01-02,B01,C0118,wallet,13400
T0000066,2025-01-02 12:19:46,2025-01-02,B02,,wallet,4000
T0000067,2025-01-02 11:08:25,2025-01-02,B05,,card,10600
T0000068,2025-01-02 20:33:23,2025-01-02,B06,C0005,cash,8400
T0000069,2025-01-02 08:30:30,2025-01-02,B01,C0108,wallet,28700
T0000070,2025-01-02 13:48:05,2025-01-02,B01,C0094,wallet,14500
T0000071,2025-01-02 14:57:42,2025-01-02,B02,C0060,card,4100
T0000072,2025-01-02 13:50:25,2025-01-02,B03,C0004,card,13400
T0000073,2025-01-02 19:12:39,2025-01-02,B01,C0117,wallet,12400
T0000074,2025-01-02 11:07:51,2025-01-02,B06,C0023,wallet,9700
T0000075,2025-01-02 12:01:49,2025-01-02,B02,C0032,card,13200
T0000076,2025-01-02 22:57:46,2025-01-02,B02,,card,4600
T0000077,2025-01-02 19:57:14,2025-01-02,B01,C0026,wallet,10000
T0000078,2025-01-02 07:17:44,2025-01-02,B02,,card,10000
T0000079,2025-01-02 14:41:16,2025-01-02,B04,C0103,wallet,11700
T0000080,2025-01-02 18:21:41,2025-01-02,B01,C0095,wallet,9400
T0000081,2025-01-02 21:46:22,2025-01-02,B01,C0028,cash,21500
T0000082,2025-01-02 13:34:41,2025-01-02,B04,C0008,cash,8000
T0000083,2025-01-02 18:18:04,2025-01-02,B01,,cash,27900
T0000084,2025-01-02 14:10:24,2025-01-02,B02,,wallet,12600
T0000085,2025-01-02 18:50:12,2025-01-02,B03,,wallet,18000
T0000086,2025-01-02 21:08:10,2025-01-02,B05,,wallet,10600
T0000087,2025-01-02 07:38:46,2025-01-02,B02,C0055,cash,7400
T0000088,2025-01-02 21:40:55,2025-01-02,B03,C0071,card,19800
T0000089,2025-01-02 10:39:44,2025-01-02,B05,C0101,cash,6000
T0000090,2025-01-02 16:27:47,2025-01-02,B03,C0029,cash,8000
T0000091,2025-01-02 17:42:51,2025-01-02,B05,C0097,cash,4000
T0000092,2025-01-02 09:02:26,2025-01-02,B01,,wallet,5400
T0000093,2025-01-02 22:30:43,2025-01-02,B06,C0013,cash,18500
T0000094,2025-01-02 10:30:50,2025-01-02,B05,C0074,cash,8400
T0000095,2025-01-02 12:45:12,2025-01-02,B01,C0115,cash,10900
T0000096,2025-01-02 17:22:46,2025-01-02,B03,C0087,cash,16200
T0000097,2025-01-02 07:27:50,2025-01-02,B06,C0045,wallet,5700
T0000098,2025-01-02 21:12:33,2025-01-02,B02,C0085,wallet,21100
T0000099,2025-01-02 08:45:18,2025-01-02,B04,C0031,wallet,5600
T0000100,2025-01-02 13:22:50,2025-01-02,B05,C0067,cash,3200
T0000101,2025-01-02 13:58:52,2025-01-02,B01,C0007,cash,12400
T0000102,2025-01-02 21:32:16,2025-01-02,B03,C0020,cash,14800
T0000103,2025-01-02 08:30:08,2025-01-02,B03,C0012,cash,5900
T0000104,2025-01-02 09:37:42,2025-01-02,B04,C0081,cash,13900
T0000105,2025-01-03 15:52:15,2025-01-03,B05,C0022,wallet,18400
T0000106,2025-01-03 17:41:02,2025-01-03,B03,C0045,cash,2800
T0000107,2025-01-03 09:45:54,2025-01-03,B01,C0114,card,11300
T0000108,2025-01-03 14:55:28,2025-01-03,B03,C0112,card,7300
T0000109,2025-01-03 08:47:19,2025-01-03,B05,C0068,wallet,14100
T0000110,2025-01-03 16:16:05,2025-01-03,B04,C0071,cash,17000
T0000111,2025-01-03 11:59:19,2025-01-03,B03,C0035,wallet,6200
T0000112,2025-01-03 18:51:02,2025-01-03,B06,C0057,wallet,4200
T0000113,2025-01-03 08:15:47,2025-01-03,B03,C0074,card,25200
T0000114,2025-01-03 20:39:25,2025-01-03,B04,,card,14900
T0000115,2025-01-03 12:41:43,2025-01-03,B06,C0077,card,14100
T0000116,2025-01-03 20:59:02,2025-01-03,B04,C0044,card,13600
T0000117,2025-01-03 14:11:43,2025-01-03,B02,C0050,cash,24900
T0000118,2025-01-03 18:09:38,2025-01-03,B03,C0027,wallet,12700
T0000119,2025-01-03 16:31:34,2025-01-03,B02,C0053,wallet,7000
T0000120,2025-01-03 11:09:05,2025-01-03,B03,,wallet,4100
T0000121,2025-01-03 18:46:04,2025-01-03,B06,C0109,card,21200
T0000122,2025-01-03 21:52:44,2025-01-03,B05,C0012,wallet,17400
T0000123,2025-01-03 19:28:51,2025-01-03,B01,C0058,wallet,10700
T0000124,2025-01-03 08:44:19,2025-01-03,B02,C0061,cash,6700
T0000125,2025-01-03 19:35:38,2025-01-03,B02,,cash,6600
T0000126,2025-01-03 16:14:52,2025-01-03,B03,,cash,6700
T0000127,2025-01-03 07:34:18,2025-01-03,B02,C0004,wallet,5000
T0000128,2025-01-03 19:46:16,2025-01-03,B04,C0117,wallet,23600
T0000129,2025-01-03 18:02:12,2025-01-03,B01,,cash,8200
T0000130,2025-01-03 15:38:30,2025-01-03,B01,C0024,card,16300
T0000131,2025-01-03 09:18:56,2025-01-03,B03,C0004,wallet,2900
T0000132,2025-01-03 13:05:02,2025-01-03,B01,C0010,wallet,11200
T0000133,2025-01-03 14:37:49,2025-01-03,B05,C0113,cash,7300
T0000134,2025-01-03 07:00:29,2025-01-03,B06,,card,13300
T0000135,2025-01-03 09:45:20,2025-01-03,B03,C0090,card,4100
T0000136,2025-01-03 07:08:44,2025-01-03,B04,C0015,wallet,5900
T0000137,2025-01-03 19:34:19,2025-01-03,B06,,cash,23400
T0000138,2025-01-03 15:10:02,2025-01-03,B01,C0089,card,5700
T0000139,2025-01-03 07:57:19,2025-01-03,B04,C0010,cash,21900
T0000140,2025-01-03 13:07:11,2025-01-03,B03,C0038,wallet,9200
T0000141,2025-01-03 12:09:44,2025-01-03,B02,,wallet,24300
T0000142,2025-01-03 14:05:05,2025-01-03,B02,C0112,wallet,24100
T0000143,2025-01-03 22:02:28,2025-01-03,B02,C0001,card,3100
T0000144,2025-01-03 12:43:22,2025-01-03,B02,C0053,card,10700
T0000145,2025-01-03 10:12:25,2025-01-03,B01,,card,16100
T0000146,2025-01-03 19:16:46,2025-01-03,B01,C0109,wallet,10500
T0000147,2025-01-03 15:44:40,2025-01-03,B04,,cash,4800
T0000148,2025-01-03 07:04:58,2025-01-03,B03,C0002,cash,18500
T0000149,2025-01-03 13:43:24,2025-01-03,B01,C0019,wallet,31700
T0000150,2025-01-03 09:22:12,2025-01-03,B03,C0112,wallet,34300
T0000151,2025-01-03 08:36:23,2025-01-03,B06,C0052,card,12600
T0000152,2025-01-03 14:24:53,2025-01-03,B06,,cash,17000
T0000153,2025-01-03 14:04:26,2025-01-03,B05,C0050,cash,9400
T0000154,2025-01-03 14:02:57,2025-01-03,B05,,cash,7900
T0000155,2025-01-03 14:14:22,2025-01-03,B02,C0094,cash,21100
T0000156,2025-01-03 07:18:14,2025-01-03,B01,,card,19100
T0000157,2025-01-03 07:14:57,2025-01-03,B06,C0102,cash,8300
T0000158,2025-01-03 08:44:23,2025-01-03,B06,C0113,cash,7900
T0000159,2025-01-03 09:19:29,2025-01-03,B06,C0091,wallet,20400
T0000160,2025-01-03 20:56:59,2025-01-03,B03,C0089,cash,4900
T0000161,2025-01-03 09:05:41,2025-01-03,B03,,wallet,1800
T0000162,2025-01-03 11:20:14,2025-01-03,B04,C0094,card,11400
T0000163,2025-01-03 17:29:49,2025-01-03,B02,C0051,wallet,2800
T0000164,2025-01-03 16:47:39,2025-01-03,B04,C0115,card,19900
T0000165,2025-01-03 13:34:07,2025-01-03,B01,C0028,cash,18500
T0000166,2025-01-03 21:40:19,2025-01-03,B02,,cash,4800
T0000167,2025-01-03 13:17:29,2025-01-03,B04,C0048,card,24700
T0000168,2025-01-03 22:01:18,2025-01-03,B03,,wallet,27200
T0000169,2025-01-04 07:04:24,2025-01-04,B06,C0051,cash,11000
T0000170,2025-01-04 21:25:00,2025-01-04,B02,C0027,wallet,7500
T0000171,2025-01-04 16:13:20,2025-01-04,B03,C0103,card,5300
T0000172,2025-01-04 16:22:01,2025-01-04,B05,C0061,wallet,2000
T0000173,2025-01-04 18:20:55,2025-01-04,B06,C0022,wallet,23900
T0000174,2025-01-04 20:19:00,2025-01-04,B05,C0072,wallet,8100
T0000175,2025-01-04 07:58:51,2025-01-04,B01,C0065,wallet,21800
T0000176,2025-01-04 09:15:49,2025-01-04,B04,C0006,card,20700
T0000177,2025-01-04 20:26:19,2025-01-04,B02,C0046,wallet,9300
T0000178,2025-01-04 15:24:26,2025-01-04,B05,C0072,wallet,35800
T0000179,2025-01-04 16:08:42,2025-01-04,B06,,wallet,4500
T0000180,2025-01-04 18:29:06,2025-01-04,B03,C0063,card,12200
T0000181,2025-01-04 10:45:34,2025-01-04,B05,,wallet,26000
T0000182,2025-01-04 11:53:44,2025-01-04,B01,,card,8000
T0000183,2025-01-04 18:52:53,2025-01-04,B03,C0091,card,3000
T0000184,2025-01-04 22:29:50,2025-01-04,B04,C0046,cash,15800
T0000185,2025-01-04 16:57:34,2025-01-04,B02,C0006,wallet,12100
T0000186,2025-01-04 17:25:59,2025-01-04,B05,,card,3500
T0000187,2025-01-04 12:43:44,2025-01-04,B04,C0085,cash,11700
T0000188,2025-01-04 10:06:34,2025-01-04,B06,,wallet,6000
T0000189,2025-01-04 07:51:54,2025-01-04,B03,C0110,card,35200
T0000190,2025-01-04 12:22:35,2025-01-04,B05,C0119,card,15700
T0000191,2025-01-04 19:27:50,2025-01-04,B03,,cash,22300
T0000192,2025-01-04 12:17:46,2025-01-04,B01,C0003,wallet,23000
T0000193,2025-01-04 13:55:55,2025-01-04,B05,,card,7000
T0000194,2025-01-04 22:53:41,2025-01-04,B05,C0111,card,5600
T0000195,2025-01-04 11:18:29,2025-01-04,B03,C0006,card,5000
T0000196,2025-01-04 11:24:54,2025-01-04,B06,C0039,cash,3900
T0000197,2025-01-04 16:25:52,2025-01-04,B03,C0093,card,13200
T0000198,2025-01-04 10:37:24,2025-01-04,B02,,card,27400
T0000199,2025-01-04 14:40:24,2025-01-04,B01,C0048,card,8700
T0000200,2025-01-04 21:15:14,2025-01-04,B05,C0025,wallet,16000
T0000201,2025-01-04 15:49:17,2025-01-04,B03,C0055,cash,4800
T0000202,2025-01-04 18:05:39,2025-01-04,B04,C0091,cash,6600
T0000203,2025-01-04 11:56:00,2025-01-04,B04,,card,6900
T0000204,2025-01-04 11:23:47,2025-01-04,B06,C0001,cash,21100
T0000205,2025-01-04 16:19:14,2025-01-04,B02,C0109,wallet,2200
T0000206,2025-01-04 07:59:36,2025-01-04,B04,C0092,cash,13100
T0000207,2025-01-04 17:44:19,2025-01-04,B05,C0027,wallet,11900
T0000208,2025-01-04 10:00:27,2025-01-04,B02,C0044,card,6300
T0000209,2025-01-04 17:15:38,2025-01-04,B04,C0023,card,10400
T0000210,2025-01-04 15:20:13,2025-01-04,B06,C0050,wallet,9600
T0000211,2025-01-04 17:36:10,2025-01-04,B01,C0078,cash,1800
T0000212,2025-01-04 14:32:51,2025-01-04,B06,C0025,cash,14200
T0000213,2025-01-04 11:49:28,2025-01-04,B06,C0002,card,9500
T0000214,2025-01-04 16:39:02,2025-01-04,B06,C0039,cash,26400
T0000215,2025-01-04 15:07:38,2025-01-04,B06,,wallet,10000
T0000216,2025-01-04 17:36:20,2025-01-04,B02,C0068,cash,3500
T0000217,2025-01-04 14:52:45,2025-01-04,B04,C0084,cash,17400
T0000218,2025-01-04 21:29:06,2025-01-04,B05,C0034,card,27400
T0000219,2025-01-04 18:34:46,2025-01-04,B02,,wallet,12200
T0000220,2025-01-04 07:14:38,2025-01-04,B05,C0080,card,12400
T0000221,2025-01-04 19:37:30,2025-01-04,B05,C0034,wallet,14300
T0000222,2025-01-04 12:26:19,2025-01-04,B06,C0076,cash,6200
T0000223,2025-01-04 12:43:23,2025-01-04,B02,C0028,card,9000
T0000224,2025-01-04 17:36:08,2025-01-04,B01,C0089,card,20700
T0000225,2025-01-04 18:04:28,2025-01-04,B03,C0065,card,8000
T0000226,2025-01-04 11:01:53,2025-01-04,B06,C0026,cash,11100
T0000227,2025-01-04 14:12:40,2025-01-04,B02,C0050,card,20200
T0000228,2025-01-04 11:31:11,2025-01-04,B05,C0115,wallet,9300
T0000229,2025-01-04 18:35:47,2025-01-04,B05,,card,23500
T0000230,2025-01-04 08:44:51,2025-01-04,B05,C0102,card,13100
T0000231,2025-01-04 18:09:50,2025-01-04,B03,C0085,card,13000
T0000232,2025-01-04 17:07:42,2025-01-04,B02,C0085,card,11200
T0000233,2025-01-05 13:08:47,2025-01-05,B03,C0058,card,34500
T0000234,2025-01-05 11:22:32,2025-01-05,B05,C0101,card,9800
T0000235,2025-01-05 20:40:35,2025-01-05,B05,C0060,card,24200
T0000236,2025-01-05 14:20:59,2025-01-05,B04,,cash,8100
T0000237,2025-01-05 22:48:08,2025-01-05,B05,C0109,card,10700
T0000238,2025-01-05 18:57:16,2025-01-05,B01,C0041,cash,12800
T0000239,2025-01-05 16:00:01,2025-01-05,B04,C0026,cash,5300
T0000240,2025-01-05 11:06:29,2025-01-05,B06,C0099,wallet,2900
T0000241,2025-01-05 19:24:42,2025-01-05,B03,C0086,wallet,14600
T0000242,2025-01-05 07:57:13,2025-01-05,B04,C0027,card,11500
T0000243,2025-01-05 09:06:25,2025-01-05,B02,,card,5200
T0000244,2025-01-05 10:13:46,2025-01-05,B01,C0119,cash,5200
T0000245,2025-01-05 19:25:31,2025-01-05,B01,C0005,card,18600
T0000246,2025-01-05 14:54:59,2025-01-05,B03,C0026,wallet,30600
T0000247,2025-01-05 07:46:55,2025-01-05,B02,C0102,wallet,3000
T0000248,2025-01-05 15:20:47,2025-01-05,B04,C0046,card,24300
T0000249,2025-01-05 13:25:31,2025-01-05,B05,,cash,11900
T0000250,2025-01-05 19:47:23,2025-01-05,B02,C0102,cash,19100
T0000251,2025-01-05 20:34:29,2025-01-05,B04,C0069,cash,11500
T0000252,2025-01-05 22:35:21,2025-01-05,B05,C0115,wallet,19400
T0000253,2025-01-05 22:30:22,2025-01-05,B05,C0038,wallet,8900
T0000254,2025-01-05 15:06:50,2025-01-05,B01,C0089,card,23900
T0000255,2025-01-05 17:22:41,2025-01-05,B03,C0105,wallet,3800
T0000256,2025-01-05 18:09:38,2025-01-05,B02,C0083,card,3500
T0000257,2025-01-05 18:09:32,2025-01-05,B06,C0072,wallet,2900
T0000258,2025-01-05 16:32:31,2025-01-05,B04,C0105,cash,47000
T0000259,2025-01-05 11:10:08,2025-01-05,B01,C0085,card,32200
T0000260,2025-01-05 16:44:52,2025-01-05,B06,C0101,wallet,9800
T0000261,2025-01-05 13:29:31,2025-01-05,B05,C0076,wallet,2600
T0000262,2025-01-05 21:31:56,2025-01-05,B06,,cash,4800
T0000263,2025-01-05 07:08:56,2025-01-05,B03,C0075,card,39000
T0000264,2025-01-05 19:26:23,2025-01-05,B05,C0008,wallet,28200
T0000265,2025-01-05 07:14:52,2025-01-05,B03,C0082,cash,19200
T0000266,2025-01-05 19:30:52,2025-01-05,B04,C0108,card,32900
T0000267,2025-01-05 19:39:54,2025-01-05,B01,C0006,card,26900
T0000268,2025-01-05 07:48:45,2025-01-05,B01,C0050,cash,18300
T0000269,2025-01-05 14:49:35,2025-01-05,B01,C0005,wallet,5000
T0000270,2025-01-05 09:24:12,2025-01-05,B06,C0011,wallet,10400
T0000271,2025-01-05 11:06:44,2025-01-05,B01,C0087,card,4000
T0000272,2025-01-05 22:02:18,2025-01-05,B05,,card,5600
T0000273,2025-01-05 17:51:40,2025-01-05,B01,C0081,card,11100
T0000274,2025-01-05 07:19:27,2025-01-05,B02,C0009,card,22800
T0000275,2025-01-05 11:42:53,2025-01-05,B01,,wallet,16600
T0000276,2025-01-05 07:05:59,2025-01-05,B03,C0056,cash,25500
T0000277,2025-01-05 08:52:30,2025-01-05,B01,C0109,wallet,14800
T0000278,2025-01-05 12:35:12,2025-01-05,B01,C0110,card,20100
T0000279,2025-01-05 21:38:23,2025-01-05,B01,C0045,wallet,17000
T0000280,2025-01-05 09:26:07,2025-01-05,B04,,card,5200
T0000281,2025-01-05 15:51:14,2025-01-05,B06,C0067,wallet,17400
T0000282,2025-01-05 17:00:48,2025-01-05,B01,C0057,card,7000
T0000283,2025-01-05 18:50:34,2025-01-05,B01,C0029,cash,2400
T0000284,2025-01-05 08:52:33,2025-01-05,B05,C0090,card,5400
T0000285,2025-01-05 22:19:36,2025-01-05,B05,C0009,cash,4300
T0000286,2025-01-05 16:35:07,2025-01-05,B03,C0092,wallet,6500
T0000287,2025-01-05 20:34:36,2025-01-05,B05,C0061,cash,9100
T0000288,2025-01-05 09:36:02,2025-01-05,B01,C0114,card,8600
T0000289,2025-01-05 19:37:07,2025-01-05,B03,C0018,wallet,11700
T0000290,2025-01-05 17:03:49,2025-01-05,B06,C0079,wallet,30400
T0000291,2025-01-05 22:17:44,2025-01-05,B01,,wallet,9500
T0000292,2025-01-05 12:59:33,2025-01-05,B03,C0108,wallet,8900
T0000293,2025-01-05 08:50:05,2025-01-05,B05,,cash,4800
T0000294,2025-01-05 11:47:51,2025-01-05,B03,C0037,wallet,8800
T0000295,2025-01-06 18:35:52,2025-01-06,B05,C0055,wallet,12000
T0000296,2025-01-06 07:40:36,2025-01-06,B03,,wallet,53500
T0000297,2025-01-06 13:57:27,2025-01-06,B06,C0033,card,9500
T0000298,2025-01-06 07:31:42,2025-01-06,B01,C0008,card,9300
T0000299,2025-01-06 21:13:47,2025-01-06,B03,C0024,card,30000
T0000300,2025-01-06 10:40:49,2025-01-06,B01,C0120,card,7800
T0000301,2025-01-06 19:37:42,2025-01-06,B05,,wallet,8400
T0000302,2025-01-06 08:59:32,2025-01-06,B06,C0034,wallet,12900
T0000303,2025-01-06 21:01:53,2025-01-06,B03,C0077,card,5200
T0000304,2025-01-06 09:15:56,2025-01-06,B05,,wallet,15900
T0000305,2025-01-06 22:21:36,2025-01-06,B05,C0001,wallet,7300
T0000306,2025-01-06 20:44:59,2025-01-06,B02,C0044,cash,8800
T0000307,2025-01-06 13:01:09,2025-01-06,B06,C0083,card,6800
T0000308,2025-01-06 11:31:35,2025-01-06,B06,C0056,card,17600
T0000309,2025-01-06 07:40:46,2025-01-06,B04,C0111,cash,6600
T0000310,2025-01-06 22:34:59,2025-01-06,B01,C0021,wallet,5400
T0000311,2025-01-06 09:29:03,2025-01-06,B05,C0094,card,5600
T0000312,2025-01-06 21:17:24,2025-01-06,B04,C0037,wallet,1800
T0000313,2025-01-06 22:16:21,2025-01-06,B03,,card,8300
T0000314,2025-01-06 12:20:15,2025-01-06,B06,C0002,card,14000
T0000315,2025-01-06 18:52:24,2025-01-06,B03,C0104,card,13700
T0000316,2025-01-06 17:43:35,2025-01-06,B05,C0102,card,30600
T0000317,2025-01-06 17:41:33,2025-01-06,B03,C0013,wallet,25700
T0000318,2025-01-06 08:54:11,2025-01-06,B05,C0066,cash,10300
T0000319,2025-01-06 15:48:45,2025-01-06,B01,C0090,cash,7200
T0000320,2025-01-06 16:34:21,2025-01-06,B01,C0074,cash,11200
T0000321,2025-01-06 15:31:48,2025-01-06,B01,C0111,cash,5000
T0000322,2025-01-06 10:20:34,2025-01-06,B01,C0043,wallet,28200
T0000323,2025-01-06 22:44:13,2025-01-06,B03,C0058,card,6700
T0000324,2025-01-06 22:31:49,2025-01-06,B06,C0068,wallet,2100
T0000325,2025-01-06 11:12:11,2025-01-06,B03,C0102,cash,2600
T0000326,2025-01-06 18:22:31,2025-01-06,B06,C0038,cash,9900
T0000327,2025-01-06 21:03:21,2025-01-06,B06,C0115,cash,8600
T0000328,2025-01-06 14:18:58,2025-01-06,B03,,card,6400
T0000329,2025-01-06 08:39:29,2025-01-06,B06,C0054,wallet,7900
T0000330,2025-01-06 19:12:14,2025-01-06,B05,C0042,card,26800
T0000331,2025-01-06 16:06:40,2025-01-06,B03,C0032,card,11100
T0000332,2025-01-06 14:46:45,2025-01-06,B03,C0037,card,27800
T0000333,2025-01-06 20:19:22,2025-01-06,B05,C0071,wallet,28500
T0000334,2025-01-06 13:26:55,2025-01-06,B05,C0059,card,16800
T0000335,2025-01-06 20:20:41,2025-01-06,B05,C0076,cash,17200
T0000336,2025-01-06 20:33:49,2025-01-06,B03,C0075,card,32800
T0000337,2025-01-06 21:32:33,2025-01-06,B02,C0050,card,2400
T0000338,2025-01-06 09:35:58,2025-01-06,B02,C0041,cash,2900
T0000339,2025-01-06 19:18:53,2025-01-06,B04,C0067,cash,15200
T0000340,2025-01-07 13:06:26,2025-01-07,B02,C0057,wallet,12600
T0000341,2025-01-07 08:12:18,2025-01-07,B04,C0120,wallet,21500
T0000342,2025-01-07 14:21:38,2025-01-07,B05,C0110,cash,23500
T0000343,2025-01-07 18:06:21,2025-01-07,B03,C0073,wallet,4900
T0000344,2025-01-07 07:49:35,2025-01-07,B03,C0054,wallet,10500
T0000345,2025-01-07 09:40:58,2025-01-07,B01,C0024,cash,16500
T0000346,2025-01-07 20:31:03,2025-01-07,B02,C0068,cash,6300
T0000347,2025-01-07 21:22:37,2025-01-07,B05,C0056,card,28400
T0000348,2025-01-07 11:43:14,2025-01-07,B03,C0091,wallet,2400
T0000349,2025-01-07 17:08:13,2025-01-07,B04,,wallet,3600
T0000350,2025-01-07 18:00:55,2025-01-07,B03,C0048,cash,19000
T0000351,2025-01-07 18:56:36,2025-01-07,B05,C0080,wallet,5000
T0000352,2025-01-07 12:08:27,2025-01-07,B04,C0050,cash,20800
T0000353,2025-01-07 18:59:03,2025-01-07,B04,C0075,wallet,7800
T0000354,2025-01-07 22:07:22,2025-01-07,B03,C0030,wallet,15700
T0000355,2025-01-07 21:02:39,2025-01-07,B02,C0080,card,19200
T0000356,2025-01-07 21:29:57,2025-01-07,B04,C0096,card,6900
T0000357,2025-01-07 17:27:11,2025-01-07,B02,C0046,card,14800
T0000358,2025-01-07 17:58:01,2025-01-07,B03,C0004,cash,51900
T0000359,2025-01-07 13:27:58,2025-01-07,B02,C0051,card,9100
T0000360,2025-01-07 22:53:59,2025-01-07,B06,C0047,cash,4400
T0000361,2025-01-07 15:28:36,2025-01-07,B05,,card,2100
T0000362,2025-01-07 21:56:30,2025-01-07,B03,C0086,card,2300
T0000363,2025-01-07 17:22:57,2025-01-07,B04,C0039,card,20900
T0000364,2025-01-07 22:33:46,2025-01-07,B03,C0021,cash,27000
T0000365,2025-01-07 12:04:31,2025-01-07,B03,C0044,cash,19800
T0000366,2025-01-07 15:14:26,2025-01-07,B04,,cash,11400
T0000367,2025-01-07 22:59:42,2025-01-07,B01,C0034,cash,19400
T0000368,2025-01-07 09:08:47,2025-01-07,B05,C0078,card,12800
T0000369,2025-01-07 15:34:40,2025-01-07,B04,C0005,card,16900
T0000370,2025-01-07 18:25:26,2025-01-07,B02,,card,5400
T0000371,2025-01-07 20:35:10,2025-01-07,B02,,wallet,16400
T0000372,2025-01-07 09:55:15,2025-01-07,B01,,wallet,23000
T0000373,2025-01-07 07:19:50,2025-01-07,B05,C0040,card,10100
T0000374,2025-01-07 09:55:47,2025-01-07,B03,C0001,cash,6700
T0000375,2025-01-07 09:02:14,2025-01-07,B03,,wallet,14900
T0000376,2025-01-07 09:20:34,2025-01-07,B06,C0118,wallet,7800
T0000377,2025-01-07 18:33:24,2025-01-07,B02,C0109,card,4200
T0000378,2025-01-07 18:50:43,2025-01-07,B06,,cash,7300
T0000379,2025-01-07 19:56:47,2025-01-07,B03,C0030,cash,17500
T0000380,2025-01-07 09:53:33,2025-01-07,B05,,wallet,24700
T0000381,2025-01-07 18:19:37,2025-01-07,B06,,wallet,4800
T0000382,2025-01-07 22:44:13,2025-01-07,B03,C0093,card,4500
T0000383,2025-01-07 11:25:13,2025-01-07,B06,C0003,card,5900
T0000384,2025-01-07 07:12:59,2025-01-07,B03,C0109,wallet,25900
T0000385,2025-01-07 21:37:36,2025-01-07,B01,,wallet,14600
T0000386,2025-01-07 12:42:17,2025-01-07,B06,C0011,card,31700
T0000387,2025-01-07 17:41:56,2025-01-07,B05,C0053,wallet,2000
T0000388,2025-01-07 11:14:20,2025-01-07,B06,C0008,cash,7600
T0000389,2025-01-07 07:45:56,2025-01-07,B04,C0118,wallet,7600
T0000390,2025-01-07 17:04:30,2025-01-07,B03,C0104,wallet,11200
T0000391,2025-01-07 16:14:59,2025-01-07,B02,C0066,cash,20200
T0000392,2025-01-07 11:24:52,2025-01-07,B06,,card,9700
T0000393,2025-01-07 19:12:49,2025-01-07,B05,C0001,cash,19700
T0000394,2025-01-07 08:33:28,2025-01-07,B05,C0067,wallet,7900
T0000395,2025-01-07 08:18:31,2025-01-07,B06,,cash,6900
T0000396,2025-01-07 12:34:59,2025-01-07,B03,C0045,wallet,9200
T0000397,2025-01-07 08:03:33,2025-01-07,B05,C0017,wallet,14800
T0000398,2025-01-07 20:51:59,2025-01-07,B06,C0021,card,36400
T0000399,2025-01-07 19:14:14,2025-01-07,B05,C0038,wallet,12700
T0000400,2025-01-07 17:59:47,2025-01-07,B06,C0029,card,21100
T0000401,2025-01-08 15:39:16,2025-01-08,B03,C0074,card,8900
T0000402,2025-01-08 22:15:02,2025-01-08,B05,C0109,wallet,12100
T0000403,2025-01-08 15:36:55,2025-01-08,B05,C0089,card,4800
T0000404,2025-01-08 12:22:01,2025-01-08,B01,C0003,wallet,15800
T0000405,2025-01-08 22:25:58,2025-01-08,B06,C0015,wallet,18900
T0000406,2025-01-08 11:26:13,2025-01-08,B05,,cash,18200
T0000407,2025-01-08 12:12:12,2025-01-08,B05,C0110,card,6600
T0000408,2025-01-08 19:59:47,2025-01-08,B01,C0020,cash,3700
T0000409,2025-01-08 19:10:05,2025-01-08,B05,,card,14000
T0000410,2025-01-08 16:12:44,2025-01-08,B01,,cash,23800
T0000411,2025-01-08 21:19:37,2025-01-08,B01,C0119,card,8900
T0000412,2025-01-08 08:15:52,2025-01-08,B04,C0004,card,6700
T0000413,2025-01-08 17:14:35,2025-01-08,B05,C0003,card,14900
T0000414,2025-01-08 22:05:04,2025-01-08,B04,C0084,card,34600
T0000415,2025-01-08 21:20:08,2025-01-08,B03,C0067,wallet,5900
T0000416,2025-01-08 21:43:18,2025-01-08,B06,C0097,cash,25700
T0000417,2025-01-08 16:15:52,2025-01-08,B05,C0114,card,10600
T0000418,2025-01-08 11:31:11,2025-01-08,B01,C0092,cash,22900
T0000419,2025-01-08 10:41:32,2025-01-08,B02,,card,29000
T0000420,2025-01-08 18:58:56,2025-01-08,B03,C0055,cash,16100
T0000421,2025-01-08 09:42:31,2025-01-08,B02,C0023,cash,2600
T0000422,2025-01-08 07:13:12,2025-01-08,B02,C0016,card,32500
T0000423,2025-01-08 15:52:10,2025-01-08,B06,C0005,card,9000
T0000424,2025-01-08 13:31:31,2025-01-08,B02,C0088,cash,23600
T0000425,2025-01-08 21:28:06,2025-01-08,B06,C0085,wallet,3700
T0000426,2025-01-08 20:02:31,2025-01-08,B03,C0001,wallet,8400
T0000427,2025-01-08 09:43:13,2025-01-08,B02,C0100,cash,7300
T0000428,2025-01-08 21:16:34,2025-01-08,B02,C0076,cash,2300
T0000429,2025-01-08 21:35:21,2025-01-08,B05,C0033,wallet,19100
T0000430,2025-01-08 11:25:52,2025-01-08,B03,C0082,card,18800
T0000431,2025-01-08 20:15:06,2025-01-08,B06,C0032,cash,10100
T0000432,2025-01-08 18:16:40,2025-01-08,B01,C0016,wallet,5300
T0000433,2025-01-08 15:19:17,2025-01-08,B06,C0110,wallet,6500
T0000434,2025-01-08 16:20:46,2025-01-08,B01,C0007,wallet,7300
T0000435,2025-01-08 14:09:44,2025-01-08,B05,C0085,cash,20100
T0000436,2025-01-08 15:30:13,2025-01-08,B04,C0111,cash,16300
T0000437,2025-01-08 12:33:32,2025-01-08,B04,C0034,wallet,10600
T0000438,2025-01-08 14:44:50,2025-01-08,B04,C0004,wallet,20900
T0000439,2025-01-08 21:46:27,2025-01-08,B04,C0001,cash,2600
T0000440,2025-01-08 16:09:42,2025-01-08,B02,C0035,card,5900
T0000441,2025-01-08 17:16:08,2025-01-08,B01,C0119,cash,17400
T0000442,2025-01-08 12:27:44,2025-01-08,B06,,wallet,2700
T0000443,2025-01-08 15:12:08,2025-01-08,B02,C0040,wallet,15100
T0000444,2025-01-08 21:10:49,2025-01-08,B06,C0109,wallet,17300
T0000445,2025-01-09 12:51:04,2025-01-09,B04,C0061,card,12800
T0000446,2025-01-09 11:04:33,2025-01-09,B04,C0114,card,11300
T0000447,2025-01-09 18:18:19,2025-01-09,B04,C0047,card,8500
T0000448,2025-01-09 07:47:25,2025-01-09,B06,C0024,card,16600
T0000449,2025-01-09 13:18:42,2025-01-09,B05,,card,18900
T0000450,2025-01-09 16:16:05,2025-01-09,B02,C0057,wallet,12400
T0000451,2025-01-09 13:34:27,2025-01-09,B01,C0034,cash,2800
T0000452,2025-01-09 12:34:27,2025-01-09,B01,C0090,wallet,16800
T0000453,2025-01-09 14:41:01,2025-01-09,B03,,cash,2300
T0000454,2025-01-09 18:16:59,2025-01-09,B04,C0053,cash,14200
T0000455,2025-01-09 22:02:21,2025-01-09,B05,C0022,cash,6200
T0000456,2025-01-09 09:24:15,2025-01-09,B01,,wallet,5800
T0000457,2025-01-09 15:12:13,2025-01-09,B06,C0006,wallet,8400
T0000458,2025-01-09 17:42:19,2025-01-09,B04,C0065,card,23100
T0000459,2025-01-09 10:12:52,2025-01-09,B06,,card,20100
T0000460,2025-01-09 14:39:03,2025-01-09,B04,C0110,cash,14700
T0000461,2025-01-09 18:52:16,2025-01-09,B04,C0071,card,12900
T0000462,2025-01-09 13:19:54,2025-01-09,B03,C0116,cash,25700
T0000463,2025-01-09 19:15:25,2025-01-09,B04,C0084,wallet,37600
T0000464,2025-01-09 12:14:56,2025-01-09,B03,C0055,cash,14500
T0000465,2025-01-09 09:53:01,2025-01-09,B03,C0046,cash,5300
T0000466,2025-01-09 22:20:44,2025-01-09,B02,,cash,18000
T0000467,2025-01-09 22:49:08,2025-01-09,B01,C0115,card,10000
T0000468,2025-01-09 09:39:31,2025-01-09,B04,C0050,wallet,8600
T0000469,2025-01-09 08:14:33,2025-01-09,B03,C0103,wallet,27600
T0000470,2025-01-09 17:46:11,2025-01-09,B06,C0023,cash,11000
T0000471,2025-01-09 20:16:28,2025-01-09,B04,C0080,card,15300
T0000472,2025-01-09 12:54:36,2025-01-09,B04,C0063,cash,11600
T0000473,2025-01-09 14:28:26,2025-01-09,B01,C0118,card,1800
T0000474,2025-01-09 08:32:27,2025-01-09,B02,C0080,cash,4000
T0000475,2025-01-09 17:37:11,2025-01-09,B06,C0013,cash,4800
T0000476,2025-01-09 07:33:01,2025-01-09,B05,C0027,wallet,11800
T0000477,2025-01-09 22:43:58,2025-01-09,B06,,card,27600
T0000478,2025-01-09 10:38:41,2025-01-09,B02,,wallet,22500
T0000479,2025-01-09 07:20:02,2025-01-09,B03,C0042,cash,4900
T0000480,2025-01-09 08:05:27,2025-01-09,B04,C0074,cash,4100
T0000481,2025-01-09 16:57:01,2025-01-09,B03,C0101,cash,9800
T0000482,2025-01-09 15:19:41,2025-01-09,B04,C0010,card,2100
T0000483,2025-01-09 08:08:02,2025-01-09,B04,C0039,cash,6900
T0000484,2025-01-09 22:39:29,2025-01-09,B05,C0119,wallet,3300
T0000485,2025-01-09 09:49:04,2025-01-09,B04,,wallet,7300
T0000486,2025-01-09 19:34:11,2025-01-09,B05,C0005,wallet,13900
T0000487,2025-01-09 13:01:51,2025-01-09,B01,C0026,wallet,22500
T0000488,2025-01-09 12:26:39,2025-01-09,B01,C0100,cash,29600
T0000489,2025-01-09 15:24:28,2025-01-09,B02,C0085,wallet,21600
T0000490,2025-01-09 08:20:35,2025-01-09,B03,C0066,card,18200
T0000491,2025-01-09 15:32:40,2025-01-09,B05,C0036,cash,21100
T0000492,2025-01-09 17:14:48,2025-01-09,B02,C0019,cash,2500
T0000493,2025-01-09 08:23:40,2025-01-09,B05,C0042,wallet,8400
T0000494,2025-01-09 07:37:32,2025-01-09,B02,,cash,2500
T0000495,2025-01-09 15:41:24,2025-01-09,B03,,cash,5400
T0000496,2025-01-09 12:03:38,2025-01-09,B04,,cash,7800
T0000497,2025-01-09 12:27:00,2025-01-09,B05,C0028,wallet,10000
T0000498,2025-01-09 19:35:33,2025-01-09,B05,C0024,cash,17200
T0000499,2025-01-09 21:54:38,2025-01-09,B05,C0011,cash,5200
T0000500,2025-01-09 15:19:53,2025-01-09,B01,C0035,cash,34000
T0000501,2025-01-09 07:16:54,2025-01-09,B01,C0078,wallet,7200
T0000502,2025-01-09 19:32:07,2025-01-09,B02,,card,13200
T0000503,2025-01-09 16:34:40,2025-01-09,B02,,cash,3500
T0000504,2025-01-09 21:25:29,2025-01-09,B05,C0079,cash,28200
T0000505,2025-01-09 07:03:36,2025-01-09,B05,C0036,card,6500
T0000506,2025-01-09 20:32:41,2025-01-09,B06,C0073,wallet,8000
T0000507,2025-01-10 14:15:46,2025-01-10,B04,C0024,cash,10200
T0000508,2025-01-10 11:54:29,2025-01-10,B02,C0047,wallet,2200
T0000509,2025-01-10 12:25:22,2025-01-10,B06,C0007,cash,4800
T0000510,2025-01-10 14:55:29,2025-01-10,B05,,cash,4200
T0000511,2025-01-10 07:10:09,2025-01-10,B02,C0102,card,3100
T0000512,2025-01-10 18:23:44,2025-01-10,B05,C0081,cash,2700
T0000513,2025-01-10 08:34:14,2025-01-10,B06,C0070,cash,22900
T0000514,2025-01-10 09:47:26,2025-01-10,B01,C0058,cash,29200
T0000515,2025-01-10 21:19:53,2025-01-10,B05,C0004,cash,4800
T0000516,2025-01-10 22:58:51,2025-01-10,B03,,cash,5500
T0000517,2025-01-10 12:01:54,2025-01-10,B04,C0044,wallet,26700
T0000518,2025-01-10 21:30:13,2025-01-10,B05,,card,10800
T0000519,2025-01-10 09:47:18,2025-01-10,B01,,cash,12700
T0000520,2025-01-10 12:11:56,2025-01-10,B06,C0026,cash,9800
T0000521,2025-01-10 12:33:48,2025-01-10,B01,C0030,cash,37600
T0000522,2025-01-10 11:45:44,2025-01-10,B04,C0071,cash,2500
T0000523,2025-01-10 15:51:38,2025-01-10,B04,C0105,card,8300
T0000524,2025-01-10 07:38:58,2025-01-10,B06,C0107,cash,37900
T0000525,2025-01-10 09:35:27,2025-01-10,B01,C0092,card,22800
T0000526,2025-01-10 12:01:46,2025-01-10,B03,C0015,cash,15800
T0000527,2025-01-10 16:14:48,2025-01-10,B03,C0049,card,8900
T0000528,2025-01-10 21:26:47,2025-01-10,B01,C0076,wallet,10600
T0000529,2025-01-10 10:38:16,2025-01-10,B02,C0119,card,8400
T0000530,2025-01-10 15:27:20,2025-01-10,B06,,wallet,22200
T0000531,2025-01-10 21:50:46,2025-01-10,B03,C0010,wallet,25400
T0000532,2025-01-10 13:07:15,2025-01-10,B05,C0054,card,7300
T0000533,2025-01-10 20:18:13,2025-01-10,B05,,card,13800
T0000534,2025-01-10 19:10:54,2025-01-10,B05,,wallet,9500
T0000535,2025-01-10 13:02:03,2025-01-10,B02,C0054,wallet,14300
T0000536,2025-01-10 16:55:22,2025-01-10,B06,,wallet,3100
T0000537,2025-01-10 16:49:30,2025-01-10,B03,C0006,cash,9500
T0000538,2025-01-10 11:50:18,2025-01-10,B03,,cash,5400
T0000539,2025-01-10 22:04:39,2025-01-10,B04,C0013,card,17200
T0000540,2025-01-10 08:14:47,2025-01-10,B05,C0074,card,13000
T0000541,2025-01-10 13:02:05,2025-01-10,B03,,card,16200
T0000542,2025-01-10 07:10:42,2025-01-10,B06,C0079,card,4500
T0000543,2025-01-10 08:07:28,2025-01-10,B06,C0113,card,5700
T0000544,2025-01-10 11:13:47,2025-01-10,B05,C0014,cash,21000
T0000545,2025-01-10 19:18:23,2025-01-10,B02,C0089,card,9000
T0000546,2025-01-10 08:31:44,2025-01-10,B02,C0001,cash,7700
T0000547,2025-01-10 08:42:21,2025-01-10,B03,C0043,wallet,10800
T0000548,2025-01-10 21:54:58,2025-01-10,B01,C0089,cash,2000
T0000549,2025-01-10 17:46:40,2025-01-10,B01,C0087,wallet,21100
T0000550,2025-01-10 20:33:08,2025-01-10,B01,C0010,wallet,13100
T0000551,2025-01-10 11:29:11,2025-01-10,B02,C0012,wallet,32500
T0000552,2025-01-10 12:20:57,2025-01-10,B02,C0061,card,14400
T0000553,2025-01-10 18:00:48,2025-01-10,B03,C0025,card,2700
T0000554,2025-01-10 14:22:39,2025-01-10,B03,C0036,cash,3500
T0000555,2025-01-11 11:59:51,2025-01-11,B05,C0001,cash,6900
T0000556,2025-01-11 07:35:03,2025-01-11,B04,C0069,card,3600
T0000557,2025-01-11 17:15:02,2025-01-11,B01,C0048,wallet,25500
T0000558,2025-01-11 10:54:49,2025-01-11,B06,C0091,wallet,2700
T0000559,2025-01-11 10:52:05,2025-01-11,B02,,cash,38500
T0000560,2025-01-11 10:27:30,2025-01-11,B04,C0017,cash,18500
T0000561,2025-01-11 20:53:17,2025-01-11,B06,C0111,card,4800
T0000562,2025-01-11 19:47:51,2025-01-11,B03,C0035,card,10200
T0000563,2025-01-11 21:52:42,2025-01-11,B06,,cash,21100
T0000564,2025-01-11 08:14:55,2025-01-11,B01,C0045,card,17000
T0000565,2025-01-11 08:47:41,2025-01-11,B02,C0061,wallet,17100
T0000566,2025-01-11 16:11:39,2025-01-11,B04,C0044,card,2100
T0000567,2025-01-11 10:43:52,2025-01-11,B04,C0095,cash,6700
T0000568,2025-01-11 17:17:04,2025-01-11,B06,C0120,cash,5500
T0000569,2025-01-11 13:56:24,2025-01-11,B06,C0063,card,17000
T0000570,2025-01-11 14:08:46,2025-01-11,B01,C0002,card,4900
T0000571,2025-01-11 08:16:13,2025-01-11,B04,C0061,card,4500
T0000572,2025-01-11 12:25:31,2025-01-11,B01,C0094,card,10400
T0000573,2025-01-11 14:57:06,2025-01-11,B05,C0115,wallet,12600
T0000574,2025-01-11 09:38:17,2025-01-11,B01,C0052,cash,38800
T0000575,2025-01-11 15:04:39,2025-01-11,B01,C0035,cash,23000
T0000576,2025-01-11 17:39:00,2025-01-11,B04,,wallet,8800
T0000577,2025-01-11 22:01:20,2025-01-11,B01,C0066,cash,5700
T0000578,2025-01-11 20:34:02,2025-01-11,B06,,cash,6400
T0000579,2025-01-11 10:17:12,2025-01-11,B02,C0075,card,21300
T0000580,2025-01-11 11:19:12,2025-01-11,B01,C0053,cash,11300
T0000581,2025-01-11 15:55:51,2025-01-11,B02,C0091,cash,44200
T0000582,2025-01-11 16:38:19,2025-01-11,B05,,wallet,14400
T0000583,2025-01-11 22:23:01,2025-01-11,B06,C0010,wallet,48500
T0000584,2025-01-11 19:01:55,2025-01-11,B04,C0063,wallet,9500
T0000585,2025-01-11 17:37:46,2025-01-11,B04,,cash,13300
T0000586,2025-01-11 19:13:58,2025-01-11,B06,,wallet,17600
T0000587,2025-01-11 08:23:13,2025-01-11,B06,C0089,wallet,13900
T0000588,2025-01-11 14:29:38,2025-01-11,B04,C0062,cash,12300
T0000589,2025-01-11 08:25:51,2025-01-11,B04,C0029,wallet,24000
T0000590,2025-01-11 07:10:10,2025-01-11,B01,C0120,card,8400
T0000591,2025-01-11 12:24:29,2025-01-11,B03,C0005,cash,12100
T0000592,2025-01-11 18:55:59,2025-01-11,B06,C0022,wallet,6600
T0000593,2025-01-11 21:57:41,2025-01-11,B05,C0096,wallet,8400
T0000594,2025-01-11 07:09:10,2025-01-11,B03,C0064,wallet,22200
T0000595,2025-01-11 10:18:21,2025-01-11,B06,C0033,cash,9000
T0000596,2025-01-11 13:56:29,2025-01-11,B02,C0064,wallet,18900
T0000597,2025-01-11 22:33:55,2025-01-11,B03,C0080,wallet,24700
T0000598,2025-01-11 14:57:34,2025-01-11,B05,C0114,wallet,14700
T0000599,2025-01-11 21:31:17,2025-01-11,B05,C0042,card,13100
T0000600,2025-01-11 16:54:43,2025-01-11,B01,C0102,wallet,30500
T0000601,2025-01-11 13:46:54,2025-01-11,B01,C0095,cash,21700
T0000602,2025-01-11 09:05:57,2025-01-11,B05,C0007,cash,8700
T0000603,2025-01-11 13:04:50,2025-01-11,B05,C0045,wallet,19000
T0000604,2025-01-11 20:07:39,2025-01-11,B05,C0031,wallet,11200
T0000605,2025-01-11 22:43:50,2025-01-11,B03,C0069,cash,9100
T0000606,2025-01-11 07:53:11,2025-01-11,B01,C0087,cash,12800
T0000607,2025-01-11 10:23:07,2025-01-11,B06,C0029,wallet,5400
T0000608,2025-01-11 11:08:44,2025-01-11,B01,C0078,wallet,7800
T0000609,2025-01-11 19:42:03,2025-01-11,B05,,cash,14400
T0000610,2025-01-11 07:38:22,2025-01-11,B02,C0067,wallet,26400
T0000611,2025-01-11 15:22:44,2025-01-11,B03,C0017,wallet,28900
T0000612,2025-01-11 10:34:17,2025-01-11,B05,C0057,cash,5700
T0000613,2025-01-11 18:37:34,2025-01-11,B06,C0033,wallet,6300
T0000614,2025-01-11 21:14:02,2025-01-11,B02,,card,4300
T0000615,2025-01-11 07:14:56,2025-01-11,B03,C0069,wallet,8300
T0000616,2025-01-11 15:08:01,2025-01-11,B03,,cash,4800
T0000617,2025-01-11 22:20:21,2025-01-11,B03,C0036,cash,4100
T0000618,2025-01-11 16:03:00,2025-01-11,B01,C0043,cash,20700
T0000619,2025-01-11 12:35:52,2025-01-11,B05,,wallet,8900
T0000620,2025-01-11 14:33:25,2025-01-11,B05,C0090,cash,33600
T0000621,2025-01-11 14:04:00,2025-01-11,B02,C0039,card,14500
T0000622,2025-01-11 10:45:19,2025-01-11,B01,C0007,wallet,7600
T0000623,2025-01-11 07:14:37,2025-01-11,B06,C0038,wallet,20400
T0000624,2025-01-11 09:28:25,2025-01-11,B02,C0082,wallet,14900
T0000625,2025-01-11 15:46:49,2025-01-11,B06,C0007,wallet,8900
T0000626,2025-01-11 14:36:37,2025-01-11,B03,,card,10700
T0000627,2025-01-12 16:37:25,2025-01-12,B06,C0016,cash,16700
T0000628,2025-01-12 10:37:37,2025-01-12,B02,,cash,22600
T0000629,2025-01-12 18:59:34,2025-01-12,B03,C0038,cash,20800
T0000630,2025-01-12 17:01:27,2025-01-12,B04,C0108,wallet,6000
T0000631,2025-01-12 16:00:15,2025-01-12,B04,C0046,cash,4300
T0000632,2025-01-12 16:27:22,2025-01-12,B02,C0019,cash,9000
T0000633,2025-01-12 21:53:10,2025-01-12,B03,C0018,cash,4900
T0000634,2025-01-12 09:33:17,2025-01-12,B01,C0031,cash,1300
T0000635,2025-01-12 11:37:42,2025-01-12,B04,C0013,card,4100
T0000636,2025-01-12 19:09:20,2025-01-12,B01,C0093,wallet,3700
T0000637,2025-01-12 10:05:24,2025-01-12,B04,C0024,cash,16300
T0000638,2025-01-12 19:13:14,2025-01-12,B01,C0086,wallet,4800
T0000639,2025-01-12 08:08:53,2025-01-12,B05,C0106,card,6400
T0000640,2025-01-12 08:32:34,2025-01-12,B02,C0107,wallet,12400
T0000641,2025-01-12 14:45:38,2025-01-12,B04,,cash,8200
T0000642,2025-01-12 07:45:14,2025-01-12,B01,,wallet,9800
T0000643,2025-01-12 13:37:27,2025-01-12,B04,C0040,cash,10400
T0000644,2025-01-12 19:20:10,2025-01-12,B04,C0096,wallet,6900
T0000645,2025-01-12 10:24:31,2025-01-12,B06,C0045,card,22400
T0000646,2025-01-12 13:05:35,2025-01-12,B02,C0115,cash,2700
T0000647,2025-01-12 09:09:39,2025-01-12,B04,C0060,cash,10900
T0000648,2025-01-12 13:19:26,2025-01-12,B03,C0012,wallet,6500
T0000649,2025-01-12 16:05:02,2025-01-12,B03,C0018,cash,2600
T0000650,2025-01-12 08:56:49,2025-01-12,B06,C0082,cash,16200
T0000651,2025-01-12 16:19:59,2025-01-12,B02,C0087,wallet,6400
T0000652,2025-01-12 13:24:29,2025-01-12,B03,C0004,card,2200
T0000653,2025-01-12 16:56:44,2025-01-12,B03,C0117,wallet,13900
T0000654,2025-01-12 12:48:22,2025-01-12,B05,C0068,card,20700
T0000655,2025-01-12 14:15:58,2025-01-12,B04,C0058,wallet,12700
T0000656,2025-01-12 22:26:28,2025-01-12,B03,C0028,card,7900
T0000657,2025-01-12 22:57:14,2025-01-12,B01,,cash,9500
T0000658,2025-01-12 14:13:01,2025-01-12,B03,,cash,17800
T0000659,2025-01-12 13:04:19,2025-01-12,B06,C0107,wallet,11900
T0000660,2025-01-12 15:31:58,2025-01-12,B06,C0089,card,12000
T0000661,2025-01-12 13:58:03,2025-01-12,B05,C0119,wallet,8800
T0000662,2025-01-12 12:35:43,2025-01-12,B04,C0061,wallet,33300
T0000663,2025-01-12 13:54:30,2025-01-12,B05,C0116,cash,2900
T0000664,2025-01-12 09:36:20,2025-01-12,B06,C0015,card,19900
T0000665,2025-01-12 20:57:09,2025-01-12,B05,C0060,card,11300
T0000666,2025-01-12 18:44:02,2025-01-12,B02,C0092,card,12500
T0000667,2025-01-12 17:29:51,2025-01-12,B05,C0107,wallet,17200
T0000668,2025-01-12 21:49:06,2025-01-12,B01,C0040,wallet,18600
T0000669,2025-01-12 15:45:05,2025-01-12,B05,C0039,wallet,15000
T0000670,2025-01-12 20:21:57,2025-01-12,B05,,card,15900
T0000671,2025-01-12 08:38:32,2025-01-12,B01,C0017,cash,7100
T0000672,2025-01-12 11:46:18,2025-01-12,B06,C0106,cash,12400
T0000673,2025-01-12 07:04:12,2025-01-12,B01,C0057,wallet,5000
T0000674,2025-01-12 11:31:39,2025-01-12,B06,C0057,card,13700
T0000675,2025-01-12 11:34:43,2025-01-12,B03,C0023,card,4700
T0000676,2025-01-12 20:06:32,2025-01-12,B02,C0103,wallet,5700
T0000677,2025-01-12 11:50:49,2025-01-12,B02,,card,27700
T0000678,2025-01-12 07:23:51,2025-01-12,B03,C0028,card,6500
T0000679,2025-01-12 10:03:50,2025-01-12,B02,C0018,card,14200
T0000680,2025-01-12 08:51:28,2025-01-12,B03,C0017,wallet,13900
T0000681,2025-01-12 20:58:29,2025-01-12,B05,C0044,cash,12200
T0000682,2025-01-12 22:29:47,2025-01-12,B06,C0114,cash,22500
T0000683,2025-01-12 14:38:21,2025-01-12,B03,,card,21900
T0000684,2025-01-12 13:39:01,2025-01-12,B05,C0002,card,17000
T0000685,2025-01-12 15:55:49,2025-01-12,B01,C0101,card,5400
T0000686,2025-01-12 18:32:31,2025-01-12,B04,C0012,wallet,23700
T0000687,2025-01-12 21:27:18,2025-01-12,B01,C0056,wallet,5700
T0000688,2025-01-12 11:43:18,2025-01-12,B01,C0107,cash,5400
T0000689,2025-01-12 10:27:20,2025-01-12,B05,,cash,8100
T0000690,2025-01-12 12:31:01,2025-01-12,B03,C0039,card,7300
T0000691,2025-01-12 11:01:30,2025-01-12,B06,C0001,cash,7700
T0000692,2025-01-12 17:20:12,2025-01-12,B05,,wallet,16100
T0000693,2025-01-12 14:16:22,2025-01-12,B05,C0015,card,4700
T0000694,2025-01-12 21:09:20,2025-01-12,B05,C0089,card,16100
T0000695,2025-01-12 10:54:31,2025-01-12,B05,C0050,cash,17900
T0000696,2025-01-12 07:48:19,2025-01-12,B01,C0096,cash,19400
T0000697,2025-01-12 12:12:13,2025-01-12,B03,C0061,wallet,12900
T0000698,2025-01-12 20:46:45,2025-01-12,B04,C0031,card,30000
T0000699,2025-01-12 20:09:07,2025-01-12,B05,C0071,cash,32700
T0000700,2025-01-12 21:13:14,2025-01-12,B02,C0089,cash,22700
T0000701,2025-01-13 08:34:50,2025-01-13,B01,C0023,cash,14500
T0000702,2025-01-13 17:27:31,2025-01-13,B04,C0004,card,26900
T0000703,2025-01-13 09:40:49,2025-01-13,B01,,card,12400
T0000704,2025-01-13 08:16:48,2025-01-13,B02,C0084,cash,26700
T0000705,2025-01-13 15:02:35,2025-01-13,B03,C0064,card,2700
T0000706,2025-01-13 17:26:47,2025-01-13,B05,C0031,wallet,6500
T0000707,2025-01-13 22:37:37,2025-01-13,B05,C0029,card,1800
T0000708,2025-01-13 09:43:07,2025-01-13,B04,C0019,card,7500
T0000709,2025-01-13 22:20:39,2025-01-13,B05,C0062,cash,17000
T0000710,2025-01-13 16:18:54,2025-01-13,B02,C0098,card,26000
T0000711,2025-01-13 09:53:11,2025-01-13,B01,C0088,cash,5600
T0000712,2025-01-13 21:56:13,2025-01-13,B04,C0084,card,4700
T0000713,2025-01-13 08:36:03,2025-01-13,B06,C0120,cash,3900
T0000714,2025-01-13 12:56:09,2025-01-13,B05,C0065,cash,15100
T0000715,2025-01-13 14:04:26,2025-01-13,B03,C0054,wallet,18200
T0000716,2025-01-13 14:38:26,2025-01-13,B03,C0061,wallet,28600
T0000717,2025-01-13 11:57:41,2025-01-13,B06,C0068,card,11900
T0000718,2025-01-13 15:33:13,2025-01-13,B01,C0101,cash,10500
T0000719,2025-01-13 21:44:39,2025-01-13,B06,,cash,16100
T0000720,2025-01-13 14:11:28,2025-01-13,B04,C0112,card,3100
T0000721,2025-01-13 19:56:14,2025-01-13,B05,C0105,wallet,11600
T0000722,2025-01-13 22:35:09,2025-01-13,B01,C0018,card,10400
T0000723,2025-01-13 20:03:55,2025-01-13,B01,,wallet,10000
T0000724,2025-01-13 07:01:55,2025-01-13,B01,C0042,cash,12900
T0000725,2025-01-13 07:50:23,2025-01-13,B05,,wallet,4400
T0000726,2025-01-13 09:30:55,2025-01-13,B05,C0032,cash,23900
T0000727,2025-01-13 12:29:39,2025-01-13,B01,C0108,card,26100
T0000728,2025-01-13 13:35:14,2025-01-13,B05,C0019,card,20800
T0000729,2025-01-13 08:21:21,2025-01-13,B03,C0107,wallet,10400
T0000730,2025-01-13 22:03:23,2025-01-13,B04,C0086,card,6000
T0000731,2025-01-13 14:06:57,2025-01-13,B06,C0115,card,20800
T0000732,2025-01-13 19:33:07,2025-01-13,B02,C0105,card,12100
T0000733,2025-01-13 07:56:26,2025-01-13,B03,C0067,cash,6200
T0000734,2025-01-13 13:09:07,2025-01-13,B06,C0105,card,2400
T0000735,2025-01-13 21:13:49,2025-01-13,B04,C0039,cash,8100
T0000736,2025-01-13 22:23:39,2025-01-13,B02,C0072,cash,6300
T0000737,2025-01-13 17:57:39,2025-01-13,B06,C0067,card,5700
T0000738,2025-01-13 14:58:26,2025-01-13,B02,C0073,wallet,16900
T0000739,2025-01-13 10:12:30,2025-01-13,B05,C0071,card,1600
T0000740,2025-01-13 20:29:00,2025-01-13,B05,C0110,cash,11500
T0000741,2025-01-13 09:46:49,2025-01-13,B04,C0070,card,14600
T0000742,2025-01-13 10:12:08,2025-01-13,B03,C0061,wallet,8400
T0000743,2025-01-13 12:00:00,2025-01-13,B05,C0104,cash,8400
T0000744,2025-01-13 22:59:54,2025-01-13,B01,,card,12500
T0000745,2025-01-13 18:06:42,2025-01-13,B05,C0117,card,21700
T0000746,2025-01-13 19:54:06,2025-01-13,B04,C0029,wallet,17100
T0000747,2025-01-14 16:34:09,2025-01-14,B02,C0043,card,16400
T0000748,2025-01-14 11:30:10,2025-01-14,B01,C0039,wallet,3200
T0000749,2025-01-14 12:05:49,2025-01-14,B03,C0021,card,11500
T0000750,2025-01-14 19:50:11,2025-01-14,B06,C0063,card,8600
T0000751,2025-01-14 09:15:42,2025-01-14,B06,C0067,wallet,11500
T0000752,2025-01-14 07:38:27,2025-01-14,B03,C0098,wallet,8000
T0000753,2025-01-14 14:29:35,2025-01-14,B03,C0112,card,10700
T0000754,2025-01-14 07:41:10,2025-01-14,B06,C0060,wallet,10500
T0000755,2025-01-14 13:31:01,2025-01-14,B01,C0004,card,4900
T0000756,2025-01-14 21:19:57,2025-01-14,B02,C0103,wallet,31100
T0000757,2025-01-14 21:48:32,2025-01-14,B01,C0104,wallet,14100
T0000758,2025-01-14 14:54:30,2025-01-14,B02,,wallet,12500
T0000759,2025-01-14 15:34:00,2025-01-14,B03,C0076,wallet,34800
T0000760,2025-01-14 16:17:53,2025-01-14,B04,C0020,wallet,22200
T0000761,2025-01-14 08:13:09,2025-01-14,B04,C0063,cash,17100
T0000762,2025-01-14 07:42:24,2025-01-14,B01,,cash,13900
T0000763,2025-01-14 12:03:48,2025-01-14,B01,C0058,card,1700
T0000764,2025-01-14 12:29:17,2025-01-14,B05,C0008,card,34800
T0000765,2025-01-14 12:24:06,2025-01-14,B05,C0078,cash,4200
T0000766,2025-01-14 22:38:04,2025-01-14,B05,,cash,15100
T0000767,2025-01-14 14:03:30,2025-01-14,B04,C0116,wallet,18400
T0000768,2025-01-14 13:02:34,2025-01-14,B03,,card,22200
T0000769,2025-01-14 07:51:52,2025-01-14,B03,C0091,wallet,16800
T0000770,2025-01-14 19:44:01,2025-01-14,B06,C0012,card,7500
T0000771,2025-01-14 14:52:31,2025-01-14,B05,C0072,card,17800
T0000772,2025-01-14 22:54:41,2025-01-14,B01,C0086,wallet,11800
T0000773,2025-01-14 08:22:26,2025-01-14,B04,C0023,cash,31100
T0000774,2025-01-14 22:03:03,2025-01-14,B04,C0086,wallet,10400
T0000775,2025-01-14 13:50:01,2025-01-14,B02,C0095,cash,4800
T0000776,2025-01-14 21:47:46,2025-01-14,B06,C0112,cash,1900
T0000777,2025-01-14 11:20:38,2025-01-14,B02,C0095,wallet,12000
T0000778,2025-01-14 17:15:47,2025-01-14,B05,,cash,15400
T0000779,2025-01-14 22:10:12,2025-01-14,B03,,cash,18800
T0000780,2025-01-14 21:01:24,2025-01-14,B04,C0092,wallet,8400
T0000781,2025-01-14 10:12:53,2025-01-14,B05,C0005,cash,24800
T0000782,2025-01-14 16:40:36,2025-01-14,B06,,cash,9100
T0000783,2025-01-14 21:36:26,2025-01-14,B03,C0075,wallet,2500
T0000784,2025-01-14 17:40:31,2025-01-14,B06,C0108,card,25900
T0000785,2025-01-14 22:37:36,2025-01-14,B04,,cash,22500
T0000786,2025-01-14 16:16:47,2025-01-14,B05,C0032,wallet,16800
T0000787,2025-01-14 13:48:53,2025-01-14,B02,C0005,wallet,14700
T0000788,2025-01-14 09:17:00,2025-01-14,B05,,wallet,2300
T0000789,2025-01-14 12:56:31,2025-01-14,B05,C0109,card,19300
T0000790,2025-01-14 07:40:35,2025-01-14,B04,C0017,wallet,14500
T0000791,2025-01-14 10:31:30,2025-01-14,B01,C0087,cash,10500
T0000792,2025-01-14 18:40:33,2025-01-14,B01,C0029,wallet,16600
T0000793,2025-01-14 20:16:52,2025-01-14,B06,,cash,6100
T0000794,2025-01-14 20:47:28,2025-01-14,B03,C0040,card,27000
T0000795,2025-01-14 11:12:07,2025-01-14,B01,C0064,cash,19500
T0000796,2025-01-14 07:55:51,2025-01-14,B05,,wallet,20400
T0000797,2025-01-14 19:20:03,2025-01-14,B01,C0033,card,12300
T0000798,2025-01-14 22:49:59,2025-01-14,B05,C0102,cash,14500
T0000799,2025-01-14 17:00:17,2025-01-14,B03,C0055,cash,5000
T0000800,2025-01-15 21:33:41,2025-01-15,B01,C0009,wallet,25000
T0000801,2025-01-15 14:21:55,2025-01-15,B01,C0086,wallet,12200
T0000802,2025-01-15 13:40:34,2025-01-15,B02,C0004,wallet,25700
T0000803,2025-01-15 21:19:36,2025-01-15,B04,,card,2700
T0000804,2025-01-15 13:05:48,2025-01-15,B02,C0118,cash,26400
T0000805,2025-01-15 09:45:37,2025-01-15,B03,,card,7800
T0000806,2025-01-15 18:46:01,2025-01-15,B03,C0086,cash,7000
T0000807,2025-01-15 18:09:39,2025-01-15,B06,C0078,wallet,11400
T0000808,2025-01-15 08:07:40,2025-01-15,B01,C0026,cash,12400
T0000809,2025-01-15 15:05:37,2025-01-15,B04,C0039,cash,14700
T0000810,2025-01-15 10:28:03,2025-01-15,B04,,cash,7400
T0000811,2025-01-15 15:48:08,2025-01-15,B01,C0060,cash,7000
T0000812,2025-01-15 19:02:16,2025-01-15,B02,C0110,card,8100
T0000813,2025-01-15 20:38:20,2025-01-15,B02,C0067,cash,4900
T0000814,2025-01-15 12:25:59,2025-01-15,B03,C0061,card,12500
T0000815,2025-01-15 18:32:46,2025-01-15,B03,C0026,wallet,16300
T0000816,2025-01-15 09:26:53,2025-01-15,B03,C0100,card,15500
T0000817,2025-01-15 22:39:34,2025-01-15,B04,C0017,card,18800
T0000818,2025-01-15 14:55:56,2025-01-15,B06,C0037,card,24700
T0000819,2025-01-15 13:07:34,2025-01-15,B04,C0041,card,2300
T0000820,2025-01-15 19:02:54,2025-01-15,B02,C0107,wallet,18700
T0000821,2025-01-15 09:47:44,2025-01-15,B02,C0049,card,1700
T0000822,2025-01-15 19:21:30,2025-01-15,B03,C0105,wallet,10700
T0000823,2025-01-15 22:11:34,2025-01-15,B06,C0007,wallet,13100
T0000824,2025-01-15 21:20:06,2025-01-15,B05,C0119,cash,2200
T0000825,2025-01-15 07:16:39,2025-01-15,B01,C0009,card,15600
T0000826,2025-01-15 11:19:45,2025-01-15,B05,C0069,wallet,6700
T0000827,2025-01-15 22:33:19,2025-01-15,B02,C0060,wallet,19700
T0000828,2025-01-15 11:43:02,2025-01-15,B03,C0046,wallet,10500
T0000829,2025-01-15 21:08:06,2025-01-15,B03,C0114,card,13500
T0000830,2025-01-15 13:31:47,2025-01-15,B03,,wallet,5200
T0000831,2025-01-15 15:57:46,2025-01-15,B05,C0001,card,15000
T0000832,2025-01-15 19:57:56,2025-01-15,B04,C0070,wallet,22600
T0000833,2025-01-15 16:35:36,2025-01-15,B01,C0067,card,12400
T0000834,2025-01-15 12:28:11,2025-01-15,B04,C0096,card,13800
T0000835,2025-01-15 17:59:16,2025-01-15,B02,C0098,wallet,18100
T0000836,2025-01-15 16:09:45,2025-01-15,B05,C0058,wallet,21400
T0000837,2025-01-15 20:04:20,2025-01-15,B05,C0010,cash,6200
T0000838,2025-01-15 13:13:06,2025-01-15,B04,C0111,card,6500
T0000839,2025-01-15 22:39:32,2025-01-15,B02,C0018,card,8400
T0000840,2025-01-15 09:19:08,2025-01-15,B06,C0026,wallet,14600
T0000841,2025-01-15 11:36:27,2025-01-15,B04,,card,1800
T0000842,2025-01-15 10:57:03,2025-01-15,B03,,card,15900
T0000843,2025-01-15 09:29:23,2025-01-15,B03,C0100,cash,14400
T0000844,2025-01-15 14:27:12,2025-01-15,B01,C0032,wallet,39600
T0000845,2025-01-15 22:55:55,2025-01-15,B05,C0006,wallet,13100
T0000846,2025-01-15 13:16:37,2025-01-15,B06,C0075,card,4700
T0000847,2025-01-16 13:38:47,2025-01-16,B01,C0060,cash,25900
T0000848,2025-01-16 08:37:32,2025-01-16,B04,C0110,cash,10400
T0000849,2025-01-16 17:02:30,2025-01-16,B03,,cash,27400
T0000850,2025-01-16 14:05:14,2025-01-16,B01,,wallet,25600
T0000851,2025-01-16 07:07:17,2025-01-16,B02,,wallet,12600
T0000852,2025-01-16 20:48:25,2025-01-16,B04,C0092,card,20200
T0000853,2025-01-16 18:39:36,2025-01-16,B05,C0119,card,10000
T0000854,2025-01-16 14:52:55,2025-01-16,B04,,card,20700
T0000855,2025-01-16 21:27:23,2025-01-16,B03,C0031,wallet,9800
T0000856,2025-01-16 11:14:21,2025-01-16,B01,C0043,card,2500
T0000857,2025-01-16 22:22:58,2025-01-16,B04,C0112,card,11700
T0000858,2025-01-16 16:22:22,2025-01-16,B05,C0017,card,6600
T0000859,2025-01-16 14:50:29,2025-01-16,B03,C0034,cash,13200
T0000860,2025-01-16 08:11:26,2025-01-16,B02,,wallet,12300
T0000861,2025-01-16 19:38:12,2025-01-16,B01,C0017,card,13200
T0000862,2025-01-16 11:51:34,2025-01-16,B04,C0092,cash,9700
T0000863,2025-01-16 11:46:58,2025-01-16,B02,C0024,cash,9300
T0000864,2025-01-16 11:05:08,2025-01-16,B06,C0078,card,14700
T0000865,2025-01-16 09:28:29,2025-01-16,B01,C0075,card,11900
T0000866,2025-01-16 15:44:11,2025-01-16,B04,,cash,10800
T0000867,2025-01-16 14:35:08,2025-01-16,B03,C0064,card,5300
T0000868,2025-01-16 13:30:49,2025-01-16,B06,C0103,wallet,21500
T0000869,2025-01-16 09:23:44,2025-01-16,B02,C0034,wallet,10900
T0000870,2025-01-16 08:50:42,2025-01-16,B04,C0054,wallet,7400
T0000871,2025-01-16 16:46:01,2025-01-16,B04,C0051,wallet,14800
T0000872,2025-01-16 16:00:01,2025-01-16,B05,C0071,cash,1500
T0000873,2025-01-16 12:42:42,2025-01-16,B03,,card,5400
T0000874,2025-01-16 13:53:29,2025-01-16,B06,,cash,23300
T0000875,2025-01-16 13:14:19,2025-01-16,B02,C0120,card,8600
T0000876,2025-01-16 12:26:29,2025-01-16,B01,C0063,card,12500
T0000877,2025-01-16 19:51:23,2025-01-16,B05,,wallet,12000
T0000878,2025-01-16 09:31:27,2025-01-16,B03,,card,37000
T0000879,2025-01-16 12:25:36,2025-01-16,B03,C0019,cash,38100
T0000880,2025-01-16 12:07:40,2025-01-16,B05,C0008,card,4600
T0000881,2025-01-16 22:12:16,2025-01-16,B04,C0058,cash,9000
T0000882,2025-01-16 10:29:56,2025-01-16,B02,,card,15000
T0000883,2025-01-16 10:15:59,2025-01-16,B02,C0087,wallet,9100
T0000884,2025-01-16 11:43:23,2025-01-16,B03,,wallet,10400
T0000885,2025-01-16 15:15:29,2025-01-16,B06,C0106,cash,16300
T0000886,2025-01-16 12:03:57,2025-01-16,B04,,wallet,31100
T0000887,2025-01-16 08:49:06,2025-01-16,B05,C0070,card,24900
T0000888,2025-01-16 18:23:24,2025-01-16,B03,C0074,wallet,8800
T0000889,2025-01-16 08:41:16,2025-01-16,B05,C0096,cash,9300
T0000890,2025-01-16 22:00:16,2025-01-16,B04,C0016,card,12100
T0000891,2025-01-16 12:32:34,2025-01-16,B03,C0028,wallet,8700
T0000892,2025-01-16 10:46:28,2025-01-16,B04,C0053,wallet,3100
T0000893,2025-01-16 22:45:18,2025-01-16,B03,C0075,wallet,25900
T0000894,2025-01-16 22:01:04,2025-01-16,B05,C0039,card,13600
T0000895,2025-01-16 18:07:03,2025-01-16,B04,C0087,wallet,21100
T0000896,2025-01-16 20:09:01,2025-01-16,B03,C0048,cash,6800
T0000897,2025-01-16 20:20:27,2025-01-16,B04,C0035,wallet,12200
T0000898,2025-01-16 12:17:18,2025-01-16,B06,,card,5800
T0000899,2025-01-16 09:43:57,2025-01-16,B05,C0052,card,5600
T0000900,2025-01-16 19:41:07,2025-01-16,B04,C0108,card,10200
T0000901,2025-01-16 12:39:56,2025-01-16,B05,C0039,card,22500
T0000902,2025-01-16 11:50:26,2025-01-16,B01,C0086,wallet,9300
T0000903,2025-01-17 17:31:33,2025-01-17,B02,C0105,wallet,3500
T0000904,2025-01-17 22:16:48,2025-01-17,B02,C0055,card,8000
T0000905,2025-01-17 22:10:20,2025-01-17,B04,C0071,cash,17400
T0000906,2025-01-17 18:11:58,2025-01-17,B03,C0116,card,7500
T0000907,2025-01-17 18:19:19,2025-01-17,B04,C0079,wallet,12300
T0000908,2025-01-17 09:12:58,2025-01-17,B03,C0081,card,15400
T0000909,2025-01-17 17:39:25,2025-01-17,B01,,cash,35500
T0000910,2025-01-17 14:18:33,2025-01-17,B03,,card,17800
T0000911,2025-01-17 08:40:20,2025-01-17,B04,C0067,wallet,27400
T0000912,2025-01-17 20:06:32,2025-01-17,B05,C0042,cash,8900
T0000913,2025-01-17 21:21:02,2025-01-17,B05,C0110,wallet,15100
T0000914,2025-01-17 17:36:08,2025-01-17,B05,,cash,17900
T0000915,2025-01-17 19:32:52,2025-01-17,B01,C0099,cash,8600
T0000916,2025-01-17 11:15:47,2025-01-17,B04,C0095,cash,19600
T0000917,2025-01-17 14:45:13,2025-01-17,B04,C0044,card,7000
T0000918,2025-01-17 17:58:53,2025-01-17,B04,,cash,10900
T0000919,2025-01-17 16:06:45,2025-01-17,B01,C0001,cash,19300
T0000920,2025-01-17 15:53:32,2025-01-17,B06,,cash,10900
T0000921,2025-01-17 07:21:09,2025-01-17,B02,C0059,card,10600
T0000922,2025-01-17 07:51:35,2025-01-17,B01,C0058,cash,21400
T0000923,2025-01-17 21:19:00,2025-01-17,B04,C0023,wallet,21800
T0000924,2025-01-17 17:45:44,2025-01-17,B03,,card,6500
T0000925,2025-01-17 20:15:15,2025-01-17,B04,C0080,cash,21600
T0000926,2025-01-17 14:02:07,2025-01-17,B05,C0083,cash,41500
T0000927,2025-01-17 12:37:30,2025-01-17,B03,C0004,wallet,21000
T0000928,2025-01-17 13:57:35,2025-01-17,B01,C0098,card,26200
T0000929,2025-01-17 15:34:27,2025-01-17,B01,C0053,card,5700
T0000930,2025-01-17 09:12:36,2025-01-17,B06,,card,5200
T0000931,2025-01-17 17:42:37,2025-01-17,B04,,cash,3800
T0000932,2025-01-17 11:10:57,2025-01-17,B06,C0095,card,19500
T0000933,2025-01-17 10:01:03,2025-01-17,B03,,card,11000
T0000934,2025-01-17 22:13:31,2025-01-17,B02,C0115,cash,36900
T0000935,2025-01-17 08:46:45,2025-01-17,B05,C0094,cash,5000
T0000936,2025-01-17 14:15:58,2025-01-17,B02,C0105,cash,18400
T0000937,2025-01-17 20:21:42,2025-01-17,B04,,cash,11400
T0000938,2025-01-17 12:55:32,2025-01-17,B04,,wallet,10200
T0000939,2025-01-17 15:32:36,2025-01-17,B03,C0021,card,10100
T0000940,2025-01-17 12:57:31,2025-01-17,B05,,cash,10700
T0000941,2025-01-17 16:31:59,2025-01-17,B06,C0003,cash,47800
T0000942,2025-01-17 11:14:31,2025-01-17,B04,,card,8200
T0000943,2025-01-17 14:29:00,2025-01-17,B06,C0020,card,7500
T0000944,2025-01-17 08:43:55,2025-01-17,B01,,wallet,2500
T0000945,2025-01-17 09:33:05,2025-01-17,B05,C0063,wallet,24500
T0000946,2025-01-17 13:24:10,2025-01-17,B03,C0089,wallet,19000
T0000947,2025-01-17 08:35:24,2025-01-17,B04,,wallet,10600
T0000948,2025-01-17 14:59:08,2025-01-17,B06,C0032,card,5500
T0000949,2025-01-17 18:41:57,2025-01-17,B01,C0041,card,42100
T0000950,2025-01-17 15:44:02,2025-01-17,B02,C0090,wallet,19200
T0000951,2025-01-18 15:39:46,2025-01-18,B06,C0029,wallet,4400
T0000952,2025-01-18 10:25:51,2025-01-18,B06,C0029,card,11300
T0000953,2025-01-18 17:51:18,2025-01-18,B01,,card,30800
T0000954,2025-01-18 22:00:00,2025-01-18,B06,C0071,cash,19300
T0000955,2025-01-18 08:40:08,2025-01-18,B02,C0102,card,22300
T0000956,2025-01-18 14:49:01,2025-01-18,B04,C0107,card,18700
T0000957,2025-01-18 19:43:36,2025-01-18,B05,C0055,wallet,14100
T0000958,2025-01-18 09:57:45,2025-01-18,B01,C0095,cash,2700
T0000959,2025-01-18 08:26:50,2025-01-18,B03,C0030,card,16300
T0000960,2025-01-18 16:51:54,2025-01-18,B06,,card,27800
T0000961,2025-01-18 15:54:09,2025-01-18,B01,,card,11800
T0000962,2025-01-18 21:13:02,2025-01-18,B06,C0094,card,6300
T0000963,2025-01-18 19:10:06,2025-01-18,B01,C0025,card,8600
T0000964,2025-01-18 21:07:51,2025-01-18,B06,C0073,wallet,12100
T0000965,2025-01-18 10:43:39,2025-01-18,B04,,cash,17800
T0000966,2025-01-18 16:18:10,2025-01-18,B04,C0069,wallet,2900
T0000967,2025-01-18 07:21:28,2025-01-18,B01,C0063,wallet,19600
T0000968,2025-01-18 20:50:56,2025-01-18,B05,C0002,wallet,13700
T0000969,2025-01-18 14:44:53,2025-01-18,B05,C0003,card,2800
T0000970,2025-01-18 14:21:31,2025-01-18,B04,C0044,card,4000
T0000971,2025-01-18 17:53:32,2025-01-18,B02,C0068,card,8800
T0000972,2025-01-18 17:10:11,2025-01-18,B03,,card,4400
T0000973,2025-01-18 17:35:46,2025-01-18,B04,,card,15100
T0000974,2025-01-18 22:35:58,2025-01-18,B06,C0009,card,25000
T0000975,2025-01-18 11:26:28,2025-01-18,B02,C0072,cash,38400
T0000976,2025-01-18 11:29:22,2025-01-18,B05,C0119,cash,3000
T0000977,2025-01-18 21:31:37,2025-01-18,B03,C0035,wallet,19200
T0000978,2025-01-18 13:25:41,2025-01-18,B06,C0074,card,7200
T0000979,2025-01-18 10:08:43,2025-01-18,B05,,card,2200
T0000980,2025-01-18 17:19:26,2025-01-18,B04,C0015,wallet,7900
T0000981,2025-01-18 20:39:29,2025-01-18,B02,C0053,cash,12700
T0000982,2025-01-18 07:44:56,2025-01-18,B06,C0014,cash,9300
T0000983,2025-01-18 21:13:24,2025-01-18,B02,C0005,card,59600
T0000984,2025-01-18 18:09:25,2025-01-18,B02,C0114,cash,4600
T0000985,2025-01-18 16:19:10,2025-01-18,B04,C0029,wallet,17600
T0000986,2025-01-18 13:45:52,2025-01-18,B04,C0057,wallet,14800
T0000987,2025-01-18 19:50:29,2025-01-18,B01,C0047,cash,6400
T0000988,2025-01-18 07:29:39,2025-01-18,B04,C0033,cash,7000
T0000989,2025-01-18 18:37:20,2025-01-18,B05,C0114,cash,3200
T0000990,2025-01-18 15:04:49,2025-01-18,B05,C0080,card,9600
T0000991,2025-01-18 17:03:50,2025-01-18,B05,C0063,card,21100
T0000992,2025-01-18 14:45:35,2025-01-18,B02,,cash,8000
T0000993,2025-01-18 21:53:45,2025-01-18,B03,C0090,card,10200
T0000994,2025-01-18 11:41:47,2025-01-18,B06,C0017,card,7700
T0000995,2025-01-18 15:54:28,2025-01-18,B02,,card,4700
T0000996,2025-01-18 21:47:31,2025-01-18,B06,,cash,16200
T0000997,2025-01-18 12:32:27,2025-01-18,B03,C0044,wallet,6700
T0000998,2025-01-18 13:35:33,2025-01-18,B01,C0108,cash,13400
T0000999,2025-01-18 15:15:45,2025-01-18,B04,C0025,cash,22400
T0001000,2025-01-18 11:06:07,2025-01-18,B03,C0044,cash,4100
T0001001,2025-01-18 13:13:02,2025-01-18,B01,C0091,cash,9800
T0001002,2025-01-18 08:47:51,2025-01-18,B04,C0025,wallet,7500
T0001003,2025-01-18 18:53:24,2025-01-18,B02,C0106,cash,4700
T0001004,2025-01-18 14:21:52,2025-01-18,B03,C0084,card,2900
T0001005,2025-01-18 19:41:41,2025-01-18,B01,C0107,wallet,3700
T0001006,2025-01-18 12:02:22,2025-01-18,B03,C0029,card,22800
T0001007,2025-01-18 16:01:35,2025-01-18,B05,C0006,cash,14900
T0001008,2025-01-18 21:57:10,2025-01-18,B04,C0103,wallet,7000
T0001009,2025-01-18 11:30:40,2025-01-18,B05,C0046,wallet,6700
T0001010,2025-01-18 22:47:21,2025-01-18,B06,C0003,card,3900
T0001011,2025-01-19 15:38:43,2025-01-19,B04,C0010,card,11900
T0001012,2025-01-19 18:19:33,2025-01-19,B01,C0070,card,4400
T0001013,2025-01-19 20:15:36,2025-01-19,B03,C0011,wallet,45400
T0001014,2025-01-19 13:38:45,2025-01-19,B05,C0115,wallet,12700
T0001015,2025-01-19 19:03:37,2025-01-19,B05,C0005,card,17900
T0001016,2025-01-19 09:16:57,2025-01-19,B06,,wallet,30500
T0001017,2025-01-19 13:25:41,2025-01-19,B01,C0063,wallet,4300
T0001018,2025-01-19 19:38:30,2025-01-19,B02,C0010,wallet,4500
T0001019,2025-01-19 09:33:41,2025-01-19,B06,C0112,card,10000
T0001020,2025-01-19 09:39:10,2025-01-19,B06,C0114,card,4300
T0001021,2025-01-19 07:05:44,2025-01-19,B04,C0109,cash,17500
T0001022,2025-01-19 21:12:02,2025-01-19,B02,C0086,wallet,12200
T0001023,2025-01-19 13:00:03,2025-01-19,B05,C0119,cash,17500
T0001024,2025-01-19 12:15:19,2025-01-19,B01,,wallet,21700
T0001025,2025-01-19 21:35:55,2025-01-19,B01,C0091,cash,10500
T0001026,2025-01-19 16:01:12,2025-01-19,B05,C0086,cash,17900
T0001027,2025-01-19 10:48:56,2025-01-19,B04,C0031,wallet,19300
T0001028,2025-01-19 20:32:07,2025-01-19,B03,C0082,cash,3500
T0001029,2025-01-19 21:49:59,2025-01-19,B04,C0104,card,18900
T0001030,2025-01-19 19:11:33,2025-01-19,B05,C0099,cash,14200
T0001031,2025-01-19 13:21:26,2025-01-19,B06,C0072,wallet,6100
T0001032,2025-01-19 09:27:22,2025-01-19,B03,C0119,wallet,4700
T0001033,2025-01-19 13:34:23,2025-01-19,B01,C0019,wallet,13400
T0001034,2025-01-19 14:59:53,2025-01-19,B06,C0001,cash,6700
T0001035,2025-01-19 22:25:07,2025-01-19,B05,C0080,cash,6900
T0001036,2025-01-19 08:44:40,2025-01-19,B02,C0092,cash,21100
T0001037,2025-01-19 10:09:14,2025-01-19,B04,C0040,card,21800
T0001038,2025-01-19 22:44:47,2025-01-19,B04,C0015,wallet,16900
T0001039,2025-01-19 22:30:16,2025-01-19,B06,C0071,wallet,21800
T0001040,2025-01-19 19:18:20,2025-01-19,B03,C0001,cash,31900
T0001041,2025-01-19 21:34:48,2025-01-19,B03,C0062,card,9700
T0001042,2025-01-19 18:02:32,2025-01-19,B04,C0077,card,13700
T0001043,2025-01-19 20:00:43,2025-01-19,B04,C0120,card,16700
T0001044,2025-01-19 17:01:22,2025-01-19,B03,C0023,card,17400
T0001045,2025-01-19 18:29:54,2025-01-19,B05,C0089,wallet,10400
T0001046,2025-01-19 09:39:18,2025-01-19,B06,C0116,card,9100
T0001047,2025-01-19 19:58:27,2025-01-19,B05,C0084,cash,6000
T0001048,2025-01-19 22:29:56,2025-01-19,B05,C0084,cash,18000
T0001049,2025-01-19 10:44:32,2025-01-19,B04,C0111,wallet,17200
T0001050,2025-01-19 11:01:48,2025-01-19,B02,C0073,cash,15500
T0001051,2025-01-19 12:06:18,2025-01-19,B04,C0095,card,14700
T0001052,2025-01-19 10:18:58,2025-01-19,B03,C0090,wallet,13600
T0001053,2025-01-19 15:45:12,2025-01-19,B02,C0086,card,9200
T0001054,2025-01-19 10:36:14,2025-01-19,B06,C0073,wallet,18600
T0001055,2025-01-19 09:35:53,2025-01-19,B06,C0115,wallet,25200
T0001056,2025-01-19 12:25:50,2025-01-19,B02,C0040,wallet,5700
T0001057,2025-01-19 17:01:22,2025-01-19,B03,C0041,cash,14200
T0001058,2025-01-19 10:21:14,2025-01-19,B03,C0116,wallet,8400
T0001059,2025-01-19 14:21:07,2025-01-19,B05,C0069,cash,7000
T0001060,2025-01-19 08:31:34,2025-01-19,B02,C0004,wallet,6700
T0001061,2025-01-19 21:56:29,2025-01-19,B01,C0084,cash,15800
T0001062,2025-01-19 09:48:50,2025-01-19,B05,C0082,cash,6000
T0001063,2025-01-19 07:48:32,2025-01-19,B04,C0001,wallet,11200
T0001064,2025-01-19 07:01:39,2025-01-19,B02,,wallet,2400
T0001065,2025-01-19 16:36:04,2025-01-19,B04,C0008,wallet,12800
T0001066,2025-01-19 08:49:48,2025-01-19,B03,,wallet,14900
T0001067,2025-01-19 07:57:51,2025-01-19,B03,C0112,cash,3100
T0001068,2025-01-19 14:22:19,2025-01-19,B06,C0003,wallet,22000
T0001069,2025-01-19 12:00:50,2025-01-19,B06,C0090,cash,2200
T0001070,2025-01-19 14:47:52,2025-01-19,B02,C0101,wallet,11300
T0001071,2025-01-19 14:37:28,2025-01-19,B01,C0030,wallet,18600
T0001072,2025-01-20 09:00:38,2025-01-20,B02,,cash,5700
T0001073,2025-01-20 21:26:32,2025-01-20,B02,C0040,card,11000
T0001074,2025-01-20 16:59:39,2025-01-20,B06,C0062,cash,5600
T0001075,2025-01-20 12:43:17,2025-01-20,B01,C0095,wallet,17300
T0001076,2025-01-20 13:13:42,2025-01-20,B04,C0016,wallet,7900
T0001077,2025-01-20 18:57:00,2025-01-20,B06,C0041,cash,25900
T0001078,2025-01-20 19:47:22,2025-01-20,B01,C0080,card,3800
T0001079,2025-01-20 19:44:06,2025-01-20,B06,C0013,cash,2600
T0001080,2025-01-20 20:04:04,2025-01-20,B05,C0038,cash,19600
T0001081,2025-01-20 22:12:07,2025-01-20,B06,C0029,wallet,11100
T0001082,2025-01-20 22:33:02,2025-01-20,B06,C0023,wallet,28400
T0001083,2025-01-20 15:13:21,2025-01-20,B06,,cash,5000
T0001084,2025-01-20 09:57:37,2025-01-20,B06,C0039,card,19200
T0001085,2025-01-20 12:22:48,2025-01-20,B01,C0091,card,12300
T0001086,2025-01-20 08:25:55,2025-01-20,B01,C0047,card,25600
T0001087,2025-01-20 17:06:24,2025-01-20,B04,C0092,cash,8700
T0001088,2025-01-20 21:13:36,2025-01-20,B06,C0110,wallet,10700
T0001089,2025-01-20 20:39:16,2025-01-20,B05,C0081,card,3100
T0001090,2025-01-20 17:29:46,2025-01-20,B01,C0029,wallet,19500
T0001091,2025-01-20 09:09:16,2025-01-20,B05,C0047,card,24800
T0001092,2025-01-20 11:21:36,2025-01-20,B01,C0027,wallet,19500
T0001093,2025-01-20 07:38:01,2025-01-20,B06,C0005,cash,7300
T0001094,2025-01-20 11:06:41,2025-01-20,B01,C0099,cash,19000
T0001095,2025-01-20 20:41:33,2025-01-20,B04,,card,2900
T0001096,2025-01-20 20:14:52,2025-01-20,B02,C0018,wallet,9300
T0001097,2025-01-20 11:50:57,2025-01-20,B05,C0113,wallet,10700
T0001098,2025-01-20 19:57:13,2025-01-20,B04,C0106,wallet,5600
T0001099,2025-01-20 22:32:00,2025-01-20,B02,C0013,card,8700
T0001100,2025-01-20 07:29:55,2025-01-20,B06,C0085,cash,17400
T0001101,2025-01-20 21:44:48,2025-01-20,B02,C0041,card,14100
T0001102,2025-01-20 16:45:55,2025-01-20,B06,C0040,wallet,3300
T0001103,2025-01-20 19:17:34,2025-01-20,B01,,card,3300
T0001104,2025-01-20 10:08:07,2025-01-20,B06,C0094,cash,7900
T0001105,2025-01-20 14:42:31,2025-01-20,B01,C0051,wallet,13700
T0001106,2025-01-20 19:38:08,2025-01-20,B04,C0070,card,20100
T0001107,2025-01-20 19:18:49,2025-01-20,B02,C0111,cash,45800
T0001108,2025-01-20 11:15:07,2025-01-20,B06,C0051,cash,16800
T0001109,2025-01-20 11:42:54,2025-01-20,B02,C0110,wallet,19600
T0001110,2025-01-20 07:28:29,2025-01-20,B03,C0021,cash,13900
T0001111,2025-01-20 22:12:07,2025-01-20,B06,C0083,wallet,14100
T0001112,2025-01-20 07:51:48,2025-01-20,B02,,wallet,13100
T0001113,2025-01-20 22:14:42,2025-01-20,B06,,cash,9400
T0001114,2025-01-20 09:46:08,2025-01-20,B03,C0086,card,2600
T0001115,2025-01-20 13:29:13,2025-01-20,B06,C0023,card,9500
T0001116,2025-01-20 10:04:18,2025-01-20,B04,C0057,card,10600
T0001117,2025-01-20 17:04:54,2025-01-20,B01,C0084,wallet,13000
T0001118,2025-01-20 21:53:39,2025-01-20,B05,C0089,wallet,24800
T0001119,2025-01-20 11:23:26,2025-01-20,B05,C0112,cash,13300
T0001120,2025-01-20 16:56:33,2025-01-20,B06,C0093,wallet,13300
T0001121,2025-01-20 20:26:06,2025-01-20,B03,C0005,wallet,30500
T0001122,2025-01-20 20:28:02,2025-01-20,B05,C0055,cash,20600
T0001123,2025-01-20 11:17:50,2025-01-20,B04,C0039,cash,28100
T0001124,2025-01-20 13:27:05,2025-01-20,B02,,wallet,13900
T0001125,2025-01-20 21:22:37,2025-01-20,B04,,card,6000
T0001126,2025-01-20 20:40:15,2025-01-20,B04,C0071,wallet,6700
T0001127,2025-01-20 11:14:38,2025-01-20,B03,C0097,card,20300
T0001128,2025-01-20 18:45:49,2025-01-20,B02,,cash,20900
T0001129,2025-01-20 17:13:47,2025-01-20,B01,C0032,cash,2700
T0001130,2025-01-20 16:35:36,2025-01-20,B06,C0101,wallet,22500
T0001131,2025-01-20 18:36:39,2025-01-20,B04,C0057,card,1300
T0001132,2025-01-20 08:42:15,2025-01-20,B01,C0006,cash,1500
T0001133,2025-01-21 20:28:41,2025-01-21,B04,C0065,cash,2700
T0001134,2025-01-21 09:39:48,2025-01-21,B03,C0099,card,10400
T0001135,2025-01-21 20:15:24,2025-01-21,B06,,cash,24100
T0001136,2025-01-21 09:20:39,2025-01-21,B03,C0083,cash,12200
T0001137,2025-01-21 15:31:40,2025-01-21,B01,,card,18100
T0001138,2025-01-21 07:18:21,2025-01-21,B06,,cash,16300
T0001139,2025-01-21 17:52:43,2025-01-21,B04,C0107,cash,21600
T0001140,2025-01-21 09:33:31,2025-01-21,B02,C0043,cash,20800
T0001141,2025-01-21 11:41:32,2025-01-21,B05,C0022,card,14600
T0001142,2025-01-21 20:25:46,2025-01-21,B05,C0104,card,3000
T0001143,2025-01-21 15:38:08,2025-01-21,B02,C0105,card,11300
T0001144,2025-01-21 15:59:34,2025-01-21,B02,C0016,wallet,14100
T0001145,2025-01-21 08:56:28,2025-01-21,B05,C0050,cash,6400
T0001146,2025-01-21 12:30:02,2025-01-21,B02,C0119,card,11400
T0001147,2025-01-21 09:46:32,2025-01-21,B06,C0014,cash,8500
T0001148,2025-01-21 21:02:42,2025-01-21,B03,,card,6900
T0001149,2025-01-21 19:15:17,2025-01-21,B03,C0108,cash,19800
T0001150,2025-01-21 13:54:10,2025-01-21,B03,C0047,cash,9500
T0001151,2025-01-21 16:16:22,2025-01-21,B06,C0036,cash,6900
T0001152,2025-01-21 16:32:07,2025-01-21,B02,C0063,cash,18100
T0001153,2025-01-21 13:11:04,2025-01-21,B02,C0080,card,11000
T0001154,2025-01-21 09:56:06,2025-01-21,B01,C0076,cash,45500
T0001155,2025-01-21 21:37:27,2025-01-21,B05,C0079,cash,16400
T0001156,2025-01-21 13:44:11,2025-01-21,B04,C0063,wallet,12700
T0001157,2025-01-21 13:43:37,2025-01-21,B05,,wallet,37700
T0001158,2025-01-21 22:43:13,2025-01-21,B05,C0077,card,3300
T0001159,2025-01-21 15:13:53,2025-01-21,B06,C0117,cash,15100
T0001160,2025-01-21 19:52:58,2025-01-21,B03,,card,16100
T0001161,2025-01-21 07:53:48,2025-01-21,B03,C0075,card,8100
T0001162,2025-01-21 18:20:49,2025-01-21,B06,C0078,cash,15900
T0001163,2025-01-21 14:07:04,2025-01-21,B03,,card,19900
T0001164,2025-01-21 11:20:16,2025-01-21,B01,C0006,cash,16400
T0001165,2025-01-21 08:25:32,2025-01-21,B05,C0036,cash,9200
T0001166,2025-01-21 14:31:41,2025-01-21,B06,C0080,cash,19300
T0001167,2025-01-21 14:15:19,2025-01-21,B02,C0093,card,1500
T0001168,2025-01-21 08:32:01,2025-01-21,B04,C0107,card,7700
T0001169,2025-01-21 08:16:41,2025-01-21,B05,C0115,wallet,13300
T0001170,2025-01-21 09:53:44,2025-01-21,B04,C0082,wallet,16800
T0001171,2025-01-21 14:53:48,2025-01-21,B02,C0065,wallet,9400
T0001172,2025-01-21 08:31:16,2025-01-21,B01,,wallet,19700
T0001173,2025-01-21 08:31:29,2025-01-21,B05,C0071,cash,10600
T0001174,2025-01-21 20:55:28,2025-01-21,B06,C0110,card,4200
T0001175,2025-01-21 09:52:31,2025-01-21,B05,C0107,wallet,23900
T0001176,2025-01-21 21:48:30,2025-01-21,B05,C0075,card,19400
T0001177,2025-01-21 16:48:11,2025-01-21,B01,C0073,cash,5000
T0001178,2025-01-21 16:39:16,2025-01-21,B04,C0002,card,20500
T0001179,2025-01-21 13:59:54,2025-01-21,B01,C0014,cash,3700
T0001180,2025-01-21 11:04:07,2025-01-21,B06,C0003,cash,13500
T0001181,2025-01-21 21:23:36,2025-01-21,B03,C0058,card,1900
T0001182,2025-01-21 19:17:20,2025-01-21,B02,C0020,card,11100
T0001183,2025-01-21 14:37:37,2025-01-21,B04,C0051,card,2600
T0001184,2025-01-21 21:03:18,2025-01-21,B04,C0001,card,1600
T0001185,2025-01-21 09:11:09,2025-01-21,B03,C0041,card,20300
T0001186,2025-01-21 14:45:41,2025-01-21,B02,C0079,card,2800
T0001187,2025-01-21 17:18:51,2025-01-21,B03,C0090,cash,9600
T0001188,2025-01-21 08:04:10,2025-01-21,B01,C0096,wallet,7000
T0001189,2025-01-21 21:41:26,2025-01-21,B04,C0013,wallet,17500
T0001190,2025-01-21 21:46:24,2025-01-21,B04,C0113,cash,18000
T0001191,2025-01-21 22:24:43,2025-01-21,B01,C0051,card,2400
T0001192,2025-01-21 21:12:09,2025-01-21,B06,C0017,card,23300
T0001193,2025-01-21 16:19:36,2025-01-21,B04,,cash,14000
T0001194,2025-01-21 14:06:48,2025-01-21,B03,,card,2600
T0001195,2025-01-22 12:31:23,2025-01-22,B02,C0100,card,11700
T0001196,2025-01-22 11:33:50,2025-01-22,B05,C0005,card,4900
T0001197,2025-01-22 19:54:02,2025-01-22,B01,,wallet,2700
T0001198,2025-01-22 22:13:51,2025-01-22,B02,C0015,wallet,6200
T0001199,2025-01-22 18:37:47,2025-01-22,B03,C0062,cash,17200
T0001200,2025-01-22 08:27:11,2025-01-22,B06,C0024,card,11200
T0001201,2025-01-22 21:37:00,2025-01-22,B03,C0044,cash,6400
T0001202,2025-01-22 10:01:08,2025-01-22,B03,C0093,cash,13000
T0001203,2025-01-22 13:34:02,2025-01-22,B04,C0109,card,5400
T0001204,2025-01-22 22:52:31,2025-01-22,B06,,card,28300
T0001205,2025-01-22 20:22:54,2025-01-22,B03,C0060,card,30200
T0001206,2025-01-22 15:32:03,2025-01-22,B01,C0083,wallet,16900
T0001207,2025-01-22 14:12:14,2025-01-22,B02,C0006,cash,13500
T0001208,2025-01-22 17:05:27,2025-01-22,B06,,card,2700
T0001209,2025-01-22 11:19:08,2025-01-22,B06,C0088,card,14100
T0001210,2025-01-22 22:42:19,2025-01-22,B01,C0112,wallet,6700
T0001211,2025-01-22 19:39:11,2025-01-22,B04,C0115,wallet,4000
T0001212,2025-01-22 16:15:58,2025-01-22,B05,,wallet,37500
T0001213,2025-01-22 14:59:43,2025-01-22,B06,,cash,21400
T0001214,2025-01-22 15:33:35,2025-01-22,B03,C0086,wallet,7100
T0001215,2025-01-22 10:25:12,2025-01-22,B04,C0107,cash,21200
T0001216,2025-01-22 21:49:37,2025-01-22,B01,C0005,cash,10200
T0001217,2025-01-22 15:50:21,2025-01-22,B05,,wallet,8700
T0001218,2025-01-22 21:39:14,2025-01-22,B04,C0115,card,19000
T0001219,2025-01-22 15:46:15,2025-01-22,B06,C0012,card,9600
T0001220,2025-01-22 09:45:03,2025-01-22,B02,C0041,card,8000
T0001221,2025-01-22 07:47:38,2025-01-22,B01,,cash,6400
T0001222,2025-01-22 09:08:26,2025-01-22,B01,C0050,cash,19000
T0001223,2025-01-22 20:34:11,2025-01-22,B02,C0075,wallet,8400
T0001224,2025-01-22 20:22:38,2025-01-22,B06,C0067,wallet,9300
T0001225,2025-01-22 15:49:04,2025-01-22,B02,C0069,cash,10400
T0001226,2025-01-22 10:37:12,2025-01-22,B03,,card,10000
T0001227,2025-01-22 11:10:40,2025-01-22,B05,C0048,card,8100
T0001228,2025-01-22 08:04:13,2025-01-22,B01,,cash,6800
T0001229,2025-01-22 22:15:18,2025-01-22,B05,C0108,wallet,12700
T0001230,2025-01-22 07:21:22,2025-01-22,B05,C0070,wallet,3000
T0001231,2025-01-22 15:42:00,2025-01-22,B02,C0079,cash,21700
T0001232,2025-01-22 22:10:31,2025-01-22,B05,,cash,5700
T0001233,2025-01-22 14:34:54,2025-01-22,B03,C0050,card,16400
T0001234,2025-01-22 22:09:38,2025-01-22,B03,,cash,23900
T0001235,2025-01-22 21:27:04,2025-01-22,B01,C0086,wallet,8500
T0001236,2025-01-22 10:46:10,2025-01-22,B03,C0058,wallet,11700
T0001237,2025-01-22 15:06:58,2025-01-22,B04,C0089,wallet,15600
T0001238,2025-01-22 07:00:29,2025-01-22,B03,C0064,card,16700
T0001239,2025-01-22 09:25:52,2025-01-22,B01,C0061,wallet,16000
T0001240,2025-01-22 12:17:34,2025-01-22,B02,,wallet,18500
T0001241,2025-01-22 22:05:33,2025-01-22,B03,C0015,cash,8200
T0001242,2025-01-22 20:33:14,2025-01-22,B06,,wallet,6000
T0001243,2025-01-22 14:28:45,2025-01-22,B03,C0042,card,17000
T0001244,2025-01-22 16:41:21,2025-01-22,B02,C0066,wallet,36400
T0001245,2025-01-22 18:19:11,2025-01-22,B02,C0064,card,1900
T0001246,2025-01-22 07:08:21,2025-01-22,B06,C0028,cash,23100
T0001247,2025-01-22 15:19:33,2025-01-22,B05,C0004,wallet,18100
T0001248,2025-01-22 08:42:47,2025-01-22,B05,,cash,9300
T0001249,2025-01-22 19:13:41,2025-01-22,B04,,cash,16800
T0001250,2025-01-22 09:34:19,2025-01-22,B02,C0070,cash,17100
T0001251,2025-01-23 19:39:32,2025-01-23,B02,C0028,cash,11700
T0001252,2025-01-23 16:49:12,2025-01-23,B03,C0019,card,17700
T0001253,2025-01-23 20:57:34,2025-01-23,B02,C0072,card,3700
T0001254,2025-01-23 12:41:51,2025-01-23,B03,C0025,card,33700
T0001255,2025-01-23 11:56:35,2025-01-23,B05,C0024,cash,5800
T0001256,2025-01-23 22:09:32,2025-01-23,B02,C0055,cash,11200
T0001257,2025-01-23 12:02:52,2025-01-23,B04,C0084,card,38000
T0001258,2025-01-23 14:44:18,2025-01-23,B04,C0001,wallet,11400
T0001259,2025-01-23 15:58:25,2025-01-23,B01,,wallet,4800
T0001260,2025-01-23 22:35:46,2025-01-23,B05,C0053,card,24200
T0001261,2025-01-23 17:18:04,2025-01-23,B03,C0096,wallet,7800
T0001262,2025-01-23 19:23:49,2025-01-23,B06,C0005,card,8400
T0001263,2025-01-23 15:53:50,2025-01-23,B01,,card,21100
T0001264,2025-01-23 09:44:02,2025-01-23,B06,C0013,card,9100
T0001265,2025-01-23 19:50:18,2025-01-23,B05,C0024,wallet,7000
T0001266,2025-01-23 09:50:58,2025-01-23,B01,C0069,card,9600
T0001267,2025-01-23 11:43:08,2025-01-23,B03,C0120,cash,7400
T0001268,2025-01-23 07:14:51,2025-01-23,B02,C0020,wallet,9800
T0001269,2025-01-23 14:44:05,2025-01-23,B05,C0037,wallet,19500
T0001270,2025-01-23 07:30:47,2025-01-23,B06,C0010,wallet,11400
T0001271,2025-01-23 09:44:23,2025-01-23,B03,C0073,cash,4100
T0001272,2025-01-23 19:44:20,2025-01-23,B01,C0003,cash,10300
T0001273,2025-01-23 11:15:22,2025-01-23,B01,C0028,wallet,4400
T0001274,2025-01-23 16:13:29,2025-01-23,B01,C0084,cash,8600
T0001275,2025-01-23 08:45:14,2025-01-23,B03,C0101,card,39000
T0001276,2025-01-23 21:13:49,2025-01-23,B04,C0072,wallet,18000
T0001277,2025-01-23 08:41:43,2025-01-23,B03,,wallet,10700
T0001278,2025-01-23 07:24:03,2025-01-23,B05,C0056,cash,7300
T0001279,2025-01-23 08:11:17,2025-01-23,B04,C0047,cash,22800
T0001280,2025-01-23 17:07:33,2025-01-23,B04,C0008,card,11200
T0001281,2025-01-23 16:34:40,2025-01-23,B04,C0027,wallet,17800
T0001282,2025-01-23 09:41:05,2025-01-23,B04,,wallet,16700
T0001283,2025-01-23 19:18:57,2025-01-23,B03,C0060,card,4800
T0001284,2025-01-23 15:18:57,2025-01-23,B02,C0009,cash,10500
T0001285,2025-01-23 09:30:31,2025-01-23,B02,C0021,card,7800
T0001286,2025-01-23 18:54:10,2025-01-23,B01,,cash,17200
T0001287,2025-01-23 21:11:42,2025-01-23,B01,,cash,29300
T0001288,2025-01-23 17:31:02,2025-01-23,B03,C0013,wallet,30500
T0001289,2025-01-23 12:25:17,2025-01-23,B04,C0024,wallet,4600
T0001290,2025-01-23 13:31:51,2025-01-23,B06,C0103,cash,17200
T0001291,2025-01-23 07:55:44,2025-01-23,B03,C0057,card,9500
T0001292,2025-01-23 15:06:30,2025-01-23,B02,C0080,wallet,25500
T0001293,2025-01-23 09:09:18,2025-01-23,B03,C0085,wallet,28900
T0001294,2025-01-23 15:07:16,2025-01-23,B02,C0110,wallet,14000
T0001295,2025-01-23 19:15:25,2025-01-23,B05,C0104,cash,28900
T0001296,2025-01-23 09:13:58,2025-01-23,B01,C0078,card,10500
T0001297,2025-01-23 20:35:15,2025-01-23,B04,C0115,cash,1600
T0001298,2025-01-23 22:12:39,2025-01-23,B01,C0058,wallet,7200
T0001299,2025-01-23 08:41:11,2025-01-23,B01,C0090,cash,11600
T0001300,2025-01-23 19:40:09,2025-01-23,B06,C0080,cash,13000
T0001301,2025-01-23 18:41:10,2025-01-23,B05,C0103,wallet,8400
T0001302,2025-01-23 21:53:07,2025-01-23,B05,C0030,wallet,28400
T0001303,2025-01-23 12:43:53,2025-01-23,B02,C0055,card,12200
T0001304,2025-01-23 21:02:49,2025-01-23,B04,,wallet,4100
T0001305,2025-01-24 20:08:24,2025-01-24,B04,,wallet,16700
T0001306,2025-01-24 18:39:28,2025-01-24,B05,C0047,card,7300
T0001307,2025-01-24 13:19:03,2025-01-24,B01,C0042,cash,34200
T0001308,2025-01-24 17:27:38,2025-01-24,B06,C0027,cash,17800
T0001309,2025-01-24 14:24:07,2025-01-24,B05,C0043,card,6600
T0001310,2025-01-24 09:06:06,2025-01-24,B05,C0087,wallet,3700
T0001311,2025-01-24 20:34:08,2025-01-24,B05,C0094,card,18200
T0001312,2025-01-24 21:17:41,2025-01-24,B06,C0015,cash,10600
T0001313,2025-01-24 18:57:05,2025-01-24,B04,C0076,wallet,3000
T0001314,2025-01-24 21:48:49,2025-01-24,B01,C0005,wallet,21500
T0001315,2025-01-24 17:45:37,2025-01-24,B02,,cash,23500
T0001316,2025-01-24 17:50:00,2025-01-24,B02,,card,33000
T0001317,2025-01-24 14:49:59,2025-01-24,B01,C0073,wallet,25900
T0001318,2025-01-24 19:35:30,2025-01-24,B06,C0043,cash,14200
T0001319,2025-01-24 15:34:49,2025-01-24,B03,C0108,card,19500
T0001320,2025-01-24 08:00:08,2025-01-24,B01,C0022,card,3700
T0001321,2025-01-24 20:41:22,2025-01-24,B01,C0090,cash,18000
T0001322,2025-01-24 16:18:23,2025-01-24,B02,,card,27300
T0001323,2025-01-24 07:00:47,2025-01-24,B01,C0106,cash,25500
T0001324,2025-01-24 09:15:54,2025-01-24,B05,C0102,wallet,17200
T0001325,2025-01-24 22:37:52,2025-01-24,B06,C0050,cash,7900
T0001326,2025-01-24 12:18:05,2025-01-24,B03,C0044,cash,6500
T0001327,2025-01-24 15:01:42,2025-01-24,B03,C0002,cash,18000
T0001328,2025-01-24 21:17:03,2025-01-24,B01,C0063,cash,10500
T0001329,2025-01-24 21:39:54,2025-01-24,B04,C0089,card,4000
T0001330,2025-01-24 14:16:52,2025-01-24,B03,C0073,wallet,5000
T0001331,2025-01-24 20:03:52,2025-01-24,B02,C0053,card,9800
T0001332,2025-01-24 19:07:20,2025-01-24,B05,C0001,wallet,8400
T0001333,2025-01-24 16:06:51,2025-01-24,B02,C0119,wallet,16200
T0001334,2025-01-24 10:26:32,2025-01-24,B01,C0040,cash,2800
T0001335,2025-01-24 07:29:23,2025-01-24,B01,C0113,cash,9000
T0001336,2025-01-24 20:23:35,2025-01-24,B02,C0061,wallet,4000
T0001337,2025-01-24 12:15:40,2025-01-24,B03,C0034,card,10400
T0001338,2025-01-24 18:50:18,2025-01-24,B04,C0102,wallet,27700
T0001339,2025-01-24 14:07:14,2025-01-24,B05,C0104,card,7600
T0001340,2025-01-24 13:02:41,2025-01-24,B03,C0006,wallet,4800
T0001341,2025-01-24 12:02:42,2025-01-24,B02,C0094,card,2200
T0001342,2025-01-24 16:35:46,2025-01-24,B04,C0049,card,30100
T0001343,2025-01-24 22:27:42,2025-01-24,B06,C0051,wallet,12100
T0001344,2025-01-24 17:21:19,2025-01-24,B04,C0001,wallet,13600
T0001345,2025-01-24 07:45:00,2025-01-24,B02,C0102,card,3800
T0001346,2025-01-24 20:20:16,2025-01-24,B03,C0089,card,18700
T0001347,2025-01-24 17:32:25,2025-01-24,B05,C0017,cash,3100
T0001348,2025-01-24 19:28:32,2025-01-24,B06,C0059,wallet,27000
T0001349,2025-01-24 10:22:08,2025-01-24,B01,C0058,wallet,6900
T0001350,2025-01-24 13:36:35,2025-01-24,B03,C0021,card,3600
T0001351,2025-01-24 17:55:04,2025-01-24,B01,C0069,wallet,20300
T0001352,2025-01-24 16:53:40,2025-01-24,B02,C0038,cash,20600
T0001353,2025-01-24 07:43:04,2025-01-24,B05,C0060,cash,30900
T0001354,2025-01-24 08:10:50,2025-01-24,B04,C0016,cash,2500
T0001355,2025-01-24 14:31:43,2025-01-24,B03,,cash,9500
T0001356,2025-01-25 14:21:02,2025-01-25,B04,C0118,cash,16500
T0001357,2025-01-25 20:52:10,2025-01-25,B05,C0105,wallet,4400
T0001358,2025-01-25 22:28:37,2025-01-25,B04,C0059,wallet,1600
T0001359,2025-01-25 07:10:41,2025-01-25,B05,C0110,cash,8400
T0001360,2025-01-25 19:03:48,2025-01-25,B03,C0005,card,7700
T0001361,2025-01-25 17:03:38,2025-01-25,B04,C0091,wallet,3100
T0001362,2025-01-25 08:56:36,2025-01-25,B04,,cash,7500
T0001363,2025-01-25 18:16:46,2025-01-25,B01,C0081,wallet,2800
T0001364,2025-01-25 10:22:49,2025-01-25,B05,C0090,cash,4000
T0001365,2025-01-25 19:39:15,2025-01-25,B01,C0083,cash,17200
T0001366,2025-01-25 12:55:32,2025-01-25,B03,C0117,card,19500
T0001367,2025-01-25 12:42:20,2025-01-25,B03,C0119,wallet,7900
T0001368,2025-01-25 12:58:37,2025-01-25,B02,C0104,card,8500
T0001369,2025-01-25 13:10:09,2025-01-25,B03,C0029,card,12700
T0001370,2025-01-25 19:06:31,2025-01-25,B05,C0099,wallet,17000
T0001371,2025-01-25 09:26:03,2025-01-25,B02,C0042,card,28300
T0001372,2025-01-25 15:12:22,2025-01-25,B04,C0116,card,24900
T0001373,2025-01-25 21:58:29,2025-01-25,B06,C0117,cash,29500
T0001374,2025-01-25 16:56:50,2025-01-25,B03,C0041,card,7400
T0001375,2025-01-25 19:13:52,2025-01-25,B04,C0113,card,7900
T0001376,2025-01-25 09:23:07,2025-01-25,B01,C0044,wallet,18300
T0001377,2025-01-25 20:45:22,2025-01-25,B03,C0047,wallet,18700
T0001378,2025-01-25 21:37:07,2025-01-25,B03,C0093,cash,11200
T0001379,2025-01-25 19:20:54,2025-01-25,B01,C0071,cash,10800
T0001380,2025-01-25 08:24:58,2025-01-25,B03,C0049,cash,13100
T0001381,2025-01-25 21:16:54,2025-01-25,B03,,card,4200
T0001382,2025-01-25 16:19:16,2025-01-25,B06,C0084,wallet,5400
T0001383,2025-01-25 17:27:50,2025-01-25,B02,C0089,card,21800
T0001384,2025-01-25 16:54:17,2025-01-25,B02,,wallet,30900
T0001385,2025-01-25 22:19:00,2025-01-25,B06,C0068,card,26800
T0001386,2025-01-25 11:50:25,2025-01-25,B06,C0075,card,23600
T0001387,2025-01-25 07:39:39,2025-01-25,B04,C0104,wallet,14000
T0001388,2025-01-25 12:17:33,2025-01-25,B05,C0091,card,10800
T0001389,2025-01-25 13:51:17,2025-01-25,B01,C0083,card,15800
T0001390,2025-01-25 20:50:00,2025-01-25,B05,C0106,cash,16900
T0001391,2025-01-25 12:07:18,2025-01-25,B06,C0104,card,17400
T0001392,2025-01-25 19:37:58,2025-01-25,B02,,wallet,3600
T0001393,2025-01-25 08:49:56,2025-01-25,B01,C0034,cash,11700
T0001394,2025-01-25 19:03:06,2025-01-25,B02,C0042,wallet,11900
T0001395,2025-01-25 12:23:11,2025-01-25,B05,C0100,card,15600
T0001396,2025-01-25 22:42:21,2025-01-25,B03,C0053,cash,5800
T0001397,2025-01-25 09:29:53,2025-01-25,B04,C0021,cash,11900
T0001398,2025-01-25 11:56:56,2025-01-25,B04,C0033,card,2700
T0001399,2025-01-25 10:15:34,2025-01-25,B04,,cash,6700
T0001400,2025-01-25 09:29:29,2025-01-25,B02,C0080,card,10500
T0001401,2025-01-25 16:18:30,2025-01-25,B06,C0111,cash,5000
T0001402,2025-01-25 17:37:31,2025-01-25,B01,C0053,cash,18800
T0001403,2025-01-25 18:04:24,2025-01-25,B03,C0091,cash,10500
T0001404,2025-01-25 13:46:21,2025-01-25,B04,C0039,cash,11000
T0001405,2025-01-25 22:51:43,2025-01-25,B01,C0116,card,6900
T0001406,2025-01-25 17:16:34,2025-01-25,B03,C0071,card,13500
T0001407,2025-01-25 09:58:23,2025-01-25,B01,C0004,card,9400
T0001408,2025-01-25 16:33:45,2025-01-25,B05,C0026,wallet,6500
T0001409,2025-01-25 12:10:31,2025-01-25,B04,C0051,wallet,12300
T0001410,2025-01-25 16:15:40,2025-01-25,B02,C0032,card,2400
T0001411,2025-01-25 22:18:47,2025-01-25,B01,C0059,card,7000
T0001412,2025-01-25 07:06:37,2025-01-25,B02,C0094,card,20700
T0001413,2025-01-25 12:15:49,2025-01-25,B02,C0102,card,33500
T0001414,2025-01-26 09:56:20,2025-01-26,B03,,cash,21300
T0001415,2025-01-26 22:13:53,2025-01-26,B06,C0116,wallet,31400
T0001416,2025-01-26 15:25:00,2025-01-26,B04,C0051,cash,7600
T0001417,2025-01-26 22:14:05,2025-01-26,B01,,wallet,10700
T0001418,2025-01-26 18:33:54,2025-01-26,B01,C0017,wallet,9200
T0001419,2025-01-26 10:53:36,2025-01-26,B06,C0092,card,4900
T0001420,2025-01-26 14:17:44,2025-01-26,B06,C0112,cash,6900
T0001421,2025-01-26 14:38:37,2025-01-26,B03,C0058,card,11200
T0001422,2025-01-26 09:49:47,2025-01-26,B01,C0079,card,32000
T0001423,2025-01-26 17:14:51,2025-01-26,B05,C0027,card,17800
T0001424,2025-01-26 10:47:39,2025-01-26,B05,C0051,wallet,7400
T0001425,2025-01-26 12:48:14,2025-01-26,B06,C0083,wallet,2800
T0001426,2025-01-26 22:05:39,2025-01-26,B03,C0016,card,5700
T0001427,2025-01-26 21:11:41,2025-01-26,B02,C0082,wallet,10600
T0001428,2025-01-26 12:28:40,2025-01-26,B02,C0077,cash,18000
T0001429,2025-01-26 08:38:40,2025-01-26,B02,C0078,card,19300
T0001430,2025-01-26 12:22:49,2025-01-26,B03,C0021,cash,20800
T0001431,2025-01-26 07:01:52,2025-01-26,B03,,card,8100
T0001432,2025-01-26 16:00:05,2025-01-26,B06,C0048,cash,25800
T0001433,2025-01-26 14:48:39,2025-01-26,B04,C0012,wallet,23600
T0001434,2025-01-26 21:43:23,2025-01-26,B01,C0026,cash,8700
T0001435,2025-01-26 21:41:32,2025-01-26,B01,,wallet,34500
T0001436,2025-01-26 15:18:40,2025-01-26,B02,C0047,wallet,6300
T0001437,2025-01-26 09:00:51,2025-01-26,B02,C0043,wallet,13500
T0001438,2025-01-26 20:42:47,2025-01-26,B01,C0067,wallet,4600
T0001439,2025-01-26 13:20:07,2025-01-26,B01,,wallet,11000
T0001440,2025-01-26 08:53:43,2025-01-26,B01,C0101,card,10600
T0001441,2025-01-26 09:35:12,2025-01-26,B05,C0082,wallet,9000
T0001442,2025-01-26 07:27:44,2025-01-26,B03,C0099,card,20900
T0001443,2025-01-26 13:38:18,2025-01-26,B04,C0077,wallet,6600
T0001444,2025-01-26 18:52:09,2025-01-26,B06,C0042,cash,7900
T0001445,2025-01-26 17:57:40,2025-01-26,B03,C0093,card,2800
T0001446,2025-01-26 11:24:35,2025-01-26,B02,C0077,wallet,6900
T0001447,2025-01-26 08:34:58,2025-01-26,B05,,cash,3700
T0001448,2025-01-26 21:29:39,2025-01-26,B01,C0059,cash,5100
T0001449,2025-01-26 17:00:54,2025-01-26,B04,,cash,4500
T0001450,2025-01-26 13:44:04,2025-01-26,B06,C0114,cash,20000
T0001451,2025-01-26 19:43:58,2025-01-26,B05,C0049,card,8000
T0001452,2025-01-26 16:54:06,2025-01-26,B05,C0074,cash,11000
T0001453,2025-01-26 13:10:17,2025-01-26,B05,C0066,wallet,3100
T0001454,2025-01-26 15:37:55,2025-01-26,B01,C0056,wallet,4100
T0001455,2025-01-26 20:30:34,2025-01-26,B04,C0076,wallet,11500
T0001456,2025-01-26 18:14:09,2025-01-26,B01,C0013,wallet,25200
T0001457,2025-01-26 17:54:46,2025-01-26,B04,C0066,cash,17300
T0001458,2025-01-26 19:51:31,2025-01-26,B03,C0004,card,16300
T0001459,2025-01-26 14:29:09,2025-01-26,B02,C0026,card,3300
T0001460,2025-01-26 14:45:12,2025-01-26,B03,C0074,wallet,4900
T0001461,2025-01-26 11:31:33,2025-01-26,B06,C0069,wallet,14700
T0001462,2025-01-26 09:38:18,2025-01-26,B01,C0053,wallet,7200
T0001463,2025-01-26 14:50:26,2025-01-26,B05,C0027,card,10500
T0001464,2025-01-26 20:18:58,2025-01-26,B01,C0031,card,2300
T0001465,2025-01-26 14:27:09,2025-01-26,B06,C0084,cash,6000
T0001466,2025-01-26 21:58:53,2025-01-26,B04,C0002,cash,13400
T0001467,2025-01-26 22:22:35,2025-01-26,B03,C0040,wallet,9400
T0001468,2025-01-26 13:24:31,2025-01-26,B01,C0009,card,26300
T0001469,2025-01-26 07:48:02,2025-01-26,B01,C0105,cash,17700
T0001470,2025-01-26 20:58:46,2025-01-26,B01,C0093,card,5800
T0001471,2025-01-26 17:17:55,2025-01-26,B03,C0051,wallet,16600
T0001472,2025-01-26 07:02:14,2025-01-26,B04,C0037,cash,4300
T0001473,2025-01-26 09:36:55,2025-01-26,B02,C0038,cash,15300
T0001474,2025-01-26 12:10:38,2025-01-26,B02,C0076,cash,10100
T0001475,2025-01-26 22:54:33,2025-01-26,B02,C0090,wallet,12200
T0001476,2025-01-26 19:38:33,2025-01-26,B05,C0015,card,1400
T0001477,2025-01-26 13:03:55,2025-01-26,B06,C0013,cash,27600
T0001478,2025-01-26 10:41:47,2025-01-26,B02,C0028,cash,2100
T0001479,2025-01-26 07:49:44,2025-01-26,B01,C0093,wallet,5200
T0001480,2025-01-26 08:12:17,2025-01-26,B04,C0112,wallet,5600
T0001481,2025-01-26 11:55:04,2025-01-26,B03,C0057,card,21400
T0001482,2025-01-26 09:15:46,2025-01-26,B03,C0030,wallet,19200
T0001483,2025-01-26 14:48:10,2025-01-26,B06,,card,15900
T0001484,2025-01-26 08:43:16,2025-01-26,B06,C0083,card,7100
T0001485,2025-01-27 18:49:04,2025-01-27,B03,C0038,cash,9800
T0001486,2025-01-27 08:57:31,2025-01-27,B03,C0075,card,5700
T0001487,2025-01-27 17:00:40,2025-01-27,B01,C0040,card,14300
T0001488,2025-01-27 22:34:25,2025-01-27,B04,C0015,cash,7400
T0001489,2025-01-27 16:08:17,2025-01-27,B03,C0067,card,1800
T0001490,2025-01-27 09:59:46,2025-01-27,B01,C0118,card,11200
T0001491,2025-01-27 11:10:22,2025-01-27,B03,C0032,card,25100
T0001492,2025-01-27 11:19:06,2025-01-27,B02,,wallet,12300
T0001493,2025-01-27 15:36:05,2025-01-27,B02,C0020,card,6400
T0001494,2025-01-27 21:39:59,2025-01-27,B02,C0049,wallet,42600
T0001495,2025-01-27 20:00:16,2025-01-27,B03,C0053,cash,11500
T0001496,2025-01-27 15:53:34,2025-01-27,B06,,card,8800
T0001497,2025-01-27 10:04:04,2025-01-27,B06,,wallet,5000
T0001498,2025-01-27 14:48:48,2025-01-27,B02,C0065,card,33900
T0001499,2025-01-27 18:35:51,2025-01-27,B01,C0022,cash,15100
T0001500,2025-01-27 12:47:23,2025-01-27,B05,C0038,cash,23800
T0001501,2025-01-27 17:35:37,2025-01-27,B01,C0090,cash,17000
T0001502,2025-01-27 22:36:33,2025-01-27,B03,C0070,card,19200
T0001503,2025-01-27 15:17:47,2025-01-27,B01,C0110,cash,12200
T0001504,2025-01-27 19:30:46,2025-01-27,B01,C0001,wallet,8800
T0001505,2025-01-27 16:36:43,2025-01-27,B05,C0093,cash,8000
T0001506,2025-01-27 16:41:02,2025-01-27,B04,C0108,wallet,15500
T0001507,2025-01-27 12:18:13,2025-01-27,B06,C0061,card,43600
T0001508,2025-01-27 13:40:03,2025-01-27,B04,C0013,card,9000
T0001509,2025-01-27 16:30:28,2025-01-27,B04,C0100,wallet,27500
T0001510,2025-01-27 10:13:43,2025-01-27,B06,C0021,cash,3100
T0001511,2025-01-27 22:04:04,2025-01-27,B03,C0018,cash,25600
T0001512,2025-01-27 19:01:39,2025-01-27,B02,C0003,wallet,12500
T0001513,2025-01-27 12:09:40,2025-01-27,B05,C0054,wallet,22100
T0001514,2025-01-27 10:16:56,2025-01-27,B02,,wallet,6100
T0001515,2025-01-27 15:23:41,2025-01-27,B03,C0033,wallet,5600
T0001516,2025-01-27 07:40:08,2025-01-27,B01,,card,13600
T0001517,2025-01-27 12:18:28,2025-01-27,B03,C0059,card,17400
T0001518,2025-01-27 19:04:47,2025-01-27,B04,C0103,wallet,13000
T0001519,2025-01-27 13:00:04,2025-01-27,B03,C0004,cash,4700
T0001520,2025-01-27 21:24:47,2025-01-27,B03,C0049,cash,7800
T0001521,2025-01-27 10:15:27,2025-01-27,B01,,cash,2300
T0001522,2025-01-27 11:02:36,2025-01-27,B06,,card,5100
T0001523,2025-01-27 19:24:49,2025-01-27,B04,C0011,wallet,15100
T0001524,2025-01-27 11:36:29,2025-01-27,B04,C0055,wallet,14200
T0001525,2025-01-27 19:45:14,2025-01-27,B05,C0012,cash,3900
T0001526,2025-01-27 19:49:24,2025-01-27,B03,C0033,cash,15100
T0001527,2025-01-27 12:30:12,2025-01-27,B02,,wallet,27700
T0001528,2025-01-27 19:18:40,2025-01-27,B03,C0088,card,26200
T0001529,2025-01-27 12:21:30,2025-01-27,B04,C0069,card,12400
T0001530,2025-01-27 08:53:13,2025-01-27,B02,C0015,cash,22000
T0001531,2025-01-27 17:16:57,2025-01-27,B03,,wallet,7300
T0001532,2025-01-27 14:42:02,2025-01-27,B03,C0036,wallet,6100
T0001533,2025-01-27 10:22:53,2025-01-27,B02,C0085,wallet,12800
T0001534,2025-01-27 17:07:13,2025-01-27,B02,C0047,wallet,24100
T0001535,2025-01-27 14:58:11,2025-01-27,B06,C0069,cash,20400
T0001536,2025-01-27 15:31:02,2025-01-27,B01,C0069,wallet,30400
T0001537,2025-01-27 18:28:01,2025-01-27,B01,,cash,10900
T0001538,2025-01-27 14:19:32,2025-01-27,B03,,cash,26100
T0001539,2025-01-27 14:49:50,2025-01-27,B05,C0013,wallet,11600
T0001540,2025-01-27 09:39:31,2025-01-27,B05,C0026,wallet,5000
T0001541,2025-01-27 18:47:50,2025-01-27,B05,C0068,cash,4600
T0001542,2025-01-28 12:56:21,2025-01-28,B03,C0071,wallet,2100
T0001543,2025-01-28 08:14:11,2025-01-28,B04,C0008,cash,2700
T0001544,2025-01-28 12:02:36,2025-01-28,B06,,wallet,5000
T0001545,2025-01-28 07:27:24,2025-01-28,B06,C0113,card,2500
T0001546,2025-01-28 10:37:48,2025-01-28,B05,C0034,cash,2500
T0001547,2025-01-28 07:14:52,2025-01-28,B06,,card,25200
T0001548,2025-01-28 07:03:59,2025-01-28,B03,C0079,card,6800
T0001549,2025-01-28 19:56:37,2025-01-28,B05,C0029,card,20900
T0001550,2025-01-28 17:55:07,2025-01-28,B05,C0037,wallet,17300
T0001551,2025-01-28 21:54:43,2025-01-28,B02,,cash,26700
T0001552,2025-01-28 22:13:10,2025-01-28,B05,C0008,cash,3400
T0001553,2025-01-28 21:44:51,2025-01-28,B02,C0032,cash,7100
T0001554,2025-01-28 12:39:14,2025-01-28,B04,C0035,cash,11600
T0001555,2025-01-28 07:38:33,2025-01-28,B02,C0001,cash,10200
T0001556,2025-01-28 22:14:36,2025-01-28,B01,C0056,wallet,10300
T0001557,2025-01-28 09:18:49,2025-01-28,B03,,card,20300
T0001558,2025-01-28 11:34:37,2025-01-28,B06,C0101,wallet,23700
T0001559,2025-01-28 15:12:55,2025-01-28,B04,C0094,card,8400
T0001560,2025-01-28 15:38:08,2025-01-28,B01,C0079,card,34900
T0001561,2025-01-28 08:59:34,2025-01-28,B02,C0118,wallet,18700
T0001562,2025-01-28 15:31:51,2025-01-28,B05,C0002,card,6000
T0001563,2025-01-28 10:02:18,2025-01-28,B02,C0073,card,20400
T0001564,2025-01-28 12:08:54,2025-01-28,B05,C0014,card,11600
T0001565,2025-01-28 22:29:39,2025-01-28,B04,C0063,cash,1300
T0001566,2025-01-28 22:13:02,2025-01-28,B05,C0104,card,6300
T0001567,2025-01-28 08:39:56,2025-01-28,B01,C0092,cash,11300
T0001568,2025-01-28 08:57:58,2025-01-28,B05,C0082,cash,7000
T0001569,2025-01-28 13:53:19,2025-01-28,B05,C0003,card,6700
T0001570,2025-01-28 19:12:43,2025-01-28,B01,C0036,cash,11500
T0001571,2025-01-28 09:18:18,2025-01-28,B03,C0112,cash,17300
T0001572,2025-01-28 20:52:33,2025-01-28,B05,C0016,cash,3700
T0001573,2025-01-28 11:24:22,2025-01-28,B06,C0046,card,11500
T0001574,2025-01-28 09:16:38,2025-01-28,B04,C0061,cash,9900
T0001575,2025-01-28 21:35:28,2025-01-28,B04,C0102,card,6100
T0001576,2025-01-28 12:34:19,2025-01-28,B04,C0077,cash,19500
T0001577,2025-01-28 22:22:37,2025-01-28,B05,,wallet,23000
T0001578,2025-01-28 18:41:23,2025-01-28,B03,C0098,cash,11400
T0001579,2025-01-28 11:24:55,2025-01-28,B05,C0072,wallet,25100
T0001580,2025-01-28 11:31:10,2025-01-28,B04,C0100,wallet,19700
T0001581,2025-01-28 15:37:51,2025-01-28,B06,,wallet,9900
T0001582,2025-01-28 11:47:11,2025-01-28,B01,C0034,card,9900
T0001583,2025-01-28 16:07:26,2025-01-28,B04,,card,21400
T0001584,2025-01-28 10:14:06,2025-01-28,B01,C0057,cash,12300
T0001585,2025-01-28 09:08:45,2025-01-28,B01,C0016,cash,10100
T0001586,2025-01-28 17:40:47,2025-01-28,B06,C0090,wallet,2500
T0001587,2025-01-28 13:14:09,2025-01-28,B01,C0114,wallet,14500
T0001588,2025-01-28 13:54:33,2025-01-28,B06,C0001,card,8800
T0001589,2025-01-28 14:53:17,2025-01-28,B06,,cash,6900
T0001590,2025-01-28 21:30:42,2025-01-28,B01,C0059,wallet,17300
T0001591,2025-01-28 07:30:51,2025-01-28,B01,,card,19900
T0001592,2025-01-28 09:46:11,2025-01-28,B03,C0039,wallet,27800
T0001593,2025-01-28 13:39:06,2025-01-28,B05,C0107,card,13800
T0001594,2025-01-28 10:16:05,2025-01-28,B05,C0048,cash,9600
T0001595,2025-01-28 21:42:42,2025-01-28,B05,,wallet,8400
T0001596,2025-01-28 07:16:14,2025-01-28,B01,,cash,35000
T0001597,2025-01-28 10:42:23,2025-01-28,B01,C0115,wallet,7700
T0001598,2025-01-28 19:23:36,2025-01-28,B02,,wallet,3900
T0001599,2025-01-28 22:30:02,2025-01-28,B03,C0070,cash,4800
T0001600,2025-01-28 21:13:30,2025-01-28,B03,C0109,wallet,26600
T0001601,2025-01-29 14:51:58,2025-01-29,B06,C0007,card,11100
T0001602,2025-01-29 08:08:45,2025-01-29,B02,C0073,card,12300
T0001603,2025-01-29 09:09:26,2025-01-29,B05,C0074,card,2700
T0001604,2025-01-29 13:30:52,2025-01-29,B06,C0053,cash,8300
T0001605,2025-01-29 12:00:33,2025-01-29,B01,C0044,wallet,3000
T0001606,2025-01-29 16:02:46,2025-01-29,B06,C0059,wallet,12200
T0001607,2025-01-29 21:51:06,2025-01-29,B02,C0115,cash,33000
T0001608,2025-01-29 19:51:44,2025-01-29,B03,C0108,card,18400
T0001609,2025-01-29 09:41:41,2025-01-29,B02,C0064,wallet,4600
T0001610,2025-01-29 14:51:45,2025-01-29,B05,C0033,wallet,21900
T0001611,2025-01-29 15:35:44,2025-01-29,B03,C0017,cash,23500
T0001612,2025-01-29 07:44:40,2025-01-29,B03,C0118,card,12200
T0001613,2025-01-29 09:24:33,2025-01-29,B03,C0102,wallet,14100
T0001614,2025-01-29 08:44:00,2025-01-29,B01,C0011,wallet,35200
T0001615,2025-01-29 13:53:35,2025-01-29,B04,C0004,cash,9100
T0001616,2025-01-29 19:07:04,2025-01-29,B02,C0077,wallet,15400
T0001617,2025-01-29 09:53:11,2025-01-29,B02,C0101,card,17400
T0001618,2025-01-29 10:49:22,2025-01-29,B05,C0116,wallet,21900
T0001619,2025-01-29 08:29:00,2025-01-29,B03,C0117,card,13600
T0001620,2025-01-29 12:50:21,2025-01-29,B02,,card,9000
T0001621,2025-01-29 08:45:27,2025-01-29,B02,C0096,wallet,12700
T0001622,2025-01-29 18:14:55,2025-01-29,B01,,cash,2100
T0001623,2025-01-29 15:38:20,2025-01-29,B01,C0019,wallet,3500
T0001624,2025-01-29 10:42:36,2025-01-29,B02,C0022,wallet,2200
T0001625,2025-01-29 18:59:19,2025-01-29,B03,,cash,6200
T0001626,2025-01-29 20:51:00,2025-01-29,B04,,cash,2100
T0001627,2025-01-29 07:45:48,2025-01-29,B01,C0012,card,7000
T0001628,2025-01-29 07:53:30,2025-01-29,B06,C0109,card,18600
T0001629,2025-01-29 20:14:14,2025-01-29,B05,C0094,card,15700
T0001630,2025-01-29 10:44:12,2025-01-29,B06,,cash,24100
T0001631,2025-01-29 13:19:46,2025-01-29,B04,C0116,wallet,12600
T0001632,2025-01-29 10:11:50,2025-01-29,B03,C0118,card,21200
T0001633,2025-01-29 21:01:50,2025-01-29,B05,C0009,card,2300
T0001634,2025-01-29 22:48:05,2025-01-29,B04,C0045,wallet,4000
T0001635,2025-01-29 10:36:15,2025-01-29,B04,C0119,wallet,6800
T0001636,2025-01-29 18:16:31,2025-01-29,B04,C0011,card,1400
T0001637,2025-01-29 14:41:50,2025-01-29,B05,C0005,wallet,16000
T0001638,2025-01-29 07:13:07,2025-01-29,B03,C0055,card,4700
T0001639,2025-01-29 07:50:35,2025-01-29,B02,,cash,4800
T0001640,2025-01-29 10:30:57,2025-01-29,B06,C0094,wallet,19300
T0001641,2025-01-29 13:08:45,2025-01-29,B04,C0004,wallet,8700
T0001642,2025-01-29 20:01:24,2025-01-29,B05,C0018,cash,8400
T0001643,2025-01-29 11:54:08,2025-01-29,B03,C0037,card,5500
T0001644,2025-01-29 21:09:45,2025-01-29,B01,C0087,cash,8700
T0001645,2025-01-29 08:38:45,2025-01-29,B03,,card,12600
T0001646,2025-01-29 15:07:52,2025-01-29,B03,C0023,wallet,14300
T0001647,2025-01-29 08:06:12,2025-01-29,B02,C0060,card,2200
T0001648,2025-01-29 17:00:31,2025-01-29,B04,C0109,card,11000
T0001649,2025-01-29 11:06:28,2025-01-29,B03,C0117,wallet,13000
T0001650,2025-01-29 14:15:43,2025-01-29,B03,C0049,cash,12400
T0001651,2025-01-30 11:52:41,2025-01-30,B05,C0117,cash,26800
T0001652,2025-01-30 15:45:34,2025-01-30,B03,C0070,card,16100
T0001653,2025-01-30 07:24:14,2025-01-30,B01,,wallet,7300
T0001654,2025-01-30 14:53:20,2025-01-30,B04,C0091,card,6000
T0001655,2025-01-30 15:48:23,2025-01-30,B06,C0035,wallet,20700
T0001656,2025-01-30 14:32:16,2025-01-30,B01,C0053,cash,25200
T0001657,2025-01-30 09:46:32,2025-01-30,B05,C0034,wallet,28500
T0001658,2025-01-30 14:49:46,2025-01-30,B05,C0064,wallet,9700
T0001659,2025-01-30 21:48:19,2025-01-30,B06,C0036,cash,2000
T0001660,2025-01-30 07:18:20,2025-01-30,B06,C0045,cash,10300
T0001661,2025-01-30 12:11:00,2025-01-30,B02,C0080,wallet,6500
T0001662,2025-01-30 16:41:32,2025-01-30,B05,C0079,wallet,14600
T0001663,2025-01-30 07:58:35,2025-01-30,B03,C0078,card,8700
T0001664,2025-01-30 17:38:38,2025-01-30,B04,C0088,cash,26100
T0001665,2025-01-30 07:49:19,2025-01-30,B04,C0051,card,49400
T0001666,2025-01-30 11:13:18,2025-01-30,B04,C0020,cash,49200
T0001667,2025-01-30 13:04:23,2025-01-30,B03,C0112,wallet,11300
T0001668,2025-01-30 11:02:23,2025-01-30,B04,C0096,cash,7000
T0001669,2025-01-30 08:07:05,2025-01-30,B04,,cash,17100
T0001670,2025-01-30 19:03:58,2025-01-30,B05,C0057,cash,20700
T0001671,2025-01-30 19:26:27,2025-01-30,B05,C0018,cash,24300
T0001672,2025-01-30 16:47:40,2025-01-30,B01,C0060,card,4200
T0001673,2025-01-30 10:52:08,2025-01-30,B05,C0027,card,8100
T0001674,2025-01-30 10:10:09,2025-01-30,B02,C0041,cash,6600
T0001675,2025-01-30 18:53:27,2025-01-30,B03,C0107,wallet,14100
T0001676,2025-01-30 12:54:19,2025-01-30,B03,C0003,cash,26000
T0001677,2025-01-30 08:31:38,2025-01-30,B03,,card,9000
T0001678,2025-01-30 09:39:17,2025-01-30,B02,C0100,card,13100
T0001679,2025-01-30 22:31:43,2025-01-30,B03,C0049,cash,13900
T0001680,2025-01-30 09:56:06,2025-01-30,B06,C0046,wallet,14400
T0001681,2025-01-30 19:08:08,2025-01-30,B02,C0078,wallet,30400
T0001682,2025-01-30 09:34:09,2025-01-30,B02,C0067,cash,10700
T0001683,2025-01-30 07:03:43,2025-01-30,B06,C0056,wallet,2700
T0001684,2025-01-30 12:49:12,2025-01-30,B01,C0102,wallet,13200
T0001685,2025-01-30 17:58:34,2025-01-30,B04,C0114,wallet,6500
T0001686,2025-01-30 19:29:53,2025-01-30,B02,C0050,cash,21500
T0001687,2025-01-30 11:06:00,2025-01-30,B04,C0088,cash,2400
T0001688,2025-01-30 07:11:06,2025-01-30,B05,C0039,wallet,10200
T0001689,2025-01-30 14:53:26,2025-01-30,B04,C0066,cash,7500
T0001690,2025-01-30 07:53:40,2025-01-30,B04,C0092,wallet,12700
T0001691,2025-01-30 13:09:30,2025-01-30,B01,C0015,card,10000
T0001692,2025-01-30 17:16:39,2025-01-30,B05,C0088,card,12700
T0001693,2025-01-30 12:17:40,2025-01-30,B02,C0106,cash,6500
T0001694,2025-01-30 17:59:06,2025-01-30,B01,C0077,cash,10300
T0001695,2025-01-31 12:03:21,2025-01-31,B03,C0107,card,4300
T0001696,2025-01-31 19:49:51,2025-01-31,B01,C0030,wallet,2400
T0001697,2025-01-31 20:01:03,2025-01-31,B04,C0003,wallet,10200
T0001698,2025-01-31 08:43:06,2025-01-31,B04,C0110,cash,23000
T0001699,2025-01-31 20:12:58,2025-01-31,B02,C0006,cash,11300
T0001700,2025-01-31 21:59:52,2025-01-31,B04,,cash,6100
T0001701,2025-01-31 20:06:21,2025-01-31,B02,C0065,wallet,11000
T0001702,2025-01-31 19:40:09,2025-01-31,B06,C0015,card,60200
T0001703,2025-01-31 16:13:57,2025-01-31,B05,C0112,card,40900
T0001704,2025-01-31 12:46:04,2025-01-31,B06,C0073,card,26000
T0001705,2025-01-31 09:38:35,2025-01-31,B03,C0022,cash,22200
T0001706,2025-01-31 19:16:43,2025-01-31,B05,C0084,cash,5700
T0001707,2025-01-31 22:03:25,2025-01-31,B01,C0013,card,14800
T0001708,2025-01-31 09:25:13,2025-01-31,B02,,wallet,22100
T0001709,2025-01-31 21:19:43,2025-01-31,B05,C0010,card,17700
T0001710,2025-01-31 09:53:10,2025-01-31,B01,,wallet,11600
T0001711,2025-01-31 18:32:18,2025-01-31,B05,C0038,wallet,13300
T0001712,2025-01-31 18:09:07,2025-01-31,B02,C0072,card,25200
T0001713,2025-01-31 18:09:29,2025-01-31,B06,C0074,wallet,2300
T0001714,2025-01-31 11:17:19,2025-01-31,B02,C0040,cash,26200
T0001715,2025-01-31 12:18:19,2025-01-31,B05,C0119,card,3600
T0001716,2025-01-31 20:25:03,2025-01-31,B03,C0112,card,6700
T0001717,2025-01-31 11:04:54,2025-01-31,B04,C0041,card,8400
T0001718,2025-01-31 19:30:52,2025-01-31,B05,C0118,cash,25600
T0001719,2025-01-31 14:18:23,2025-01-31,B04,C0075,wallet,20700
T0001720,2025-01-31 07:49:00,2025-01-31,B04,,card,6700
T0001721,2025-01-31 20:36:43,2025-01-31,B05,C0035,wallet,6400
T0001722,2025-01-31 21:41:10,2025-01-31,B01,C0036,cash,8600
T0001723,2025-01-31 18:39:05,2025-01-31,B02,C0041,wallet,10100
T0001724,2025-01-31 20:07:38,2025-01-31,B01,C0096,wallet,14000
T0001725,2025-01-31 11:12:00,2025-01-31,B04,C0080,card,9000
T0001726,2025-01-31 14:54:59,2025-01-31,B03,C0098,card,3900
T0001727,2025-01-31 12:09:47,2025-01-31,B05,C0010,card,18300
T0001728,2025-01-31 16:46:33,2025-01-31,B02,C0070,card,4200
T0001729,2025-01-31 07:59:44,2025-01-31,B01,C0037,card,11200
T0001730,2025-01-31 19:59:17,2025-01-31,B03,C0085,wallet,3300
T0001731,2025-01-31 19:50:59,2025-01-31,B03,C0031,card,9500
T0001732,2025-01-31 09:57:10,2025-01-31,B01,,card,5300
T0001733,2025-01-31 17:17:57,2025-01-31,B06,C0013,cash,32700
T0001734,2025-01-31 20:26:48,2025-01-31,B05,C0064,wallet,4300
T0001735,2025-01-31 13:02:51,2025-01-31,B03,,cash,17100
T0001736,2025-01-31 18:33:02,2025-01-31,B06,C0043,wallet,20000
T0001737,2025-01-31 21:21:44,2025-01-31,B04,C0119,cash,9000
T0001738,2025-01-31 19:16:12,2025-01-31,B04,C0101,wallet,6000
T0001739,2025-01-31 07:56:57,2025-01-31,B06,C0028,cash,13200
T0001740,2025-01-31 09:08:38,2025-01-31,B02,C0066,wallet,7300
T0001741,2025-01-31 12:15:43,2025-01-31,B03,C0067,card,3000
T0001742,2025-01-31 16:35:03,2025-01-31,B06,C0073,card,4200
T0001743,2025-01-31 16:45:25,2025-01-31,B06,C0089,cash,8600
T0001744,2025-01-31 16:25:11,2025-01-31,B03,C0074,wallet,6500
T0001745,2025-01-31 22:46:13,2025-01-31,B06,,card,17000
T0001746,2025-01-31 15:44:09,2025-01-31,B06,C0107,card,15900
T0001747,2025-01-31 11:51:29,2025-01-31,B06,C0063,wallet,15200
T0001748,2025-01-31 13:49:50,2025-01-31,B04,C0073,card,14500
T0001749,2025-01-31 11:05:47,2025-01-31,B06,,wallet,9600
T0001750,2025-01-31 15:39:37,2025-01-31,B06,C0028,cash,11400
T0001751,2025-01-31 13:44:35,2025-01-31,B03,C0070,cash,14800
T0001752,2025-01-31 07:14:18,2025-01-31,B02,C0015,card,11900
T0001753,2025-01-31 07:59:49,2025-01-31,B02,C0085,card,22600
T0001754,2025-01-31 15:31:40,2025-01-31,B02,C0036,wallet,9700
T0001755,2025-01-31 07:30:25,2025-01-31,B05,C0075,cash,24500
T0001756,2025-02-01 13:00:58,2025-02-01,B01,C0084,card,2000
T0001757,2025-02-01 19:15:46,2025-02-01,B06,C0026,card,20400
T0001758,2025-02-01 22:03:17,2025-02-01,B01,C0034,wallet,34900
T0001759,2025-02-01 09:42:22,2025-02-01,B03,,card,13500
T0001760,2025-02-01 16:22:54,2025-02-01,B05,C0093,wallet,7100
T0001761,2025-02-01 09:54:52,2025-02-01,B04,C0114,cash,18300
T0001762,2025-02-01 13:30:23,2025-02-01,B01,,card,4000
T0001763,2025-02-01 20:35:57,2025-02-01,B01,C0072,cash,16300
T0001764,2025-02-01 14:48:19,2025-02-01,B06,C0039,cash,11500
T0001765,2025-02-01 13:53:10,2025-02-01,B01,C0092,wallet,6700
T0001766,2025-02-01 09:29:52,2025-02-01,B01,C0102,card,15600
T0001767,2025-02-01 08:47:44,2025-02-01,B04,C0056,wallet,7600
T0001768,2025-02-01 08:21:47,2025-02-01,B02,,card,16400
T0001769,2025-02-01 19:15:52,2025-02-01,B04,C0024,card,4600
T0001770,2025-02-01 21:18:03,2025-02-01,B04,C0008,wallet,21500
T0001771,2025-02-01 10:04:55,2025-02-01,B05,C0074,wallet,2600
T0001772,2025-02-01 09:27:54,2025-02-01,B01,C0091,wallet,9000
T0001773,2025-02-01 13:30:55,2025-02-01,B03,C0107,card,9600
T0001774,2025-02-01 12:38:33,2025-02-01,B02,C0009,card,25300
T0001775,2025-02-01 19:32:56,2025-02-01,B03,C0025,cash,30500
T0001776,2025-02-01 16:19:17,2025-02-01,B06,C0105,wallet,2800
T0001777,2025-02-01 13:08:25,2025-02-01,B06,C0045,card,9700
T0001778,2025-02-01 10:15:56,2025-02-01,B01,C0029,wallet,25000
T0001779,2025-02-01 12:45:28,2025-02-01,B01,C0073,card,5500
T0001780,2025-02-01 22:14:27,2025-02-01,B04,C0025,wallet,5000
T0001781,2025-02-01 17:20:41,2025-02-01,B06,C0096,card,17100
T0001782,2025-02-01 22:12:23,2025-02-01,B03,,cash,6700
T0001783,2025-02-01 21:04:11,2025-02-01,B02,C0070,cash,23500
T0001784,2025-02-01 11:27:04,2025-02-01,B01,C0098,cash,14400
T0001785,2025-02-01 07:08:10,2025-02-01,B01,,card,26900
T0001786,2025-02-01 11:17:34,2025-02-01,B03,,card,14900
T0001787,2025-02-01 14:47:46,2025-02-01,B06,C0007,wallet,19800
T0001788,2025-02-01 22:55:32,2025-02-01,B06,C0109,cash,29300
T0001789,2025-02-01 18:26:34,2025-02-01,B05,C0102,cash,13100
T0001790,2025-02-01 19:18:30,2025-02-01,B03,,cash,5900
T0001791,2025-02-01 22:01:56,2025-02-01,B03,C0020,card,32600
T0001792,2025-02-01 20:43:04,2025-02-01,B04,C0058,card,21800
T0001793,2025-02-01 21:17:54,2025-02-01,B01,C0085,card,20700
T0001794,2025-02-01 07:10:00,2025-02-01,B05,C0031,card,6600
T0001795,2025-02-01 18:58:21,2025-02-01,B05,C0110,cash,6400
T0001796,2025-02-01 11:54:14,2025-02-01,B05,,card,12400
T0001797,2025-02-01 15:20:59,2025-02-01,B01,C0047,wallet,27900
T0001798,2025-02-01 09:49:19,2025-02-01,B01,C0062,cash,37200
T0001799,2025-02-01 18:36:03,2025-02-01,B04,C0070,cash,9200
T0001800,2025-02-01 07:19:19,2025-02-01,B02,C0093,wallet,7900
T0001801,2025-02-01 16:12:23,2025-02-01,B01,C0095,card,8600
T0001802,2025-02-01 14:46:38,2025-02-01,B04,C0044,cash,7700
T0001803,2025-02-01 21:19:22,2025-02-01,B04,C0111,wallet,8200
T0001804,2025-02-01 20:50:13,2025-02-01,B01,C0082,wallet,8200
T0001805,2025-02-01 10:25:47,2025-02-01,B03,C0021,card,15600
T0001806,2025-02-01 20:54:25,2025-02-01,B03,C0059,card,16000
T0001807,2025-02-01 19:38:43,2025-02-01,B06,C0116,card,13600
T0001808,2025-02-01 17:30:12,2025-02-01,B03,C0111,card,2900
T0001809,2025-02-01 11:53:55,2025-02-01,B03,,cash,2300
T0001810,2025-02-01 20:28:45,2025-02-01,B05,C0120,wallet,17100
T0001811,2025-02-01 12:55:03,2025-02-01,B01,C0011,wallet,2700
T0001812,2025-02-01 07:34:12,2025-02-01,B01,C0045,cash,13100
T0001813,2025-02-01 07:40:11,2025-02-01,B01,C0048,card,6300
T0001814,2025-02-01 22:58:28,2025-02-01,B06,C0100,wallet,12300
T0001815,2025-02-01 12:27:48,2025-02-01,B03,C0094,card,14600
T0001816,2025-02-01 15:16:44,2025-02-01,B06,,cash,5900
T0001817,2025-02-01 13:36:03,2025-02-01,B03,C0116,wallet,12900
T0001818,2025-02-01 10:21:16,2025-02-01,B03,C0074,card,26000
T0001819,2025-02-01 10:47:42,2025-02-01,B02,C0080,card,1500
T0001820,2025-02-01 20:30:40,2025-02-01,B02,C0041,wallet,28300
T0001821,2025-02-01 17:19:49,2025-02-01,B04,,card,24300
T0001822,2025-02-01 11:42:50,2025-02-01,B03,,wallet,18800
T0001823,2025-02-01 12:33:48,2025-02-01,B06,C0018,card,8300
T0001824,2025-02-01 11:13:47,2025-02-01,B05,C0043,cash,15600
T0001825,2025-02-01 11:18:08,2025-02-01,B04,,card,2800
T0001826,2025-02-01 21:26:18,2025-02-01,B01,C0120,wallet,27600
T0001827,2025-02-01 14:41:38,2025-02-01,B03,C0047,card,14200
T0001828,2025-02-01 15:07:05,2025-02-01,B04,C0029,wallet,21800
T0001829,2025-02-01 16:05:55,2025-02-01,B05,,wallet,1300
T0001830,2025-02-01 13:15:12,2025-02-01,B06,,wallet,25600
T0001831,2025-02-01 10:37:39,2025-02-01,B05,C0040,card,17100
T0001832,2025-02-01 13:47:53,2025-02-01,B01,C0031,wallet,16300
T0001833,2025-02-02 11:22:38,2025-02-02,B01,C0082,wallet,37500
T0001834,2025-02-02 15:46:26,2025-02-02,B05,C0028,cash,17600
T0001835,2025-02-02 17:21:08,2025-02-02,B02,C0102,cash,8600
T0001836,2025-02-02 11:05:14,2025-02-02,B05,C0074,wallet,7000
T0001837,2025-02-02 07:57:59,2025-02-02,B01,,card,14200
T0001838,2025-02-02 08:01:54,2025-02-02,B04,C0110,card,19700
T0001839,2025-02-02 13:51:25,2025-02-02,B04,C0025,cash,4200
T0001840,2025-02-02 14:41:41,2025-02-02,B03,C0010,card,9700
T0001841,2025-02-02 17:09:11,2025-02-02,B02,C0108,cash,16600
T0001842,2025-02-02 20:54:15,2025-02-02,B05,C0104,card,4700
T0001843,2025-02-02 14:10:29,2025-02-02,B05,C0027,wallet,8000
T0001844,2025-02-02 21:53:26,2025-02-02,B03,C0120,card,19900
T0001845,2025-02-02 11:38:56,2025-02-02,B01,C0117,card,8300
T0001846,2025-02-02 19:19:43,2025-02-02,B01,C0065,card,13700
T0001847,2025-02-02 15:22:24,2025-02-02,B03,,wallet,19100
T0001848,2025-02-02 13:07:39,2025-02-02,B05,C0109,cash,3100
T0001849,2025-02-02 14:30:33,2025-02-02,B03,C0118,wallet,4000
T0001850,2025-02-02 22:08:54,2025-02-02,B01,C0053,card,15200
T0001851,2025-02-02 10:32:15,2025-02-02,B04,,wallet,20200
T0001852,2025-02-02 10:50:30,2025-02-02,B02,C0040,wallet,8800
T0001853,2025-02-02 13:14:00,2025-02-02,B03,C0116,wallet,4400
T0001854,2025-02-02 08:04:55,2025-02-02,B04,,card,4300
T0001855,2025-02-02 15:35:01,2025-02-02,B02,C0012,wallet,7500
T0001856,2025-02-02 15:30:41,2025-02-02,B05,C0101,wallet,10200
T0001857,2025-02-02 08:19:09,2025-02-02,B04,C0043,wallet,18100
T0001858,2025-02-02 07:28:59,2025-02-02,B05,C0101,cash,4300
T0001859,2025-02-02 21:06:29,2025-02-02,B01,C0006,cash,29100
T0001860,2025-02-02 18:39:12,2025-02-02,B06,,cash,25700
T0001861,2025-02-02 18:15:14,2025-02-02,B06,C0103,card,10500
T0001862,2025-02-02 07:49:53,2025-02-02,B01,C0021,wallet,11500
T0001863,2025-02-02 13:56:26,2025-02-02,B05,C0078,wallet,7100
T0001864,2025-02-02 18:29:16,2025-02-02,B04,,cash,17500
T0001865,2025-02-02 16:21:58,2025-02-02,B03,C0054,card,2800
T0001866,2025-02-02 14:19:16,2025-02-02,B04,C0084,cash,6400
T0001867,2025-02-02 14:53:27,2025-02-02,B03,C0002,wallet,8300
T0001868,2025-02-02 18:42:17,2025-02-02,B05,,wallet,8200
T0001869,2025-02-02 10:20:51,2025-02-02,B02,C0007,wallet,20100
T0001870,2025-02-02 08:58:18,2025-02-02,B05,,wallet,4900
T0001871,2025-02-02 20:25:39,2025-02-02,B01,C0117,cash,15300
T0001872,2025-02-02 07:00:49,2025-02-02,B01,C0073,cash,18800
T0001873,2025-02-02 14:52:46,2025-02-02,B01,,card,10900
T0001874,2025-02-02 18:04:34,2025-02-02,B05,C0100,cash,14800
T0001875,2025-02-02 11:40:10,2025-02-02,B04,C0039,wallet,1800
T0001876,2025-02-02 21:41:10,2025-02-02,B03,C0021,cash,5400
T0001877,2025-02-02 12:09:10,2025-02-02,B01,,card,23000
T0001878,2025-02-02 07:42:57,2025-02-02,B01,C0024,cash,6200
T0001879,2025-02-02 09:40:08,2025-02-02,B01,C0087,card,11000
T0001880,2025-02-02 19:06:07,2025-02-02,B05,C0072,wallet,13500
T0001881,2025-02-02 14:49:31,2025-02-02,B06,C0047,card,12800
T0001882,2025-02-02 22:46:03,2025-02-02,B03,C0112,wallet,9400
T0001883,2025-02-02 13:05:08,2025-02-02,B04,C0025,card,11300
T0001884,2025-02-02 14:37:25,2025-02-02,B02,C0115,card,13900
T0001885,2025-02-02 11:44:14,2025-02-02,B04,C0036,cash,17300
T0001886,2025-02-02 19:23:37,2025-02-02,B04,C0055,cash,19100
T0001887,2025-02-02 08:06:29,2025-02-02,B04,C0041,wallet,15100
T0001888,2025-02-02 12:43:21,2025-02-02,B06,C0115,card,2400
T0001889,2025-02-02 08:25:42,2025-02-02,B04,C0104,cash,5600
T0001890,2025-02-02 12:14:03,2025-02-02,B03,C0114,cash,5600
T0001891,2025-02-02 12:42:33,2025-02-02,B04,C0068,card,9000
T0001892,2025-02-02 12:15:51,2025-02-02,B06,,card,2100
T0001893,2025-02-02 22:06:34,2025-02-02,B01,C0076,wallet,23300
T0001894,2025-02-02 12:34:32,2025-02-02,B05,C0042,card,10100
T0001895,2025-02-02 22:19:50,2025-02-02,B06,C0053,cash,18800
T0001896,2025-02-02 18:56:36,2025-02-02,B03,C0110,wallet,7100
T0001897,2025-02-02 18:39:35,2025-02-02,B05,C0100,wallet,22500
T0001898,2025-02-02 09:29:47,2025-02-02,B05,C0018,wallet,14100
T0001899,2025-02-02 09:16:37,2025-02-02,B01,C0016,card,15100
T0001900,2025-02-02 20:44:44,2025-02-02,B05,C0011,card,2400
T0001901,2025-02-02 08:24:42,2025-02-02,B01,C0088,card,12500
T0001902,2025-02-02 16:36:26,2025-02-02,B05,C0093,wallet,13500
T0001903,2025-02-02 20:35:56,2025-02-02,B05,C0099,wallet,8400
T0001904,2025-02-02 10:36:41,2025-02-02,B06,C0088,card,6100
T0001905,2025-02-02 22:58:15,2025-02-02,B05,C0041,cash,3400
T0001906,2025-02-03 18:00:53,2025-02-03,B06,C0007,cash,18900
T0001907,2025-02-03 18:05:47,2025-02-03,B04,C0043,cash,19800
T0001908,2025-02-03 20:48:25,2025-02-03,B04,C0117,cash,8800
T0001909,2025-02-03 11:23:48,2025-02-03,B02,C0063,wallet,11100
T0001910,2025-02-03 22:09:56,2025-02-03,B02,C0004,cash,18200
T0001911,2025-02-03 08:31:59,2025-02-03,B03,C0054,wallet,18000
T0001912,2025-02-03 18:26:07,2025-02-03,B02,,cash,10900
T0001913,2025-02-03 22:46:45,2025-02-03,B03,C0099,wallet,4200
T0001914,2025-02-03 08:08:37,2025-02-03,B04,,wallet,7800
T0001915,2025-02-03 12:17:21,2025-02-03,B03,C0062,card,9300
T0001916,2025-02-03 07:03:20,2025-02-03,B01,,card,3900
T0001917,2025-02-03 20:53:39,2025-02-03,B01,C0065,card,21200
T0001918,2025-02-03 08:10:29,2025-02-03,B02,,card,6000
T0001919,2025-02-03 10:43:28,2025-02-03,B04,C0007,card,26600
T0001920,2025-02-03 09:09:54,2025-02-03,B04,,card,15500
T0001921,2025-02-03 11:17:41,2025-02-03,B02,C0052,wallet,16700
T0001922,2025-02-03 08:12:28,2025-02-03,B02,C0091,cash,6700
T0001923,2025-02-03 15:52:33,2025-02-03,B03,,cash,12000
T0001924,2025-02-03 22:46:40,2025-02-03,B05,C0042,wallet,24700
T0001925,2025-02-03 09:48:10,2025-02-03,B02,C0038,cash,16100
T0001926,2025-02-03 11:47:37,2025-02-03,B02,C0062,cash,6700
T0001927,2025-02-03 17:49:00,2025-02-03,B01,C0062,card,6700
T0001928,2025-02-03 15:17:52,2025-02-03,B06,C0010,wallet,32400
T0001929,2025-02-03 18:50:36,2025-02-03,B06,C0003,cash,1300
T0001930,2025-02-03 21:33:29,2025-02-03,B04,,cash,2200
T0001931,2025-02-03 08:21:38,2025-02-03,B06,,cash,11300
T0001932,2025-02-03 13:36:06,2025-02-03,B06,C0042,wallet,3200
T0001933,2025-02-03 16:41:24,2025-02-03,B01,,wallet,9100
T0001934,2025-02-03 12:11:40,2025-02-03,B06,,wallet,13300
T0001935,2025-02-03 18:33:12,2025-02-03,B05,C0050,card,2700
T0001936,2025-02-03 18:30:38,2025-02-03,B04,C0015,card,5400
T0001937,2025-02-03 17:28:24,2025-02-03,B05,,wallet,6500
T0001938,2025-02-03 17:51:28,2025-02-03,B04,C0005,card,12200
T0001939,2025-02-03 08:07:02,2025-02-03,B06,C0059,cash,19400
T0001940,2025-02-03 18:22:41,2025-02-03,B02,C0101,card,11900
T0001941,2025-02-03 19:16:54,2025-02-03,B02,C0099,wallet,1900
T0001942,2025-02-03 10:11:39,2025-02-03,B01,C0074,cash,17100
T0001943,2025-02-03 15:42:59,2025-02-03,B04,C0013,card,25200
T0001944,2025-02-03 15:13:05,2025-02-03,B03,C0003,cash,16700
T0001945,2025-02-03 13:30:38,2025-02-03,B05,,card,19400
T0001946,2025-02-03 07:36:04,2025-02-03,B02,C0069,wallet,11200
T0001947,2025-02-03 22:19:09,2025-02-03,B01,,cash,21000
T0001948,2025-02-03 22:42:21,2025-02-03,B02,,wallet,14000
T0001949,2025-02-03 12:06:29,2025-02-03,B04,,cash,12300
T0001950,2025-02-03 21:36:16,2025-02-03,B02,C0117,wallet,29500
T0001951,2025-02-03 19:25:22,2025-02-03,B05,C0105,cash,39400
T0001952,2025-02-03 14:21:13,2025-02-03,B05,C0020,wallet,2500
T0001953,2025-02-03 22:17:33,2025-02-03,B02,,cash,33100
T0001954,2025-02-03 21:32:51,2025-02-03,B05,C0058,wallet,12500
T0001955,2025-02-03 14:57:43,2025-02-03,B05,C0027,wallet,7200
T0001956,2025-02-03 15:27:54,2025-02-03,B04,C0035,card,13200
T0001957,2025-02-03 12:32:20,2025-02-03,B06,C0030,cash,21500
T0001958,2025-02-04 12:50:23,2025-02-04,B03,C0054,cash,4400
T0001959,2025-02-04 15:06:43,2025-02-04,B01,C0063,wallet,4100
T0001960,2025-02-04 16:58:02,2025-02-04,B06,C0058,cash,8700
T0001961,2025-02-04 15:37:07,2025-02-04,B05,C0048,wallet,13900
T0001962,2025-02-04 20:13:26,2025-02-04,B06,C0044,cash,6100
T0001963,2025-02-04 16:24:23,2025-02-04,B04,C0081,card,7200
T0001964,2025-02-04 17:28:45,2025-02-04,B04,C0085,wallet,2800
T0001965,2025-02-04 17:00:55,2025-02-04,B01,,cash,8300
T0001966,2025-02-04 22:26:08,2025-02-04,B05,C0018,wallet,6500
T0001967,2025-02-04 13:56:26,2025-02-04,B03,,cash,14600
T0001968,2025-02-04 13:46:49,2025-02-04,B04,C0054,wallet,6900
T0001969,2025-02-04 12:02:23,2025-02-04,B02,C0101,card,12600
T0001970,2025-02-04 20:03:21,2025-02-04,B01,,card,36300
T0001971,2025-02-04 22:28:08,2025-02-04,B04,C0077,card,9200
T0001972,2025-02-04 15:04:03,2025-02-04,B03,C0059,wallet,5800
T0001973,2025-02-04 13:52:02,2025-02-04,B04,C0038,card,8800
T0001974,2025-02-04 17:00:57,2025-02-04,B03,C0068,wallet,31000
T0001975,2025-02-04 12:07:38,2025-02-04,B04,C0013,card,12800
T0001976,2025-02-04 20:58:35,2025-02-04,B04,C0024,card,14700
T0001977,2025-02-04 18:58:07,2025-02-04,B03,,wallet,10100
T0001978,2025-02-04 07:57:37,2025-02-04,B04,C0057,cash,21000
T0001979,2025-02-04 13:32:18,2025-02-04,B06,C0053,cash,18800
T0001980,2025-02-04 15:06:01,2025-02-04,B03,C0057,card,20300
T0001981,2025-02-04 09:56:18,2025-02-04,B02,C0087,card,30900
T0001982,2025-02-04 09:04:16,2025-02-04,B01,C0021,wallet,14300
T0001983,2025-02-04 10:33:37,2025-02-04,B04,C0062,card,10400
T0001984,2025-02-04 17:17:01,2025-02-04,B04,C0011,card,10400
T0001985,2025-02-04 20:57:49,2025-02-04,B05,C0078,wallet,4700
T0001986,2025-02-04 20:32:28,2025-02-04,B05,C0026,card,22600
T0001987,2025-02-04 10:20:32,2025-02-04,B05,C0105,wallet,8100
T0001988,2025-02-04 12:41:09,2025-02-04,B01,C0069,wallet,26600
T0001989,2025-02-04 21:45:53,2025-02-04,B06,C0073,wallet,24500
T0001990,2025-02-04 19:52:59,2025-02-04,B05,C0107,wallet,6900
T0001991,2025-02-04 20:50:16,2025-02-04,B06,C0007,cash,7200
T0001992,2025-02-04 14:22:44,2025-02-04,B03,C0089,cash,17900
T0001993,2025-02-04 14:36:03,2025-02-04,B06,C0068,card,5200
T0001994,2025-02-04 21:44:36,2025-02-04,B06,C0034,cash,11400
T0001995,2025-02-04 22:07:12,2025-02-04,B06,C0072,wallet,14200
T0001996,2025-02-04 22:41:12,2025-02-04,B01,,card,5400
T0001997,2025-02-04 10:06:15,2025-02-04,B02,,cash,10800
T0001998,2025-02-04 16:18:40,2025-02-04,B04,C0064,card,31300
T0001999,2025-02-04 12:16:26,2025-02-04,B04,C0054,card,17100
T0002000,2025-02-04 22:09:15,2025-02-04,B06,C0083,cash,10500
T0002001,2025-02-04 11:04:56,2025-02-04,B01,C0111,card,17600
T0002002,2025-02-04 09:30:24,2025-02-04,B01,C0050,wallet,4600
T0002003,2025-02-04 15:03:40,2025-02-04,B04,C0098,wallet,12700
T0002004,2025-02-04 18:22:09,2025-02-04,B01,C0038,card,5400
T0002005,2025-02-04 17:49:57,2025-02-04,B01,C0105,wallet,6700
T0002006,2025-02-04 07:25:38,2025-02-04,B02,C0033,cash,18700
T0002007,2025-02-04 10:17:15,2025-02-04,B01,C0027,card,18400
T0002008,2025-02-04 20:23:10,2025-02-04,B02,C0028,wallet,9800
T0002009,2025-02-04 21:23:07,2025-02-04,B03,C0120,cash,12300
T0002010,2025-02-04 19:01:53,2025-02-04,B01,C0119,wallet,5600
T0002011,2025-02-04 20:06:43,2025-02-04,B06,C0082,wallet,20500
T0002012,2025-02-04 16:15:03,2025-02-04,B01,,card,10800
T0002013,2025-02-04 11:52:10,2025-02-04,B03,C0059,wallet,17200
T0002014,2025-02-04 15:20:26,2025-02-04,B06,C0055,cash,2200
T0002015,2025-02-04 16:20:39,2025-02-04,B06,C0089,cash,17100
T0002016,2025-02-04 14:41:52,2025-02-04,B02,C0002,cash,66200
T0002017,2025-02-04 21:20:13,2025-02-04,B03,C0079,card,15900
T0002018,2025-02-04 16:57:57,2025-02-04,B02,C0018,wallet,7200
T0002019,2025-02-04 19:39:27,2025-02-04,B03,C0102,card,11700
T0002020,2025-02-04 09:05:23,2025-02-04,B03,C0041,card,10500
T0002021,2025-02-05 18:53:14,2025-02-05,B03,C0047,card,2000
T0002022,2025-02-05 11:19:54,2025-02-05,B01,C0080,card,21600
T0002023,2025-02-05 14:54:36,2025-02-05,B03,,card,19500
T0002024,2025-02-05 11:52:16,2025-02-05,B05,C0006,card,10200
T0002025,2025-02-05 08:03:55,2025-02-05,B04,C0110,cash,12900
T0002026,2025-02-05 14:42:34,2025-02-05,B03,C0098,wallet,32700
T0002027,2025-02-05 16:48:00,2025-02-05,B04,C0036,card,19500
T0002028,2025-02-05 18:44:45,2025-02-05,B05,C0097,card,4200
T0002029,2025-02-05 10:20:59,2025-02-05,B01,C0048,card,19200
T0002030,2025-02-05 20:26:53,2025-02-05,B06,C0088,card,11700
T0002031,2025-02-05 19:45:45,2025-02-05,B05,,wallet,22400
T0002032,2025-02-05 20:09:32,2025-02-05,B04,C0040,wallet,25800
T0002033,2025-02-05 08:37:51,2025-02-05,B01,,wallet,2700
T0002034,2025-02-05 11:20:06,2025-02-05,B04,C0077,card,5600
T0002035,2025-02-05 17:24:19,2025-02-05,B04,C0074,cash,12400
T0002036,2025-02-05 10:14:35,2025-02-05,B02,,cash,16800
T0002037,2025-02-05 09:07:20,2025-02-05,B02,C0092,card,15800
T0002038,2025-02-05 20:58:08,2025-02-05,B05,C0032,cash,23400
T0002039,2025-02-05 09:07:54,2025-02-05,B06,C0087,cash,15600
T0002040,2025-02-05 21:40:47,2025-02-05,B05,,card,9100
T0002041,2025-02-05 15:38:05,2025-02-05,B06,C0097,cash,14200
T0002042,2025-02-05 07:10:56,2025-02-05,B01,C0110,wallet,5700
T0002043,2025-02-05 19:11:11,2025-02-05,B01,C0019,cash,10800
T0002044,2025-02-05 21:35:27,2025-02-05,B02,C0021,wallet,29800
T0002045,2025-02-05 10:45:29,2025-02-05,B01,C0046,cash,3900
T0002046,2025-02-05 22:44:44,2025-02-05,B03,,cash,11900
T0002047,2025-02-05 20:46:26,2025-02-05,B02,C0010,cash,7200
T0002048,2025-02-05 22:57:31,2025-02-05,B06,C0082,cash,14400
T0002049,2025-02-05 08:08:54,2025-02-05,B04,C0111,cash,16200
T0002050,2025-02-05 17:26:07,2025-02-05,B04,C0108,card,9500
T0002051,2025-02-05 21:48:45,2025-02-05,B03,C0025,card,4800
T0002052,2025-02-05 15:31:09,2025-02-05,B01,C0039,wallet,9200
T0002053,2025-02-05 12:15:47,2025-02-05,B04,,wallet,22700
T0002054,2025-02-05 16:34:35,2025-02-05,B04,C0114,card,22300
T0002055,2025-02-05 11:53:40,2025-02-05,B02,C0105,wallet,16400
T0002056,2025-02-05 11:24:48,2025-02-05,B05,C0088,wallet,9800
T0002057,2025-02-05 18:37:07,2025-02-05,B02,C0066,card,3900
T0002058,2025-02-05 09:30:37,2025-02-05,B02,C0086,card,18800
T0002059,2025-02-05 21:48:03,2025-02-05,B05,,wallet,6400
T0002060,2025-02-05 13:46:50,2025-02-05,B05,C0044,cash,18100
T0002061,2025-02-05 17:35:41,2025-02-05,B02,C0079,card,6500
T0002062,2025-02-05 10:52:56,2025-02-05,B02,C0025,wallet,15200
T0002063,2025-02-05 19:15:16,2025-02-05,B06,,wallet,2100
T0002064,2025-02-05 15:09:01,2025-02-05,B02,,wallet,11300
T0002065,2025-02-05 13:24:30,2025-02-05,B01,C0029,cash,5700
T0002066,2025-02-05 21:14:21,2025-02-05,B06,C0103,cash,21400
T0002067,2025-02-05 10:28:22,2025-02-05,B06,C0037,card,15400
T0002068,2025-02-05 22:07:20,2025-02-05,B06,C0081,card,15400
T0002069,2025-02-06 07:36:12,2025-02-06,B02,C0009,wallet,6900
T0002070,2025-02-06 16:58:07,2025-02-06,B06,C0071,wallet,14000
T0002071,2025-02-06 22:07:37,2025-02-06,B05,C0001,wallet,10500
T0002072,2025-02-06 13:44:31,2025-02-06,B06,C0082,cash,28800
T0002073,2025-02-06 22:13:15,2025-02-06,B04,C0090,wallet,6100
T0002074,2025-02-06 08:02:15,2025-02-06,B03,C0013,cash,5000
T0002075,2025-02-06 22:27:23,2025-02-06,B03,C0107,cash,17100
T0002076,2025-02-06 11:32:22,2025-02-06,B03,C0058,cash,10200
T0002077,2025-02-06 12:14:21,2025-02-06,B06,C0063,cash,5800
T0002078,2025-02-06 19:20:11,2025-02-06,B02,C0027,wallet,12400
T0002079,2025-02-06 16:43:48,2025-02-06,B03,C0075,wallet,8300
T0002080,2025-02-06 13:22:03,2025-02-06,B03,,card,21700
T0002081,2025-02-06 16:36:06,2025-02-06,B02,C0018,wallet,37000
T0002082,2025-02-06 07:24:18,2025-02-06,B02,C0107,wallet,25500
T0002083,2025-02-06 22:14:13,2025-02-06,B06,C0043,wallet,27000
T0002084,2025-02-06 12:19:07,2025-02-06,B02,C0099,cash,9000
T0002085,2025-02-06 13:27:32,2025-02-06,B04,C0041,cash,2600
T0002086,2025-02-06 09:15:38,2025-02-06,B03,C0073,card,11300
T0002087,2025-02-06 13:46:35,2025-02-06,B04,C0054,wallet,2700
T0002088,2025-02-06 20:07:03,2025-02-06,B02,C0077,wallet,11300
T0002089,2025-02-06 09:44:49,2025-02-06,B01,C0070,card,8700
T0002090,2025-02-06 21:05:24,2025-02-06,B02,C0063,wallet,7200
T0002091,2025-02-06 11:44:34,2025-02-06,B05,C0050,card,5900
T0002092,2025-02-06 20:09:09,2025-02-06,B05,,wallet,20400
T0002093,2025-02-06 21:34:16,2025-02-06,B03,C0087,cash,13100
T0002094,2025-02-06 08:25:25,2025-02-06,B06,,cash,16100
T0002095,2025-02-06 22:44:54,2025-02-06,B05,C0095,wallet,25700
T0002096,2025-02-06 18:08:00,2025-02-06,B06,C0111,wallet,7100
T0002097,2025-02-06 12:50:45,2025-02-06,B05,,wallet,9400
T0002098,2025-02-06 16:31:11,2025-02-06,B04,C0088,wallet,8300
T0002099,2025-02-06 21:18:06,2025-02-06,B02,C0010,cash,34400
T0002100,2025-02-06 10:42:36,2025-02-06,B01,,card,2100
T0002101,2025-02-06 11:19:07,2025-02-06,B02,C0035,card,18600
T0002102,2025-02-06 18:28:56,2025-02-06,B01,C0112,wallet,3100
T0002103,2025-02-06 20:54:40,2025-02-06,B04,C0001,wallet,2900
T0002104,2025-02-06 14:11:45,2025-02-06,B05,C0047,cash,15200
T0002105,2025-02-06 15:15:44,2025-02-06,B02,C0047,wallet,31700
T0002106,2025-02-06 18:05:34,2025-02-06,B06,C0062,cash,3700
T0002107,2025-02-06 20:23:19,2025-02-06,B04,C0088,wallet,12400
T0002108,2025-02-06 16:33:09,2025-02-06,B02,C0045,wallet,9200
T0002109,2025-02-06 09:33:50,2025-02-06,B01,C0109,wallet,37300
T0002110,2025-02-06 16:35:08,2025-02-06,B03,C0014,card,11700
T0002111,2025-02-06 14:44:21,2025-02-06,B03,,card,19200
T0002112,2025-02-06 17:39:40,2025-02-06,B04,C0046,cash,19100
T0002113,2025-02-06 11:23:23,2025-02-06,B06,C0034,cash,22100
T0002114,2025-02-06 21:07:13,2025-02-06,B04,C0048,wallet,3100
T0002115,2025-02-06 20:08:09,2025-02-06,B05,C0034,card,9800
T0002116,2025-02-06 15:28:32,2025-02-06,B05,,card,3500
T0002117,2025-02-06 14:46:14,2025-02-06,B03,C0079,cash,24300
T0002118,2025-02-07 07:13:54,2025-02-07,B01,C0044,wallet,14100
T0002119,2025-02-07 07:35:30,2025-02-07,B06,,card,8000
T0002120,2025-02-07 19:04:09,2025-02-07,B03,C0011,cash,15500
T0002121,2025-02-07 11:49:06,2025-02-07,B04,,card,2200
T0002122,2025-02-07 14:53:43,2025-02-07,B01,C0060,card,18000
T0002123,2025-02-07 15:08:40,2025-02-07,B03,,card,12100
T0002124,2025-02-07 08:17:00,2025-02-07,B04,,wallet,2400
T0002125,2025-02-07 18:04:35,2025-02-07,B02,C0045,wallet,39500
T0002126,2025-02-07 18:21:08,2025-02-07,B02,,cash,9600
T0002127,2025-02-07 20:29:11,2025-02-07,B05,C0016,wallet,2500
T0002128,2025-02-07 15:15:07,2025-02-07,B02,C0083,wallet,23100
T0002129,2025-02-07 17:36:01,2025-02-07,B05,C0071,cash,9800
T0002130,2025-02-07 19:15:45,2025-02-07,B02,C0003,cash,12100
T0002131,2025-02-07 13:33:23,2025-02-07,B03,C0005,cash,7600
T0002132,2025-02-07 07:27:41,2025-02-07,B06,C0008,wallet,19900
T0002133,2025-02-07 10:11:00,2025-02-07,B06,C0043,card,10900
T0002134,2025-02-07 16:35:56,2025-02-07,B05,C0004,cash,22200
T0002135,2025-02-07 13:33:20,2025-02-07,B06,,wallet,1800
T0002136,2025-02-07 15:19:06,2025-02-07,B06,,cash,37200
T0002137,2025-02-07 20:28:56,2025-02-07,B06,C0055,cash,25800
T0002138,2025-02-07 20:40:44,2025-02-07,B01,C0070,wallet,3300
T0002139,2025-02-07 12:31:56,2025-02-07,B03,C0110,cash,29400
T0002140,2025-02-07 22:39:25,2025-02-07,B01,C0106,wallet,13800
T0002141,2025-02-07 20:07:20,2025-02-07,B01,C0086,wallet,4000
T0002142,2025-02-07 14:55:41,2025-02-07,B03,C0080,card,2700
T0002143,2025-02-07 22:19:27,2025-02-07,B02,C0114,cash,11200
T0002144,2025-02-07 19:18:15,2025-02-07,B02,C0115,cash,19100
T0002145,2025-02-07 22:55:35,2025-02-07,B03,C0070,cash,13500
T0002146,2025-02-07 22:02:27,2025-02-07,B05,C0070,cash,24100
T0002147,2025-02-07 17:26:12,2025-02-07,B04,,cash,6300
T0002148,2025-02-07 14:39:35,2025-02-07,B06,C0048,cash,11600
T0002149,2025-02-07 16:33:58,2025-02-07,B02,C0095,card,20200
T0002150,2025-02-07 22:14:07,2025-02-07,B01,,wallet,5000
T0002151,2025-02-07 09:29:15,2025-02-07,B01,C0100,wallet,7200
T0002152,2025-02-07 17:00:04,2025-02-07,B01,C0061,card,2900
T0002153,2025-02-07 08:08:40,2025-02-07,B03,C0116,wallet,13100
T0002154,2025-02-07 12:42:18,2025-02-07,B04,C0027,wallet,21700
T0002155,2025-02-07 19:42:47,2025-02-07,B05,C0120,wallet,14700
T0002156,2025-02-07 21:24:40,2025-02-07,B01,,cash,13600
T0002157,2025-02-07 21:41:57,2025-02-07,B03,C0078,card,26800
T0002158,2025-02-07 22:43:54,2025-02-07,B03,C0029,wallet,6100
T0002159,2025-02-07 20:05:41,2025-02-07,B03,C0106,wallet,19700
T0002160,2025-02-07 18:50:55,2025-02-07,B03,C0031,wallet,16800
T0002161,2025-02-07 19:38:04,2025-02-07,B03,C0041,wallet,3600
T0002162,2025-02-07 08:31:40,2025-02-07,B04,,cash,6000
T0002163,2025-02-07 11:48:47,2025-02-07,B02,C0043,wallet,15000
T0002164,2025-02-07 10:59:47,2025-02-07,B04,C0012,card,4600
T0002165,2025-02-08 19:32:10,2025-02-08,B01,,card,13500
T0002166,2025-02-08 07:29:17,2025-02-08,B01,C0063,cash,9200
T0002167,2025-02-08 07:13:30,2025-02-08,B05,,wallet,3200
T0002168,2025-02-08 17:47:30,2025-02-08,B04,,cash,15400
T0002169,2025-02-08 18:35:53,2025-02-08,B02,C0048,cash,3700
T0002170,2025-02-08 20:55:19,2025-02-08,B03,,card,15300
T0002171,2025-02-08 12:45:24,2025-02-08,B02,C0108,cash,16800
T0002172,2025-02-08 20:12:55,2025-02-08,B03,C0037,card,2600
T0002173,2025-02-08 09:57:23,2025-02-08,B04,,wallet,2200
T0002174,2025-02-08 10:04:49,2025-02-08,B01,C0024,cash,16000
T0002175,2025-02-08 14:37:41,2025-02-08,B02,C0002,cash,15900
T0002176,2025-02-08 19:01:39,2025-02-08,B03,C0046,wallet,36900
T0002177,2025-02-08 12:57:17,2025-02-08,B05,C0018,card,22600
T0002178,2025-02-08 16:23:58,2025-02-08,B05,,cash,10400
T0002179,2025-02-08 10:31:20,2025-02-08,B06,C0105,wallet,27100
T0002180,2025-02-08 22:40:43,2025-02-08,B01,C0065,wallet,5400
T0002181,2025-02-08 07:00:22,2025-02-08,B06,C0110,cash,21400
T0002182,2025-02-08 17:51:25,2025-02-08,B03,,wallet,10700
T0002183,2025-02-08 09:29:31,2025-02-08,B06,,wallet,25300
T0002184,2025-02-08 21:08:48,2025-02-08,B02,,cash,18800
T0002185,2025-02-08 22:20:14,2025-02-08,B06,C0084,cash,2300
T0002186,2025-02-08 21:20:58,2025-02-08,B01,C0082,card,33800
T0002187,2025-02-08 21:04:59,2025-02-08,B03,C0117,card,17500
T0002188,2025-02-08 08:14:42,2025-02-08,B06,C0031,cash,9200
T0002189,2025-02-08 07:50:49,2025-02-08,B02,C0042,wallet,6100
T0002190,2025-02-08 21:59:55,2025-02-08,B06,C0074,card,9800
T0002191,2025-02-08 22:44:23,2025-02-08,B03,C0002,card,3300
T0002192,2025-02-08 20:27:23,2025-02-08,B06,C0082,cash,15700
T0002193,2025-02-08 08:08:33,2025-02-08,B03,C0016,cash,14000
T0002194,2025-02-08 12:21:13,2025-02-08,B04,C0071,wallet,2600
T0002195,2025-02-08 19:19:05,2025-02-08,B05,C0077,card,22600
T0002196,2025-02-08 17:58:35,2025-02-08,B03,C0112,wallet,9000
T0002197,2025-02-08 20:11:19,2025-02-08,B04,C0071,wallet,6700
T0002198,2025-02-08 22:56:51,2025-02-08,B01,C0067,wallet,5200
T0002199,2025-02-08 16:45:07,2025-02-08,B05,C0079,wallet,1800
T0002200,2025-02-08 09:51:59,2025-02-08,B03,C0048,wallet,8700
T0002201,2025-02-08 16:01:31,2025-02-08,B04,C0083,cash,9100
T0002202,2025-02-08 09:57:18,2025-02-08,B05,C0093,card,23600
T0002203,2025-02-08 22:44:31,2025-02-08,B03,C0105,wallet,10300
T0002204,2025-02-08 10:59:38,2025-02-08,B05,C0118,wallet,8300
T0002205,2025-02-08 13:28:03,2025-02-08,B04,,card,5000
T0002206,2025-02-08 14:01:30,2025-02-08,B01,C0020,wallet,7100
T0002207,2025-02-08 18:02:27,2025-02-08,B02,C0015,card,18700
T0002208,2025-02-08 07:34:58,2025-02-08,B03,C0031,card,5000
T0002209,2025-02-08 18:00:39,2025-02-08,B04,C0016,card,15000
T0002210,2025-02-08 07:57:42,2025-02-08,B04,C0031,wallet,9800
T0002211,2025-02-08 20:07:52,2025-02-08,B03,C0082,cash,3000
T0002212,2025-02-08 21:31:05,2025-02-08,B04,,cash,4100
T0002213,2025-02-08 13:18:48,2025-02-08,B04,C0102,card,7500
T0002214,2025-02-08 08:09:23,2025-02-08,B06,C0070,cash,10200
T0002215,2025-02-08 17:10:43,2025-02-08,B01,C0020,wallet,6900
T0002216,2025-02-08 18:32:47,2025-02-08,B02,C0081,wallet,14800
T0002217,2025-02-08 10:53:12,2025-02-08,B03,C0043,cash,18800
T0002218,2025-02-08 19:54:54,2025-02-08,B05,C0008,card,21200
T0002219,2025-02-08 16:42:08,2025-02-08,B03,C0034,cash,10100
T0002220,2025-02-08 16:13:18,2025-02-08,B03,C0048,wallet,15700
T0002221,2025-02-08 12:20:07,2025-02-08,B04,C0046,cash,29000
T0002222,2025-02-08 19:43:18,2025-02-08,B05,C0071,card,13500
T0002223,2025-02-08 16:28:14,2025-02-08,B02,C0037,card,24100
T0002224,2025-02-08 16:08:55,2025-02-08,B03,C0048,wallet,7000
T0002225,2025-02-08 21:07:05,2025-02-08,B05,C0036,card,14400
T0002226,2025-02-08 07:34:55,2025-02-08,B03,,cash,5600
T0002227,2025-02-08 11:07:50,2025-02-08,B03,C0062,card,3000
T0002228,2025-02-08 18:05:41,2025-02-08,B03,,cash,3100
T0002229,2025-02-09 14:07:12,2025-02-09,B02,C0064,wallet,8000
T0002230,2025-02-09 20:13:07,2025-02-09,B05,C0059,wallet,3200
T0002231,2025-02-09 22:58:15,2025-02-09,B05,C0106,cash,21900
T0002232,2025-02-09 22:47:44,2025-02-09,B06,,card,2600
T0002233,2025-02-09 22:29:16,2025-02-09,B03,C0048,cash,5800
T0002234,2025-02-09 08:13:20,2025-02-09,B04,C0035,wallet,11000
T0002235,2025-02-09 10:24:33,2025-02-09,B03,C0063,wallet,2700
T0002236,2025-02-09 07:20:11,2025-02-09,B02,C0113,wallet,6000
T0002237,2025-02-09 22:29:11,2025-02-09,B02,C0096,card,5200
T0002238,2025-02-09 15:26:54,2025-02-09,B05,C0066,wallet,32800
T0002239,2025-02-09 16:13:48,2025-02-09,B02,,card,8000
T0002240,2025-02-09 13:41:53,2025-02-09,B02,C0106,cash,11100
T0002241,2025-02-09 08:28:04,2025-02-09,B05,C0012,cash,5200
T0002242,2025-02-09 11:33:59,2025-02-09,B02,C0021,cash,18400
T0002243,2025-02-09 10:19:38,2025-02-09,B05,C0100,cash,4500
T0002244,2025-02-09 17:11:35,2025-02-09,B04,C0012,cash,12200
T0002245,2025-02-09 21:02:43,2025-02-09,B03,C0097,card,16800
T0002246,2025-02-09 18:39:41,2025-02-09,B06,,card,22700
T0002247,2025-02-09 20:49:19,2025-02-09,B02,,cash,16800
T0002248,2025-02-09 16:31:51,2025-02-09,B02,C0112,cash,3500
T0002249,2025-02-09 07:47:00,2025-02-09,B02,C0097,cash,27700
T0002250,2025-02-09 13:50:49,2025-02-09,B01,C0092,card,14400
T0002251,2025-02-09 10:58:02,2025-02-09,B01,,cash,26300
T0002252,2025-02-09 14:15:25,2025-02-09,B05,C0050,card,26500
T0002253,2025-02-09 18:36:10,2025-02-09,B02,C0100,card,17600
T0002254,2025-02-09 14:23:57,2025-02-09,B04,C0016,card,4700
T0002255,2025-02-09 15:52:10,2025-02-09,B03,C0012,wallet,17900
T0002256,2025-02-09 22:55:01,2025-02-09,B04,C0002,card,13800
T0002257,2025-02-09 20:41:49,2025-02-09,B01,C0113,wallet,6700
T0002258,2025-02-09 11:41:48,2025-02-09,B05,C0053,wallet,12700
T0002259,2025-02-09 21:48:05,2025-02-09,B03,C0015,cash,9200
T0002260,2025-02-09 14:31:20,2025-02-09,B03,C0101,wallet,40600
T0002261,2025-02-09 15:43:18,2025-02-09,B01,,cash,24200
T0002262,2025-02-09 18:35:04,2025-02-09,B01,C0093,wallet,12500
T0002263,2025-02-09 19:13:47,2025-02-09,B04,C0023,cash,8900
T0002264,2025-02-09 08:52:21,2025-02-09,B01,C0073,card,21900
T0002265,2025-02-09 09:01:01,2025-02-09,B06,C0104,card,23800
T0002266,2025-02-09 22:33:28,2025-02-09,B05,C0028,wallet,6500
T0002267,2025-02-09 08:51:11,2025-02-09,B02,,card,20500
T0002268,2025-02-09 22:55:40,2025-02-09,B04,C0062,cash,15100
T0002269,2025-02-09 12:33:01,2025-02-09,B04,,wallet,6400
T0002270,2025-02-09 19:07:41,2025-02-09,B04,,card,3900
T0002271,2025-02-09 14:23:50,2025-02-09,B02,C0098,cash,6000
T0002272,2025-02-09 16:58:13,2025-02-09,B03,C0062,cash,19600
T0002273,2025-02-09 11:58:59,2025-02-09,B02,,wallet,5000
T0002274,2025-02-09 12:50:24,2025-02-09,B01,C0052,cash,10200
T0002275,2025-02-09 13:25:01,2025-02-09,B02,,wallet,19700
T0002276,2025-02-09 20:32:24,2025-02-09,B02,C0115,card,15700
T0002277,2025-02-09 08:05:25,2025-02-09,B01,,card,18900
T0002278,2025-02-09 15:50:26,2025-02-09,B02,C0017,card,26600
T0002279,2025-02-09 12:52:06,2025-02-09,B05,C0020,cash,10800
T0002280,2025-02-09 13:37:05,2025-02-09,B02,C0093,cash,27100
T0002281,2025-02-09 07:41:55,2025-02-09,B06,C0072,card,11500
T0002282,2025-02-09 21:56:16,2025-02-09,B04,,cash,21500
T0002283,2025-02-09 11:39:35,2025-02-09,B01,C0093,card,35500
T0002284,2025-02-09 15:19:08,2025-02-09,B05,C0085,wallet,1900
T0002285,2025-02-09 21:05:05,2025-02-09,B03,C0061,cash,36100
T0002286,2025-02-09 15:59:31,2025-02-09,B05,C0008,wallet,27000
T0002287,2025-02-09 15:44:49,2025-02-09,B04,,wallet,7600
T0002288,2025-02-09 17:08:02,2025-02-09,B03,,wallet,6800
T0002289,2025-02-09 13:30:30,2025-02-09,B04,C0048,card,6300
T0002290,2025-02-09 18:56:10,2025-02-09,B04,C0108,wallet,2600
T0002291,2025-02-09 07:50:29,2025-02-09,B02,C0064,cash,10400
T0002292,2025-02-09 19:40:12,2025-02-09,B03,C0051,cash,26500
T0002293,2025-02-09 09:47:40,2025-02-09,B04,C0053,wallet,25000
T0002294,2025-02-09 12:18:24,2025-02-09,B04,C0091,cash,6000
T0002295,2025-02-09 10:36:51,2025-02-09,B02,C0096,card,14700
T0002296,2025-02-09 16:10:55,2025-02-09,B05,,wallet,7000
T0002297,2025-02-09 13:17:32,2025-02-09,B06,C0075,wallet,25500
T0002298,2025-02-09 17:05:16,2025-02-09,B03,C0007,card,15000
T0002299,2025-02-09 15:03:13,2025-02-09,B06,,card,1900
T0002300,2025-02-09 17:35:10,2025-02-09,B06,C0008,cash,11600
T0002301,2025-02-10 11:50:48,2025-02-10,B06,,wallet,3600
T0002302,2025-02-10 15:59:45,2025-02-10,B01,,wallet,17100
T0002303,2025-02-10 22:57:18,2025-02-10,B05,C0047,wallet,5800
T0002304,2025-02-10 21:03:31,2025-02-10,B01,C0085,wallet,16700
T0002305,2025-02-10 20:50:39,2025-02-10,B01,C0118,card,11400
T0002306,2025-02-10 08:03:52,2025-02-10,B05,C0040,cash,9500
T0002307,2025-02-10 18:55:39,2025-02-10,B02,,card,2400
T0002308,2025-02-10 21:17:48,2025-02-10,B06,C0096,cash,18600
T0002309,2025-02-10 20:52:57,2025-02-10,B06,C0026,cash,26200
T0002310,2025-02-10 10:29:52,2025-02-10,B03,C0091,card,2300
T0002311,2025-02-10 21:42:14,2025-02-10,B05,C0096,wallet,14400
T0002312,2025-02-10 08:52:52,2025-02-10,B02,,cash,2700
T0002313,2025-02-10 22:43:47,2025-02-10,B02,C0110,wallet,7200
T0002314,2025-02-10 20:13:23,2025-02-10,B01,C0066,card,7900
T0002315,2025-02-10 12:20:03,2025-02-10,B01,C0075,card,13400
T0002316,2025-02-10 10:43:43,2025-02-10,B04,C0097,cash,21400
T0002317,2025-02-10 10:38:52,2025-02-10,B01,C0054,card,29400
T0002318,2025-02-10 09:45:34,2025-02-10,B01,C0005,wallet,14800
T0002319,2025-02-10 20:51:30,2025-02-10,B05,C0105,wallet,31400
T0002320,2025-02-10 12:07:35,2025-02-10,B05,C0106,card,3700
T0002321,2025-02-10 20:55:54,2025-02-10,B01,C0109,wallet,1300
T0002322,2025-02-10 16:39:37,2025-02-10,B01,,wallet,3100
T0002323,2025-02-10 15:30:29,2025-02-10,B06,C0031,wallet,13700
T0002324,2025-02-10 13:14:28,2025-02-10,B06,C0049,wallet,23800
T0002325,2025-02-10 08:10:13,2025-02-10,B05,C0092,cash,10700
T0002326,2025-02-10 09:01:08,2025-02-10,B05,C0072,cash,3000
T0002327,2025-02-10 15:35:12,2025-02-10,B03,C0009,wallet,18200
T0002328,2025-02-10 18:25:20,2025-02-10,B04,C0081,cash,18200
T0002329,2025-02-10 08:49:12,2025-02-10,B06,C0074,cash,5400
T0002330,2025-02-10 09:26:34,2025-02-10,B06,C0035,cash,19700
T0002331,2025-02-10 20:54:56,2025-02-10,B05,C0053,card,14500
T0002332,2025-02-10 19:27:36,2025-02-10,B06,C0023,cash,30600
T0002333,2025-02-10 19:50:41,2025-02-10,B02,,cash,8200
T0002334,2025-02-10 07:24:05,2025-02-10,B06,C0018,wallet,16700
T0002335,2025-02-10 21:20:23,2025-02-10,B06,,wallet,6900
T0002336,2025-02-10 18:08:38,2025-02-10,B03,C0060,card,16600
T0002337,2025-02-10 12:57:44,2025-02-10,B01,,wallet,5900
T0002338,2025-02-10 14:39:17,2025-02-10,B02,C0033,cash,11700
T0002339,2025-02-10 16:56:50,2025-02-10,B05,,cash,2600
T0002340,2025-02-10 19:16:34,2025-02-10,B05,,card,6600
T0002341,2025-02-10 13:07:18,2025-02-10,B05,C0037,card,19500
T0002342,2025-02-10 16:10:02,2025-02-10,B04,C0088,card,15200
T0002343,2025-02-10 10:25:02,2025-02-10,B04,C0073,cash,28100
T0002344,2025-02-10 15:42:38,2025-02-10,B02,C0114,cash,16700
T0002345,2025-02-10 20:16:01,2025-02-10,B03,C0105,cash,17300
T0002346,2025-02-10 18:02:56,2025-02-10,B05,,cash,10300
T0002347,2025-02-10 19:17:19,2025-02-10,B02,C0048,card,18400
T0002348,2025-02-10 21:33:08,2025-02-10,B06,,card,20400
T0002349,2025-02-10 15:17:55,2025-02-10,B05,C0109,card,6200
T0002350,2025-02-10 17:45:41,2025-02-10,B06,C0064,cash,10400
T0002351,2025-02-10 11:50:25,2025-02-10,B01,C0040,card,16100
T0002352,2025-02-10 20:06:12,2025-02-10,B05,C0079,cash,2500
T0002353,2025-02-10 16:14:05,2025-02-10,B02,C0100,wallet,18600
T0002354,2025-02-11 20:45:20,2025-02-11,B04,C0027,card,6600
T0002355,2025-02-11 15:24:36,2025-02-11,B05,C0036,wallet,4400
T0002356,2025-02-11 12:06:58,2025-02-11,B06,C0044,cash,7600
T0002357,2025-02-11 07:25:03,2025-02-11,B06,C0043,cash,3500
T0002358,2025-02-11 13:08:52,2025-02-11,B04,C0048,wallet,8200
T0002359,2025-02-11 12:19:22,2025-02-11,B01,C0027,card,26500
T0002360,2025-02-11 22:22:59,2025-02-11,B02,C0110,cash,2400
T0002361,2025-02-11 13:38:57,2025-02-11,B02,C0058,card,25500
T0002362,2025-02-11 20:20:25,2025-02-11,B03,,wallet,6300
T0002363,2025-02-11 10:47:42,2025-02-11,B01,C0096,cash,24200
T0002364,2025-02-11 08:29:41,2025-02-11,B04,C0081,wallet,22700
T0002365,2025-02-11 15:43:17,2025-02-11,B03,C0048,cash,6400
T0002366,2025-02-11 13:22:51,2025-02-11,B03,C0041,card,10600
T0002367,2025-02-11 21:58:40,2025-02-11,B03,C0115,cash,12700
T0002368,2025-02-11 17:10:16,2025-02-11,B02,,wallet,6300
T0002369,2025-02-11 17:07:11,2025-02-11,B03,,cash,23600
T0002370,2025-02-11 10:17:35,2025-02-11,B03,C0003,cash,23500
T0002371,2025-02-11 14:23:38,2025-02-11,B06,C0071,card,18000
T0002372,2025-02-11 08:12:13,2025-02-11,B03,,card,30200
T0002373,2025-02-11 17:15:09,2025-02-11,B05,C0008,card,8700
T0002374,2025-02-11 10:04:55,2025-02-11,B04,C0064,cash,25100
T0002375,2025-02-11 14:41:18,2025-02-11,B06,C0016,cash,14400
T0002376,2025-02-11 18:46:46,2025-02-11,B02,C0035,card,3200
T0002377,2025-02-11 18:58:18,2025-02-11,B01,C0082,cash,19800
T0002378,2025-02-11 21:14:57,2025-02-11,B06,C0049,cash,15000
T0002379,2025-02-11 16:06:33,2025-02-11,B05,C0092,cash,15700
T0002380,2025-02-11 16:33:42,2025-02-11,B06,C0016,card,22200
T0002381,2025-02-11 14:23:11,2025-02-11,B04,,card,12200
T0002382,2025-02-11 12:54:27,2025-02-11,B05,C0070,wallet,9500
T0002383,2025-02-11 19:09:59,2025-02-11,B01,C0084,cash,6600
T0002384,2025-02-11 21:28:32,2025-02-11,B04,C0071,card,8300
T0002385,2025-02-11 18:55:09,2025-02-11,B06,C0020,cash,28600
T0002386,2025-02-11 18:12:28,2025-02-11,B01,,cash,21200
T0002387,2025-02-11 21:43:12,2025-02-11,B05,C0030,card,21800
T0002388,2025-02-11 15:07:18,2025-02-11,B02,C0098,wallet,26000
T0002389,2025-02-11 13:12:30,2025-02-11,B05,C0048,wallet,2900
T0002390,2025-02-11 15:28:16,2025-02-11,B04,C0110,wallet,4700
T0002391,2025-02-11 08:08:30,2025-02-11,B04,C0084,card,15700
T0002392,2025-02-11 14:02:53,2025-02-11,B05,,wallet,16100
T0002393,2025-02-11 14:39:22,2025-02-11,B03,,card,6800
T0002394,2025-02-11 17:13:11,2025-02-11,B04,C0104,cash,7300
T0002395,2025-02-11 17:39:58,2025-02-11,B03,C0090,card,22000
T0002396,2025-02-11 18:23:50,2025-02-11,B06,C0115,cash,2800
T0002397,2025-02-11 15:50:29,2025-02-11,B03,C0114,cash,10100
T0002398,2025-02-11 18:01:24,2025-02-11,B02,,card,2500
T0002399,2025-02-11 09:32:11,2025-02-11,B03,C0023,card,23800
T0002400,2025-02-11 21:31:56,2025-02-11,B05,C0053,card,8400
T0002401,2025-02-11 11:38:10,2025-02-11,B02,C0050,wallet,3300
T0002402,2025-02-11 20:51:21,2025-02-11,B01,,card,9300
T0002403,2025-02-11 10:11:55,2025-02-11,B04,,wallet,7000
T0002404,2025-02-11 16:53:41,2025-02-11,B03,C0034,card,4700
T0002405,2025-02-11 18:09:18,2025-02-11,B05,C0092,card,11100
T0002406,2025-02-11 11:49:51,2025-02-11,B05,,wallet,12200
T0002407,2025-02-11 15:30:11,2025-02-11,B03,C0103,card,23900
T0002408,2025-02-11 18:13:35,2025-02-11,B04,,wallet,16900
T0002409,2025-02-11 10:51:27,2025-02-11,B04,C0029,card,8800
T0002410,2025-02-11 08:46:54,2025-02-11,B06,C0031,card,28300
T0002411,2025-02-12 15:08:38,2025-02-12,B03,C0075,wallet,38600
T0002412,2025-02-12 18:07:51,2025-02-12,B04,C0119,cash,12400
T0002413,2025-02-12 21:58:44,2025-02-12,B05,C0120,cash,6600
T0002414,2025-02-12 15:09:18,2025-02-12,B02,C0066,cash,9800
T0002415,2025-02-12 15:26:20,2025-02-12,B03,C0051,wallet,6200
T0002416,2025-02-12 08:31:23,2025-02-12,B03,C0064,wallet,14500
T0002417,2025-02-12 20:47:17,2025-02-12,B05,C0014,cash,22000
T0002418,2025-02-12 13:54:24,2025-02-12,B05,C0092,cash,14200
T0002419,2025-02-12 22:02:43,2025-02-12,B04,C0073,wallet,3700
T0002420,2025-02-12 21:33:23,2025-02-12,B01,C0035,card,6300
T0002421,2025-02-12 07:10:00,2025-02-12,B05,C0040,card,1600
T0002422,2025-02-12 18:10:17,2025-02-12,B01,C0013,cash,22300
T0002423,2025-02-12 19:16:58,2025-02-12,B01,C0079,cash,6700
T0002424,2025-02-12 15:59:07,2025-02-12,B03,C0024,card,22500
T0002425,2025-02-12 18:10:28,2025-02-12,B06,C0031,card,13100
T0002426,2025-02-12 13:12:11,2025-02-12,B01,C0087,cash,19100
T0002427,2025-02-12 11:52:39,2025-02-12,B01,C0074,wallet,14200
T0002428,2025-02-12 19:09:54,2025-02-12,B05,C0087,card,9300
T0002429,2025-02-12 07:57:26,2025-02-12,B02,C0038,card,23800
T0002430,2025-02-12 13:27:59,2025-02-12,B01,C0045,cash,25100
T0002431,2025-02-12 18:21:13,2025-02-12,B06,C0084,wallet,8600
T0002432,2025-02-12 14:25:27,2025-02-12,B01,C0054,wallet,6000
T0002433,2025-02-12 22:12:33,2025-02-12,B03,C0066,wallet,14500
T0002434,2025-02-12 08:28:19,2025-02-12,B06,,card,10800
T0002435,2025-02-12 18:04:48,2025-02-12,B03,C0014,card,11800
T0002436,2025-02-12 19:45:37,2025-02-12,B03,C0117,wallet,9700
T0002437,2025-02-12 17:34:50,2025-02-12,B06,,card,29200
T0002438,2025-02-12 16:15:01,2025-02-12,B04,C0014,wallet,13600
T0002439,2025-02-12 09:30:28,2025-02-12,B06,C0103,wallet,20000
T0002440,2025-02-12 13:00:41,2025-02-12,B06,,card,8100
T0002441,2025-02-12 16:21:47,2025-02-12,B06,C0117,wallet,10400
T0002442,2025-02-12 18:37:02,2025-02-12,B04,C0046,wallet,8800
T0002443,2025-02-12 10:07:46,2025-02-12,B04,C0050,card,10900
T0002444,2025-02-12 12:50:47,2025-02-12,B02,C0086,wallet,8000
T0002445,2025-02-12 16:42:35,2025-02-12,B01,C0105,wallet,11200
T0002446,2025-02-12 22:16:51,2025-02-12,B01,C0083,wallet,11600
T0002447,2025-02-12 08:33:46,2025-02-12,B06,C0090,card,13600
T0002448,2025-02-12 18:15:11,2025-02-12,B06,C0012,cash,17100
T0002449,2025-02-12 14:43:56,2025-02-12,B05,,wallet,13600
T0002450,2025-02-12 13:22:07,2025-02-12,B06,C0015,cash,6700
T0002451,2025-02-12 15:23:04,2025-02-12,B03,C0036,wallet,9700
T0002452,2025-02-12 15:36:43,2025-02-12,B04,,cash,16700
T0002453,2025-02-12 08:51:58,2025-02-12,B02,C0001,card,10400
T0002454,2025-02-12 17:50:05,2025-02-12,B02,C0094,cash,9600
T0002455,2025-02-12 11:11:03,2025-02-12,B03,C0074,cash,18500
T0002456,2025-02-12 16:54:25,2025-02-12,B04,C0052,cash,6400
T0002457,2025-02-12 08:43:54,2025-02-12,B02,C0023,card,34100
T0002458,2025-02-12 10:56:40,2025-02-12,B01,C0032,card,4600
T0002459,2025-02-12 13:31:56,2025-02-12,B03,C0094,wallet,2000
T0002460,2025-02-12 21:38:05,2025-02-12,B03,C0024,card,5800
T0002461,2025-02-12 12:56:19,2025-02-12,B01,C0058,cash,18100
T0002462,2025-02-12 07:17:40,2025-02-12,B05,C0048,cash,11100
T0002463,2025-02-12 17:26:39,2025-02-12,B06,C0057,card,9600
T0002464,2025-02-12 16:20:54,2025-02-12,B04,,card,10100
T0002465,2025-02-12 19:18:18,2025-02-12,B05,C0049,cash,8800
T0002466,2025-02-13 12:27:37,2025-02-13,B02,C0059,card,27800
T0002467,2025-02-13 08:07:08,2025-02-13,B03,C0042,cash,12200
T0002468,2025-02-13 13:01:11,2025-02-13,B06,C0021,card,11800
T0002469,2025-02-13 18:54:03,2025-02-13,B04,,cash,12600
T0002470,2025-02-13 13:06:06,2025-02-13,B05,,card,11300
T0002471,2025-02-13 17:17:22,2025-02-13,B03,C0004,wallet,11800
T0002472,2025-02-13 18:59:54,2025-02-13,B03,C0060,cash,5500
T0002473,2025-02-13 09:05:10,2025-02-13,B06,,cash,21300
T0002474,2025-02-13 14:16:27,2025-02-13,B06,C0067,card,12500
T0002475,2025-02-13 07:13:41,2025-02-13,B02,,card,21800
T0002476,2025-02-13 07:13:43,2025-02-13,B03,C0029,wallet,5300
T0002477,2025-02-13 07:32:49,2025-02-13,B02,C0044,card,11500
T0002478,2025-02-13 08:28:52,2025-02-13,B06,C0041,cash,10600
T0002479,2025-02-13 10:37:55,2025-02-13,B04,,card,20500
T0002480,2025-02-13 08:33:02,2025-02-13,B05,,card,8600
T0002481,2025-02-13 11:31:57,2025-02-13,B04,,wallet,14700
T0002482,2025-02-13 07:02:39,2025-02-13,B04,C0042,cash,8500
T0002483,2025-02-13 18:04:07,2025-02-13,B01,,cash,24900
T0002484,2025-02-13 16:40:59,2025-02-13,B06,C0025,wallet,17400
T0002485,2025-02-13 19:00:40,2025-02-13,B01,C0017,card,17100
T0002486,2025-02-13 16:09:14,2025-02-13,B05,C0117,cash,28000
T0002487,2025-02-13 11:38:47,2025-02-13,B04,C0047,card,11000
T0002488,2025-02-13 12:03:25,2025-02-13,B03,C0093,cash,11500
T0002489,2025-02-13 08:13:01,2025-02-13,B05,C0005,cash,1600
T0002490,2025-02-13 22:03:48,2025-02-13,B04,C0033,cash,17200
T0002491,2025-02-13 11:57:59,2025-02-13,B01,C0029,card,7200
T0002492,2025-02-13 09:06:39,2025-02-13,B06,C0020,cash,12200
T0002493,2025-02-13 16:22:06,2025-02-13,B03,,card,3700
T0002494,2025-02-13 10:29:18,2025-02-13,B06,C0060,wallet,30600
T0002495,2025-02-13 07:12:19,2025-02-13,B03,C0095,card,9700
T0002496,2025-02-13 10:29:52,2025-02-13,B02,C0003,card,2600
T0002497,2025-02-13 18:22:36,2025-02-13,B01,,wallet,5600
T0002498,2025-02-13 07:44:28,2025-02-13,B06,C0071,card,6100
T0002499,2025-02-13 12:11:59,2025-02-13,B02,C0012,card,7600
T0002500,2025-02-13 14:20:46,2025-02-13,B01,,card,5200
T0002501,2025-02-13 13:21:25,2025-02-13,B06,C0106,wallet,15000
T0002502,2025-02-13 22:44:58,2025-02-13,B01,C0001,cash,21000
T0002503,2025-02-13 16:22:56,2025-02-13,B03,C0049,cash,34900
T0002504,2025-02-13 12:45:26,2025-02-13,B03,C0113,wallet,35100
T0002505,2025-02-13 09:48:17,2025-02-13,B03,,wallet,16400
T0002506,2025-02-13 13:13:16,2025-02-13,B05,C0070,wallet,15500
T0002507,2025-02-13 20:52:14,2025-02-13,B04,C0048,card,15800
T0002508,2025-02-13 20:42:19,2025-02-13,B04,,card,13700
T0002509,2025-02-13 09:09:43,2025-02-13,B05,C0110,cash,22300
T0002510,2025-02-13 14:08:14,2025-02-13,B06,C0050,wallet,11800
T0002511,2025-02-13 11:38:40,2025-02-13,B03,C0042,card,2700
T0002512,2025-02-13 21:23:40,2025-02-13,B01,C0055,cash,9500
T0002513,2025-02-13 22:50:54,2025-02-13,B03,C0019,card,17700
T0002514,2025-02-13 15:58:33,2025-02-13,B05,C0099,cash,36200
T0002515,2025-02-13 10:49:55,2025-02-13,B01,C0079,wallet,8500
T0002516,2025-02-14 19:46:53,2025-02-14,B05,C0050,cash,3700
T0002517,2025-02-14 20:14:12,2025-02-14,B06,C0041,card,23200
T0002518,2025-02-14 08:37:39,2025-02-14,B04,,card,11200
T0002519,2025-02-14 21:23:26,2025-02-14,B04,,cash,3600
T0002520,2025-02-14 22:35:49,2025-02-14,B04,C0092,cash,22500
T0002521,2025-02-14 20:52:59,2025-02-14,B02,C0011,card,24200
T0002522,2025-02-14 14:03:33,2025-02-14,B06,C0041,card,9600
T0002523,2025-02-14 21:21:32,2025-02-14,B03,C0086,cash,11400
T0002524,2025-02-14 19:34:55,2025-02-14,B02,C0112,card,10000
T0002525,2025-02-14 15:27:10,2025-02-14,B02,C0053,card,13600
T0002526,2025-02-14 15:55:30,2025-02-14,B04,C0022,cash,2900
T0002527,2025-02-14 21:20:55,2025-02-14,B01,C0082,wallet,23900
T0002528,2025-02-14 13:33:49,2025-02-14,B03,C0081,cash,9600
T0002529,2025-02-14 18:24:28,2025-02-14,B01,C0106,wallet,21400
T0002530,2025-02-14 15:42:27,2025-02-14,B01,C0088,wallet,22500
T0002531,2025-02-14 22:35:57,2025-02-14,B04,C0001,card,12100
T0002532,2025-02-14 13:44:14,2025-02-14,B06,C0066,cash,7600
T0002533,2025-02-14 21:19:06,2025-02-14,B02,C0104,card,23200
T0002534,2025-02-14 16:56:00,2025-02-14,B05,C0069,cash,8300
T0002535,2025-02-14 21:25:58,2025-02-14,B02,C0015,wallet,2500
T0002536,2025-02-14 17:57:59,2025-02-14,B01,C0073,wallet,20700
T0002537,2025-02-14 08:07:08,2025-02-14,B02,,wallet,1800
T0002538,2025-02-14 16:56:01,2025-02-14,B02,C0031,wallet,10200
T0002539,2025-02-14 15:03:08,2025-02-14,B06,C0056,card,8000
T0002540,2025-02-14 10:18:05,2025-02-14,B06,C0085,cash,24200
T0002541,2025-02-14 18:58:00,2025-02-14,B04,C0063,card,17000
T0002542,2025-02-14 13:17:38,2025-02-14,B04,C0053,card,19000
T0002543,2025-02-14 16:11:42,2025-02-14,B03,,cash,5300
T0002544,2025-02-14 11:46:01,2025-02-14,B02,C0025,card,16000
T0002545,2025-02-14 15:01:27,2025-02-14,B06,C0008,wallet,23600
T0002546,2025-02-14 16:41:48,2025-02-14,B04,C0059,wallet,44700
T0002547,2025-02-14 09:40:42,2025-02-14,B02,C0046,wallet,10900
T0002548,2025-02-14 10:35:01,2025-02-14,B04,,card,4000
T0002549,2025-02-14 19:30:17,2025-02-14,B05,C0006,cash,20500
T0002550,2025-02-14 07:44:09,2025-02-14,B01,C0060,cash,11100
T0002551,2025-02-14 11:33:00,2025-02-14,B01,C0112,card,10300
T0002552,2025-02-14 10:17:08,2025-02-14,B05,C0072,card,8300
T0002553,2025-02-14 12:19:02,2025-02-14,B05,C0053,cash,9400
T0002554,2025-02-14 18:00:31,2025-02-14,B05,,card,6900
T0002555,2025-02-14 13:42:02,2025-02-14,B06,C0105,cash,29300
T0002556,2025-02-14 20:54:25,2025-02-14,B05,C0046,cash,14000
T0002557,2025-02-14 19:33:00,2025-02-14,B03,C0106,wallet,24700
T0002558,2025-02-14 22:22:17,2025-02-14,B04,C0031,wallet,17000
T0002559,2025-02-14 11:41:20,2025-02-14,B01,C0058,wallet,21700
T0002560,2025-02-14 08:46:28,2025-02-14,B02,C0030,cash,19400
T0002561,2025-02-14 14:16:26,2025-02-14,B03,C0022,wallet,17800
T0002562,2025-02-14 20:52:22,2025-02-14,B01,C0050,card,6900
T0002563,2025-02-15 20:16:30,2025-02-15,B06,C0074,wallet,4300
T0002564,2025-02-15 10:52:58,2025-02-15,B03,C0117,wallet,11800
T0002565,2025-02-15 13:02:55,2025-02-15,B06,C0001,card,14100
T0002566,2025-02-15 19:22:26,2025-02-15,B01,,card,5900
T0002567,2025-02-15 21:55:32,2025-02-15,B04,C0107,wallet,6800
T0002568,2025-02-15 21:46:02,2025-02-15,B04,,card,18600
T0002569,2025-02-15 11:45:14,2025-02-15,B03,C0103,wallet,3600
T0002570,2025-02-15 08:24:18,2025-02-15,B04,C0102,cash,3500
T0002571,2025-02-15 21:38:32,2025-02-15,B04,,cash,9600
T0002572,2025-02-15 11:54:56,2025-02-15,B04,C0002,card,11000
T0002573,2025-02-15 15:26:26,2025-02-15,B01,C0046,cash,10300
T0002574,2025-02-15 18:36:18,2025-02-15,B05,C0049,card,13800
T0002575,2025-02-15 10:45:33,2025-02-15,B01,C0117,wallet,4200
T0002576,2025-02-15 08:30:08,2025-02-15,B01,C0050,card,7000
T0002577,2025-02-15 21:05:58,2025-02-15,B01,C0034,wallet,22700
T0002578,2025-02-15 21:48:41,2025-02-15,B05,C0026,cash,8200
T0002579,2025-02-15 13:31:15,2025-02-15,B01,C0023,card,23800
T0002580,2025-02-15 07:56:03,2025-02-15,B04,C0002,card,17200
T0002581,2025-02-15 07:13:40,2025-02-15,B02,,card,18000
T0002582,2025-02-15 07:09:07,2025-02-15,B04,C0062,card,28900
T0002583,2025-02-15 19:48:42,2025-02-15,B02,,card,35700
T0002584,2025-02-15 21:39:23,2025-02-15,B05,C0104,cash,13300
T0002585,2025-02-15 08:08:44,2025-02-15,B05,C0117,wallet,8600
T0002586,2025-02-15 18:19:56,2025-02-15,B06,C0110,cash,16400
T0002587,2025-02-15 18:36:52,2025-02-15,B06,C0027,cash,16800
T0002588,2025-02-15 08:39:38,2025-02-15,B04,C0092,cash,19600
T0002589,2025-02-15 11:21:42,2025-02-15,B06,,card,23500
T0002590,2025-02-15 21:47:44,2025-02-15,B06,C0037,wallet,8100
T0002591,2025-02-15 07:22:22,2025-02-15,B05,,wallet,17700
T0002592,2025-02-15 18:45:50,2025-02-15,B03,C0100,cash,20600
T0002593,2025-02-15 22:06:47,2025-02-15,B03,,wallet,5000
T0002594,2025-02-15 17:11:18,2025-02-15,B04,C0053,cash,2600
T0002595,2025-02-15 16:35:46,2025-02-15,B03,C0011,card,4400
T0002596,2025-02-15 13:08:18,2025-02-15,B06,C0092,card,15600
T0002597,2025-02-15 20:34:14,2025-02-15,B03,C0099,card,11300
T0002598,2025-02-15 18:47:46,2025-02-15,B01,C0068,wallet,20100
T0002599,2025-02-15 21:33:51,2025-02-15,B04,C0055,card,11700
T0002600,2025-02-15 13:15:07,2025-02-15,B01,C0067,card,12600
T0002601,2025-02-15 09:37:46,2025-02-15,B02,C0075,card,35000
T0002602,2025-02-15 13:49:35,2025-02-15,B04,C0013,cash,12000
T0002603,2025-02-15 12:58:52,2025-02-15,B03,,cash,26100
T0002604,2025-02-15 07:04:50,2025-02-15,B03,C0114,wallet,8200
T0002605,2025-02-15 11:02:54,2025-02-15,B01,C0020,wallet,17200
T0002606,2025-02-15 07:15:45,2025-02-15,B03,C0112,wallet,18900
T0002607,2025-02-15 18:30:40,2025-02-15,B04,C0083,cash,8700
T0002608,2025-02-15 19:28:10,2025-02-15,B04,C0068,cash,9100
T0002609,2025-02-15 09:41:50,2025-02-15,B03,C0057,cash,12900
T0002610,2025-02-15 16:16:58,2025-02-15,B04,C0120,wallet,3000
T0002611,2025-02-15 20:57:45,2025-02-15,B05,,cash,4400
T0002612,2025-02-15 16:32:16,2025-02-15,B02,C0114,cash,12800
T0002613,2025-02-15 12:39:40,2025-02-15,B02,C0114,cash,21200
T0002614,2025-02-15 16:42:04,2025-02-15,B02,,cash,10700
T0002615,2025-02-15 09:25:40,2025-02-15,B01,C0055,card,21700
T0002616,2025-02-15 10:14:45,2025-02-15,B04,C0069,wallet,11200
T0002617,2025-02-15 13:33:27,2025-02-15,B01,C0098,cash,12800
T0002618,2025-02-15 11:58:59,2025-02-15,B06,C0104,wallet,24100
T0002619,2025-02-15 09:55:10,2025-02-15,B04,C0029,cash,4000
T0002620,2025-02-15 11:07:00,2025-02-15,B05,C0108,cash,5200
T0002621,2025-02-15 20:59:02,2025-02-15,B03,C0080,wallet,8900
T0002622,2025-02-15 13:57:25,2025-02-15,B04,C0085,card,15200
T0002623,2025-02-15 20:05:38,2025-02-15,B03,C0090,wallet,7000
T0002624,2025-02-15 18:12:30,2025-02-15,B04,C0087,cash,15700
T0002625,2025-02-15 20:19:17,2025-02-15,B04,C0026,card,9900
T0002626,2025-02-15 13:39:59,2025-02-15,B02,C0005,card,14300
T0002627,2025-02-15 22:06:23,2025-02-15,B01,C0066,card,10000
T0002628,2025-02-15 08:48:36,2025-02-15,B02,C0092,cash,12700
T0002629,2025-02-15 09:38:30,2025-02-15,B04,C0034,card,11100
T0002630,2025-02-15 21:26:07,2025-02-15,B04,C0041,card,27700
T0002631,2025-02-15 20:35:52,2025-02-15,B04,C0042,wallet,8700
T0002632,2025-02-16 14:11:09,2025-02-16,B02,C0066,cash,33400
T0002633,2025-02-16 08:24:08,2025-02-16,B06,C0043,cash,27900
T0002634,2025-02-16 07:23:46,2025-02-16,B01,,cash,13200
T0002635,2025-02-16 11:09:26,2025-02-16,B06,C0081,wallet,11400
T0002636,2025-02-16 17:42:26,2025-02-16,B02,C0102,cash,9300
T0002637,2025-02-16 19:34:25,2025-02-16,B03,C0098,wallet,31400
T0002638,2025-02-16 07:50:12,2025-02-16,B01,C0036,cash,5200
T0002639,2025-02-16 14:12:56,2025-02-16,B01,C0082,cash,3000
T0002640,2025-02-16 09:41:04,2025-02-16,B02,,cash,38700
T0002641,2025-02-16 17:52:50,2025-02-16,B01,C0078,card,1300
T0002642,2025-02-16 17:49:38,2025-02-16,B04,C0025,wallet,6600
T0002643,2025-02-16 17:24:42,2025-02-16,B06,,wallet,32700
T0002644,2025-02-16 07:25:39,2025-02-16,B06,C0087,card,39800
T0002645,2025-02-16 13:08:12,2025-02-16,B02,,wallet,19800
T0002646,2025-02-16 08:41:12,2025-02-16,B04,C0084,card,28200
T0002647,2025-02-16 15:08:35,2025-02-16,B03,C0077,cash,2500
T0002648,2025-02-16 08:49:16,2025-02-16,B04,C0087,card,9800
T0002649,2025-02-16 17:24:16,2025-02-16,B03,C0044,cash,20200
T0002650,2025-02-16 20:51:28,2025-02-16,B06,C0051,card,24500
T0002651,2025-02-16 09:03:40,2025-02-16,B02,C0083,cash,26900
T0002652,2025-02-16 19:36:50,2025-02-16,B01,C0098,wallet,17500
T0002653,2025-02-16 19:47:42,2025-02-16,B01,C0068,wallet,7600
T0002654,2025-02-16 20:11:04,2025-02-16,B02,,card,5300
T0002655,2025-02-16 16:48:27,2025-02-16,B04,C0037,card,5000
T0002656,2025-02-16 15:06:40,2025-02-16,B01,C0095,cash,13900
T0002657,2025-02-16 19:41:53,2025-02-16,B01,C0081,wallet,6700
T0002658,2025-02-16 16:47:39,2025-02-16,B03,C0055,cash,31700
T0002659,2025-02-16 22:23:34,2025-02-16,B03,C0037,cash,31300
T0002660,2025-02-16 18:17:55,2025-02-16,B04,C0057,card,6500
T0002661,2025-02-16 09:22:21,2025-02-16,B03,C0116,wallet,21500
T0002662,2025-02-16 22:26:37,2025-02-16,B03,C0044,wallet,16900
T0002663,2025-02-16 07:50:19,2025-02-16,B02,C0071,card,6200
T0002664,2025-02-16 10:14:55,2025-02-16,B05,C0108,cash,7600
T0002665,2025-02-16 15:34:59,2025-02-16,B03,C0062,cash,13600
T0002666,2025-02-16 09:25:39,2025-02-16,B06,C0024,cash,12600
T0002667,2025-02-16 10:25:53,2025-02-16,B05,C0071,cash,11500
T0002668,2025-02-16 22:28:56,2025-02-16,B06,C0073,cash,2300
T0002669,2025-02-16 15:00:23,2025-02-16,B05,C0117,cash,25800
T0002670,2025-02-16 15:00:17,2025-02-16,B06,C0102,cash,12500
T0002671,2025-02-16 19:01:05,2025-02-16,B05,C0020,cash,11200
T0002672,2025-02-16 07:53:42,2025-02-16,B06,C0114,card,13400
T0002673,2025-02-16 09:50:28,2025-02-16,B03,C0023,wallet,1500
T0002674,2025-02-16 18:15:49,2025-02-16,B06,C0082,cash,31200
T0002675,2025-02-16 14:24:33,2025-02-16,B02,C0080,wallet,8200
T0002676,2025-02-16 07:33:11,2025-02-16,B05,,cash,4800
T0002677,2025-02-16 18:51:03,2025-02-16,B04,C0079,wallet,6900
T0002678,2025-02-16 15:24:09,2025-02-16,B04,,cash,24600
T0002679,2025-02-16 08:55:55,2025-02-16,B01,C0080,wallet,9100
T0002680,2025-02-16 08:49:38,2025-02-16,B03,C0050,wallet,6700
T0002681,2025-02-16 11:50:57,2025-02-16,B01,C0011,wallet,7800
T0002682,2025-02-16 22:23:09,2025-02-16,B01,,wallet,10900
T0002683,2025-02-16 11:32:38,2025-02-16,B03,C0084,card,16900
T0002684,2025-02-16 11:55:26,2025-02-16,B02,C0022,cash,8000
T0002685,2025-02-16 14:32:27,2025-02-16,B06,C0033,card,29400
T0002686,2025-02-16 08:48:00,2025-02-16,B04,C0082,card,1800
T0002687,2025-02-16 18:04:12,2025-02-16,B03,C0115,cash,14900
T0002688,2025-02-16 22:32:48,2025-02-16,B04,C0032,cash,22300
T0002689,2025-02-16 14:58:16,2025-02-16,B02,,cash,2400
T0002690,2025-02-16 19:52:35,2025-02-16,B03,C0076,cash,10700
T0002691,2025-02-16 17:36:06,2025-02-16,B06,C0089,card,9100
T0002692,2025-02-17 20:31:27,2025-02-17,B02,C0063,card,13100
T0002693,2025-02-17 20:07:02,2025-02-17,B04,C0038,card,18800
T0002694,2025-02-17 15:38:29,2025-02-17,B05,,cash,16800
T0002695,2025-02-17 07:44:28,2025-02-17,B05,C0009,cash,14100
T0002696,2025-02-17 17:45:00,2025-02-17,B03,C0072,card,26100
T0002697,2025-02-17 11:52:15,2025-02-17,B01,C0048,card,11500
T0002698,2025-02-17 14:54:16,2025-02-17,B03,C0114,wallet,4300
T0002699,2025-02-17 15:59:28,2025-02-17,B05,C0013,wallet,13000
T0002700,2025-02-17 18:00:10,2025-02-17,B04,C0079,cash,7800
T0002701,2025-02-17 20:37:05,2025-02-17,B05,C0033,card,7400
T0002702,2025-02-17 17:36:23,2025-02-17,B05,C0103,cash,22400
T0002703,2025-02-17 16:57:12,2025-02-17,B05,C0106,wallet,4200
T0002704,2025-02-17 17:50:45,2025-02-17,B06,C0056,card,13100
T0002705,2025-02-17 19:16:39,2025-02-17,B05,C0060,cash,12100
T0002706,2025-02-17 07:12:01,2025-02-17,B04,C0114,wallet,9400
T0002707,2025-02-17 19:12:35,2025-02-17,B01,C0054,card,7900
T0002708,2025-02-17 18:54:13,2025-02-17,B05,C0088,cash,6700
T0002709,2025-02-17 16:57:39,2025-02-17,B05,C0082,wallet,13300
T0002710,2025-02-17 12:23:48,2025-02-17,B02,C0089,wallet,22900
T0002711,2025-02-17 13:44:57,2025-02-17,B02,C0078,card,12000
T0002712,2025-02-17 16:27:56,2025-02-17,B04,C0115,cash,6600
T0002713,2025-02-17 21:12:52,2025-02-17,B06,,cash,6700
T0002714,2025-02-17 16:47:24,2025-02-17,B04,C0046,wallet,1800
T0002715,2025-02-17 16:11:52,2025-02-17,B06,C0007,cash,17700
T0002716,2025-02-17 12:37:52,2025-02-17,B06,C0038,wallet,10300
T0002717,2025-02-17 19:30:41,2025-02-17,B06,C0102,card,6100
T0002718,2025-02-17 14:22:40,2025-02-17,B06,C0118,wallet,9900
T0002719,2025-02-17 13:58:23,2025-02-17,B01,C0028,card,2700
T0002720,2025-02-17 20:00:05,2025-02-17,B04,C0093,cash,9400
T0002721,2025-02-17 08:30:54,2025-02-17,B01,C0112,wallet,17600
T0002722,2025-02-17 12:47:51,2025-02-17,B02,C0007,card,12800
T0002723,2025-02-17 22:09:52,2025-02-17,B02,C0116,wallet,5400
T0002724,2025-02-17 18:04:56,2025-02-17,B04,C0064,card,13200
T0002725,2025-02-17 20:35:01,2025-02-17,B06,,cash,12600
T0002726,2025-02-17 08:17:11,2025-02-17,B06,,cash,7000
T0002727,2025-02-17 16:34:00,2025-02-17,B03,C0084,cash,5900
T0002728,2025-02-17 21:35:58,2025-02-17,B05,,card,4000
T0002729,2025-02-17 12:43:38,2025-02-17,B03,,card,13400
T0002730,2025-02-17 14:48:38,2025-02-17,B03,C0042,wallet,7300
T0002731,2025-02-17 19:35:09,2025-02-17,B06,C0014,card,16700
T0002732,2025-02-17 12:38:04,2025-02-17,B06,C0027,wallet,12600
T0002733,2025-02-17 18:58:49,2025-02-17,B05,C0075,card,15500
T0002734,2025-02-17 11:17:43,2025-02-17,B01,C0029,card,18600
T0002735,2025-02-17 21:20:11,2025-02-17,B06,C0002,card,5500
T0002736,2025-02-17 21:32:59,2025-02-17,B03,C0041,cash,7200
T0002737,2025-02-17 22:12:00,2025-02-17,B01,C0099,wallet,12700
T0002738,2025-02-18 15:03:42,2025-02-18,B05,C0065,cash,3700
T0002739,2025-02-18 11:26:33,2025-02-18,B06,,cash,8800
T0002740,2025-02-18 21:42:57,2025-02-18,B05,C0077,card,14100
T0002741,2025-02-18 15:41:18,2025-02-18,B04,C0099,card,24100
T0002742,2025-02-18 16:01:40,2025-02-18,B02,C0089,wallet,14600
T0002743,2025-02-18 12:57:28,2025-02-18,B05,C0072,wallet,11200
T0002744,2025-02-18 14:18:49,2025-02-18,B04,C0076,wallet,35800
T0002745,2025-02-18 16:46:59,2025-02-18,B01,C0053,card,6400
T0002746,2025-02-18 16:00:16,2025-02-18,B03,,card,12700
T0002747,2025-02-18 18:04:54,2025-02-18,B04,C0050,wallet,29600
T0002748,2025-02-18 15:57:22,2025-02-18,B02,C0041,wallet,8600
T0002749,2025-02-18 14:14:26,2025-02-18,B05,C0088,cash,33700
T0002750,2025-02-18 13:14:38,2025-02-18,B03,C0078,cash,15500
T0002751,2025-02-18 15:02:34,2025-02-18,B03,C0106,card,8400
T0002752,2025-02-18 14:39:44,2025-02-18,B01,C0059,cash,3100
T0002753,2025-02-18 15:58:47,2025-02-18,B06,C0027,cash,12400
T0002754,2025-02-18 14:38:02,2025-02-18,B03,,card,7100
T0002755,2025-02-18 13:38:53,2025-02-18,B04,C0064,card,5000
T0002756,2025-02-18 12:36:12,2025-02-18,B04,C0092,cash,37700
T0002757,2025-02-18 11:11:10,2025-02-18,B01,,wallet,9900
T0002758,2025-02-18 11:23:53,2025-02-18,B05,C0061,wallet,25400
T0002759,2025-02-18 15:34:16,2025-02-18,B04,,card,2300
T0002760,2025-02-18 13:53:29,2025-02-18,B06,C0117,card,18200
T0002761,2025-02-18 08:29:04,2025-02-18,B06,C0062,cash,2800
T0002762,2025-02-18 11:38:36,2025-02-18,B05,C0090,card,9600
T0002763,2025-02-18 17:58:17,2025-02-18,B05,C0041,card,8100
T0002764,2025-02-18 20:52:07,2025-02-18,B02,C0049,wallet,3500
T0002765,2025-02-18 16:13:30,2025-02-18,B04,C0020,cash,11500
T0002766,2025-02-18 16:48:14,2025-02-18,B03,C0119,card,10200
T0002767,2025-02-18 10:18:00,2025-02-18,B02,C0031,card,9200
T0002768,2025-02-18 08:54:04,2025-02-18,B05,C0051,wallet,18500
T0002769,2025-02-18 17:02:05,2025-02-18,B04,C0070,cash,4000
T0002770,2025-02-18 21:24:59,2025-02-18,B01,C0072,cash,26900
T0002771,2025-02-18 17:23:49,2025-02-18,B05,C0082,wallet,6700
T0002772,2025-02-18 19:53:56,2025-02-18,B05,C0008,wallet,6800
T0002773,2025-02-18 15:14:35,2025-02-18,B02,C0011,cash,17800
T0002774,2025-02-18 09:15:51,2025-02-18,B04,C0055,card,15900
T0002775,2025-02-18 20:10:45,2025-02-18,B05,C0079,card,4500
T0002776,2025-02-18 08:42:47,2025-02-18,B05,C0118,wallet,16800
T0002777,2025-02-18 21:06:36,2025-02-18,B03,C0066,wallet,24400
T0002778,2025-02-18 13:22:38,2025-02-18,B01,C0007,wallet,9700
T0002779,2025-02-18 14:21:42,2025-02-18,B03,C0054,wallet,6800
T0002780,2025-02-18 17:21:18,2025-02-18,B02,,wallet,17800
T0002781,2025-02-18 12:28:27,2025-02-18,B03,C0022,card,13800
T0002782,2025-02-18 20:20:35,2025-02-18,B03,C0089,wallet,11000
T0002783,2025-02-18 20:23:06,2025-02-18,B04,C0079,card,11100
T0002784,2025-02-18 09:41:49,2025-02-18,B02,C0082,cash,6500
T0002785,2025-02-19 15:33:09,2025-02-19,B03,C0057,cash,10700
T0002786,2025-02-19 13:12:35,2025-02-19,B02,,cash,9300
T0002787,2025-02-19 09:14:43,2025-02-19,B06,C0019,cash,27300
T0002788,2025-02-19 17:38:07,2025-02-19,B03,C0086,wallet,5600
T0002789,2025-02-19 12:52:51,2025-02-19,B05,,cash,4300
T0002790,2025-02-19 16:59:54,2025-02-19,B05,,wallet,7600
T0002791,2025-02-19 09:51:43,2025-02-19,B02,C0097,card,18400
T0002792,2025-02-19 08:50:25,2025-02-19,B04,,wallet,31700
T0002793,2025-02-19 18:43:23,2025-02-19,B02,C0037,cash,28900
T0002794,2025-02-19 08:41:18,2025-02-19,B03,C0025,card,5700
T0002795,2025-02-19 18:06:10,2025-02-19,B01,C0047,card,15300
T0002796,2025-02-19 19:57:08,2025-02-19,B05,C0030,cash,7100
T0002797,2025-02-19 09:14:50,2025-02-19,B03,,card,28900
T0002798,2025-02-19 10:54:38,2025-02-19,B01,,cash,4200
T0002799,2025-02-19 07:38:27,2025-02-19,B01,C0002,card,3300
T0002800,2025-02-19 14:07:45,2025-02-19,B02,,cash,14800
T0002801,2025-02-19 20:07:52,2025-02-19,B06,C0013,wallet,5900
T0002802,2025-02-19 14:16:50,2025-02-19,B05,C0091,wallet,10800
T0002803,2025-02-19 13:03:14,2025-02-19,B06,C0108,cash,11800
T0002804,2025-02-19 21:16:50,2025-02-19,B03,C0045,cash,2200
T0002805,2025-02-19 21:09:31,2025-02-19,B06,C0099,cash,17400
T0002806,2025-02-19 14:47:56,2025-02-19,B01,C0086,cash,32300
T0002807,2025-02-19 15:59:55,2025-02-19,B06,C0027,card,17300
T0002808,2025-02-19 13:06:20,2025-02-19,B01,C0063,card,8300
T0002809,2025-02-19 07:07:27,2025-02-19,B03,C0088,card,30500
T0002810,2025-02-19 11:18:58,2025-02-19,B06,C0071,wallet,15000
T0002811,2025-02-19 07:29:26,2025-02-19,B04,C0044,wallet,10900
T0002812,2025-02-19 21:31:15,2025-02-19,B05,C0083,card,11700
T0002813,2025-02-19 18:28:40,2025-02-19,B02,C0034,cash,30700
T0002814,2025-02-19 17:29:46,2025-02-19,B04,C0079,cash,3800
T0002815,2025-02-19 17:19:52,2025-02-19,B04,C0081,cash,15300
T0002816,2025-02-19 21:54:49,2025-02-19,B02,C0086,wallet,4700
T0002817,2025-02-19 14:33:33,2025-02-19,B05,C0045,card,21800
T0002818,2025-02-19 09:19:04,2025-02-19,B01,C0052,cash,6700
T0002819,2025-02-19 11:45:18,2025-02-19,B05,C0007,cash,17700
T0002820,2025-02-19 16:07:50,2025-02-19,B04,,cash,13600
T0002821,2025-02-19 12:23:44,2025-02-19,B02,C0072,cash,13500
T0002822,2025-02-19 13:43:40,2025-02-19,B02,C0113,cash,23300
T0002823,2025-02-19 19:34:43,2025-02-19,B04,C0062,cash,8400
T0002824,2025-02-19 21:18:48,2025-02-19,B04,C0057,wallet,2400
T0002825,2025-02-19 18:56:48,2025-02-19,B06,C0076,wallet,18800
T0002826,2025-02-19 09:48:44,2025-02-19,B01,C0116,card,27000
T0002827,2025-02-19 21:13:03,2025-02-19,B01,C0076,card,31300
T0002828,2025-02-19 10:41:41,2025-02-19,B05,C0100,cash,7500
T0002829,2025-02-19 10:19:39,2025-02-19,B04,C0118,cash,11100
T0002830,2025-02-19 18:10:47,2025-02-19,B02,C0002,wallet,8800
T0002831,2025-02-19 15:22:06,2025-02-19,B05,C0066,wallet,3400
T0002832,2025-02-19 08:35:19,2025-02-19,B05,,cash,13700
T0002833,2025-02-19 12:42:03,2025-02-19,B06,C0032,card,7300
T0002834,2025-02-19 11:59:08,2025-02-19,B04,,cash,23000
T0002835,2025-02-19 07:12:33,2025-02-19,B06,C0069,card,26100
T0002836,2025-02-19 10:20:15,2025-02-19,B01,C0109,wallet,7000
T0002837,2025-02-19 14:52:58,2025-02-19,B02,C0114,wallet,5200
T0002838,2025-02-19 19:48:57,2025-02-19,B04,C0071,wallet,3100
T0002839,2025-02-19 21:11:00,2025-02-19,B05,C0028,wallet,6100
T0002840,2025-02-19 19:23:20,2025-02-19,B05,C0038,card,14500
T0002841,2025-02-20 16:46:42,2025-02-20,B02,C0078,cash,15300
T0002842,2025-02-20 10:45:22,2025-02-20,B01,C0011,wallet,24000
T0002843,2025-02-20 14:20:36,2025-02-20,B06,C0009,wallet,38100
T0002844,2025-02-20 17:59:09,2025-02-20,B05,C0037,wallet,2500
T0002845,2025-02-20 21:57:02,2025-02-20,B03,C0018,cash,30800
T0002846,2025-02-20 12:56:00,2025-02-20,B02,C0058,wallet,9500
T0002847,2025-02-20 17:04:43,2025-02-20,B03,C0013,cash,40600
T0002848,2025-02-20 07:25:00,2025-02-20,B04,,wallet,24000
T0002849,2025-02-20 20:45:14,2025-02-20,B01,C0055,card,14100
T0002850,2025-02-20 19:27:37,2025-02-20,B03,C0037,cash,28700
T0002851,2025-02-20 11:16:25,2025-02-20,B04,,cash,13100
T0002852,2025-02-20 11:33:39,2025-02-20,B05,C0037,wallet,14700
T0002853,2025-02-20 11:56:11,2025-02-20,B02,C0068,card,12100
T0002854,2025-02-20 08:56:39,2025-02-20,B01,C0002,cash,5500
T0002855,2025-02-20 07:32:13,2025-02-20,B03,C0107,cash,7100
T0002856,2025-02-20 20:19:21,2025-02-20,B05,,card,13400
T0002857,2025-02-20 20:18:33,2025-02-20,B02,C0036,wallet,26500
T0002858,2025-02-20 07:54:43,2025-02-20,B04,,card,37600
T0002859,2025-02-20 07:50:55,2025-02-20,B01,C0048,card,20300
T0002860,2025-02-20 11:58:58,2025-02-20,B03,C0066,wallet,23600
T0002861,2025-02-20 18:42:35,2025-02-20,B04,C0049,cash,4100
T0002862,2025-02-20 08:09:31,2025-02-20,B06,C0004,cash,19500
T0002863,2025-02-20 14:31:49,2025-02-20,B02,C0026,cash,15700
T0002864,2025-02-20 15:52:15,2025-02-20,B05,C0043,cash,29000
T0002865,2025-02-20 22:01:58,2025-02-20,B04,C0120,card,25700
T0002866,2025-02-20 12:01:04,2025-02-20,B02,C0015,card,10600
T0002867,2025-02-20 08:50:38,2025-02-20,B05,C0047,wallet,15700
T0002868,2025-02-20 09:56:08,2025-02-20,B01,,wallet,16900
T0002869,2025-02-20 07:53:50,2025-02-20,B05,,cash,18900
T0002870,2025-02-20 21:27:44,2025-02-20,B05,C0120,cash,10100
T0002871,2025-02-20 08:41:18,2025-02-20,B04,C0015,wallet,16000
T0002872,2025-02-20 19:36:04,2025-02-20,B04,C0016,card,6400
T0002873,2025-02-20 14:49:18,2025-02-20,B01,,card,2300
T0002874,2025-02-20 16:01:49,2025-02-20,B05,C0084,cash,14800
T0002875,2025-02-20 12:16:57,2025-02-20,B04,C0055,wallet,10800
T0002876,2025-02-20 17:18:47,2025-02-20,B02,C0001,card,12500
T0002877,2025-02-20 18:17:32,2025-02-20,B06,C0077,cash,3300
T0002878,2025-02-20 07:40:00,2025-02-20,B06,C0061,cash,35700
T0002879,2025-02-20 07:36:05,2025-02-20,B05,C0020,card,20800
T0002880,2025-02-20 22:14:55,2025-02-20,B05,C0063,wallet,22200
T0002881,2025-02-20 08:51:06,2025-02-20,B05,C0011,cash,1900
T0002882,2025-02-20 22:12:55,2025-02-20,B06,,wallet,6500
T0002883,2025-02-20 11:00:48,2025-02-20,B06,C0088,cash,8200
T0002884,2025-02-20 11:29:36,2025-02-20,B05,C0056,card,4000
T0002885,2025-02-20 13:27:33,2025-02-20,B03,C0104,card,6200
T0002886,2025-02-20 18:34:17,2025-02-20,B04,C0021,card,5200
T0002887,2025-02-20 21:46:16,2025-02-20,B06,C0049,cash,8300
T0002888,2025-02-20 14:35:23,2025-02-20,B05,C0074,cash,7400
T0002889,2025-02-20 16:19:41,2025-02-20,B04,C0059,wallet,38400
T0002890,2025-02-20 13:11:02,2025-02-20,B02,C0014,cash,17900
T0002891,2025-02-20 15:25:17,2025-02-20,B05,C0108,card,2200
T0002892,2025-02-20 09:54:43,2025-02-20,B05,C0026,wallet,30100
T0002893,2025-02-20 17:28:08,2025-02-20,B02,C0102,card,19700
T0002894,2025-02-20 10:49:28,2025-02-20,B03,C0100,card,30800
T0002895,2025-02-21 22:46:29,2025-02-21,B06,C0038,cash,8100
T0002896,2025-02-21 22:47:10,2025-02-21,B06,C0037,cash,2600
T0002897,2025-02-21 19:44:25,2025-02-21,B05,C0039,cash,7000
T0002898,2025-02-21 22:27:01,2025-02-21,B03,C0072,cash,2600
T0002899,2025-02-21 18:35:09,2025-02-21,B05,C0036,cash,11000
T0002900,2025-02-21 09:46:58,2025-02-21,B02,C0101,card,4700
T0002901,2025-02-21 16:18:38,2025-02-21,B02,C0024,card,11100
T0002902,2025-02-21 09:46:23,2025-02-21,B04,C0088,card,15200
T0002903,2025-02-21 12:50:22,2025-02-21,B02,C0004,wallet,13500
T0002904,2025-02-21 20:42:06,2025-02-21,B02,C0084,wallet,14400
T0002905,2025-02-21 16:12:23,2025-02-21,B02,,wallet,13400
T0002906,2025-02-21 16:55:05,2025-02-21,B06,,wallet,8200
T0002907,2025-02-21 18:17:05,2025-02-21,B02,C0015,wallet,16700
T0002908,2025-02-21 09:51:46,2025-02-21,B06,,card,3400
T0002909,2025-02-21 07:12:43,2025-02-21,B05,,card,19500
T0002910,2025-02-21 20:42:39,2025-02-21,B06,C0036,cash,22200
T0002911,2025-02-21 15:05:38,2025-02-21,B06,,card,12000
T0002912,2025-02-21 15:09:48,2025-02-21,B05,C0038,wallet,17600
T0002913,2025-02-21 11:33:43,2025-02-21,B06,,cash,9700
T0002914,2025-02-21 19:37:21,2025-02-21,B03,C0025,cash,8200
T0002915,2025-02-21 14:49:42,2025-02-21,B04,C0062,cash,29900
T0002916,2025-02-21 08:50:11,2025-02-21,B01,C0061,card,25400
T0002917,2025-02-21 21:40:15,2025-02-21,B04,C0069,wallet,15200
T0002918,2025-02-21 17:58:36,2025-02-21,B02,C0091,wallet,4000
T0002919,2025-02-21 16:32:40,2025-02-21,B03,C0120,cash,6700
T0002920,2025-02-21 12:42:18,2025-02-21,B01,C0025,cash,34300
T0002921,2025-02-21 16:36:11,2025-02-21,B05,C0001,wallet,16600
T0002922,2025-02-21 22:08:24,2025-02-21,B05,C0082,card,3000
T0002923,2025-02-21 10:04:31,2025-02-21,B02,C0079,cash,7400
T0002924,2025-02-21 09:35:13,2025-02-21,B04,,wallet,16000
T0002925,2025-02-21 08:35:28,2025-02-21,B03,C0108,card,2100
T0002926,2025-02-21 12:11:32,2025-02-21,B04,C0062,cash,1300
T0002927,2025-02-21 10:32:38,2025-02-21,B03,,cash,10000
T0002928,2025-02-21 12:51:10,2025-02-21,B04,C0081,card,15500
T0002929,2025-02-21 20:18:13,2025-02-21,B04,C0058,card,20900
T0002930,2025-02-21 11:09:02,2025-02-21,B06,C0012,card,11900
T0002931,2025-02-21 19:19:46,2025-02-21,B03,C0032,wallet,19200
T0002932,2025-02-21 07:23:21,2025-02-21,B02,C0053,card,10100
T0002933,2025-02-21 13:53:44,2025-02-21,B01,C0009,wallet,12500
T0002934,2025-02-21 08:41:18,2025-02-21,B03,C0085,wallet,12900
T0002935,2025-02-21 19:59:32,2025-02-21,B04,C0030,wallet,16700
T0002936,2025-02-21 07:47:05,2025-02-21,B05,C0030,card,6900
T0002937,2025-02-21 18:19:23,2025-02-21,B05,C0002,cash,28000
T0002938,2025-02-21 18:29:46,2025-02-21,B01,C0017,cash,37600
T0002939,2025-02-21 17:00:51,2025-02-21,B05,C0084,wallet,6800
T0002940,2025-02-21 22:38:00,2025-02-21,B02,C0025,card,13000
T0002941,2025-02-22 11:51:35,2025-02-22,B04,,cash,3500
T0002942,2025-02-22 08:26:50,2025-02-22,B01,,cash,8200
T0002943,2025-02-22 07:18:33,2025-02-22,B06,C0099,wallet,30000
T0002944,2025-02-22 20:01:31,2025-02-22,B06,C0026,card,2300
T0002945,2025-02-22 07:41:54,2025-02-22,B02,C0014,cash,12600
T0002946,2025-02-22 16:54:35,2025-02-22,B02,C0003,cash,11300
T0002947,2025-02-22 14:50:43,2025-02-22,B02,C0013,card,34600
T0002948,2025-02-22 08:57:57,2025-02-22,B01,C0084,wallet,11100
T0002949,2025-02-22 09:11:12,2025-02-22,B02,C0099,card,11600
T0002950,2025-02-22 07:32:47,2025-02-22,B02,C0011,cash,10400
T0002951,2025-02-22 21:48:05,2025-02-22,B02,,cash,9400
T0002952,2025-02-22 07:15:39,2025-02-22,B05,,wallet,4300
T0002953,2025-02-22 20:44:27,2025-02-22,B04,,card,27200
T0002954,2025-02-22 12:17:43,2025-02-22,B02,,cash,2500
T0002955,2025-02-22 09:51:38,2025-02-22,B06,C0021,wallet,4100
T0002956,2025-02-22 08:18:58,2025-02-22,B02,,wallet,28900
T0002957,2025-02-22 13:12:23,2025-02-22,B01,C0015,card,2500
T0002958,2025-02-22 22:22:48,2025-02-22,B02,C0058,cash,9000
T0002959,2025-02-22 07:25:44,2025-02-22,B06,C0053,wallet,7100
T0002960,2025-02-22 12:02:12,2025-02-22,B06,C0057,cash,2400
T0002961,2025-02-22 10:56:32,2025-02-22,B03,C0109,cash,24900
T0002962,2025-02-22 07:47:51,2025-02-22,B01,C0086,cash,5600
T0002963,2025-02-22 19:30:38,2025-02-22,B05,C0051,card,8500
T0002964,2025-02-22 08:15:38,2025-02-22,B04,C0024,card,8600
T0002965,2025-02-22 17:29:32,2025-02-22,B05,C0030,card,6600
T0002966,2025-02-22 16:31:35,2025-02-22,B05,C0015,cash,6000
T0002967,2025-02-22 20:57:43,2025-02-22,B05,C0085,card,12600
T0002968,2025-02-22 21:49:04,2025-02-22,B01,,card,13300
T0002969,2025-02-22 11:22:23,2025-02-22,B03,C0102,card,25800
T0002970,2025-02-22 07:17:39,2025-02-22,B01,C0116,cash,6300
T0002971,2025-02-22 11:56:03,2025-02-22,B03,,wallet,7600
T0002972,2025-02-22 12:41:26,2025-02-22,B03,C0085,wallet,4100
T0002973,2025-02-22 19:19:38,2025-02-22,B06,C0109,cash,6400
T0002974,2025-02-22 22:34:31,2025-02-22,B05,C0062,card,11400
T0002975,2025-02-22 19:25:41,2025-02-22,B01,C0098,card,15700
T0002976,2025-02-22 10:12:59,2025-02-22,B01,C0102,wallet,7600
T0002977,2025-02-22 16:03:56,2025-02-22,B06,C0020,card,12900
T0002978,2025-02-22 20:36:27,2025-02-22,B06,C0059,wallet,12000
T0002979,2025-02-22 16:22:49,2025-02-22,B03,C0019,card,23900
T0002980,2025-02-22 18:17:57,2025-02-22,B01,C0026,cash,27000
T0002981,2025-02-22 19:49:00,2025-02-22,B04,C0045,card,9100
T0002982,2025-02-22 14:36:06,2025-02-22,B06,C0099,card,5900
T0002983,2025-02-22 15:54:14,2025-02-22,B04,C0039,wallet,4800
T0002984,2025-02-22 22:12:10,2025-02-22,B05,C0091,wallet,17500
T0002985,2025-02-22 11:27:03,2025-02-22,B01,C0025,cash,12600
T0002986,2025-02-22 19:52:59,2025-02-22,B02,C0063,cash,16000
T0002987,2025-02-22 12:37:08,2025-02-22,B02,C0107,card,16500
T0002988,2025-02-22 22:08:30,2025-02-22,B05,,wallet,15600
T0002989,2025-02-22 11:56:08,2025-02-22,B01,C0094,card,8100
T0002990,2025-02-22 17:01:51,2025-02-22,B01,C0024,card,21800
T0002991,2025-02-22 14:00:20,2025-02-22,B03,C0049,wallet,15800
T0002992,2025-02-22 08:08:28,2025-02-22,B05,C0054,wallet,33000
T0002993,2025-02-22 16:11:29,2025-02-22,B02,C0015,cash,3600
T0002994,2025-02-22 12:52:55,2025-02-22,B01,C0058,cash,1800
T0002995,2025-02-22 19:50:51,2025-02-22,B06,C0082,wallet,20100
T0002996,2025-02-22 21:07:59,2025-02-22,B01,,cash,8200
T0002997,2025-02-22 12:55:35,2025-02-22,B04,,cash,18600
T0002998,2025-02-22 19:08:56,2025-02-22,B06,C0074,cash,10200
T0002999,2025-02-22 19:32:49,2025-02-22,B03,C0114,cash,10500
T0003000,2025-02-22 20:19:20,2025-02-22,B01,C0085,cash,17100
T0003001,2025-02-22 15:44:28,2025-02-22,B01,C0031,card,8700
T0003002,2025-02-22 09:15:05,2025-02-22,B04,,wallet,10300
T0003003,2025-02-22 15:41:48,2025-02-22,B03,C0116,card,9100
T0003004,2025-02-22 16:34:34,2025-02-22,B06,C0114,wallet,15300
T0003005,2025-02-23 21:54:17,2025-02-23,B04,C0063,cash,3600
T0003006,2025-02-23 10:25:58,2025-02-23,B01,C0011,card,19600
T0003007,2025-02-23 08:36:12,2025-02-23,B03,C0024,card,3500
T0003008,2025-02-23 09:51:48,2025-02-23,B01,C0095,wallet,10200
T0003009,2025-02-23 16:37:23,2025-02-23,B03,,cash,6200
T0003010,2025-02-23 13:05:01,2025-02-23,B02,C0100,card,14300
T0003011,2025-02-23 09:50:41,2025-02-23,B02,C0053,cash,11300
T0003012,2025-02-23 13:33:48,2025-02-23,B01,C0096,card,7200
T0003013,2025-02-23 15:29:37,2025-02-23,B04,C0040,cash,25000
T0003014,2025-02-23 21:45:17,2025-02-23,B03,C0037,wallet,11900
T0003015,2025-02-23 21:37:36,2025-02-23,B03,,cash,20300
T0003016,2025-02-23 16:09:22,2025-02-23,B03,C0041,card,14900
T0003017,2025-02-23 09:23:55,2025-02-23,B02,,cash,33000
T0003018,2025-02-23 22:05:52,2025-02-23,B05,C0111,card,12100
T0003019,2025-02-23 14:05:09,2025-02-23,B03,C0046,card,21100
T0003020,2025-02-23 07:58:11,2025-02-23,B05,C0081,card,24100
T0003021,2025-02-23 20:06:09,2025-02-23,B04,C0120,cash,9100
T0003022,2025-02-23 20:41:17,2025-02-23,B05,C0014,cash,9800
T0003023,2025-02-23 14:12:57,2025-02-23,B03,,cash,18800
T0003024,2025-02-23 19:07:16,2025-02-23,B06,C0049,cash,11600
T0003025,2025-02-23 15:25:14,2025-02-23,B05,C0108,cash,5200
T0003026,2025-02-23 11:14:02,2025-02-23,B06,C0048,card,6800
T0003027,2025-02-23 09:02:20,2025-02-23,B05,C0094,cash,11600
T0003028,2025-02-23 17:33:24,2025-02-23,B05,,card,17100
T0003029,2025-02-23 13:37:38,2025-02-23,B03,C0120,card,12100
T0003030,2025-02-23 15:42:41,2025-02-23,B02,C0097,cash,22200
T0003031,2025-02-23 21:00:41,2025-02-23,B01,C0094,cash,14000
T0003032,2025-02-23 07:16:17,2025-02-23,B03,C0085,card,18400
T0003033,2025-02-23 19:11:24,2025-02-23,B05,C0065,cash,14300
T0003034,2025-02-23 16:57:47,2025-02-23,B02,C0040,cash,28100
T0003035,2025-02-23 07:05:39,2025-02-23,B01,,card,5500
T0003036,2025-02-23 16:03:39,2025-02-23,B05,C0102,wallet,33600
T0003037,2025-02-23 14:42:55,2025-02-23,B04,C0091,cash,8800
T0003038,2025-02-23 12:01:37,2025-02-23,B02,,cash,5900
T0003039,2025-02-23 20:24:44,2025-02-23,B06,C0007,wallet,6800
T0003040,2025-02-23 08:20:54,2025-02-23,B06,C0092,card,10800
T0003041,2025-02-23 10:09:09,2025-02-23,B01,C0120,cash,1800
T0003042,2025-02-23 15:29:32,2025-02-23,B02,C0109,cash,20800
T0003043,2025-02-23 14:26:57,2025-02-23,B02,C0023,cash,4600
T0003044,2025-02-23 20:04:06,2025-02-23,B05,C0094,cash,12400
T0003045,2025-02-23 09:50:52,2025-02-23,B04,C0035,wallet,15500
T0003046,2025-02-23 18:09:04,2025-02-23,B05,C0065,wallet,22100
T0003047,2025-02-23 17:40:48,2025-02-23,B04,C0080,wallet,10100
T0003048,2025-02-23 19:02:52,2025-02-23,B05,C0035,card,13700
T0003049,2025-02-23 19:19:16,2025-02-23,B04,C0045,card,24900
T0003050,2025-02-23 12:46:23,2025-02-23,B01,C0083,wallet,6800
T0003051,2025-02-23 07:50:29,2025-02-23,B02,C0060,cash,16100
T0003052,2025-02-23 15:30:19,2025-02-23,B04,C0107,wallet,6100
T0003053,2025-02-23 21:14:20,2025-02-23,B05,C0075,card,19800
T0003054,2025-02-23 08:22:40,2025-02-23,B01,,card,17300
T0003055,2025-02-23 14:29:00,2025-02-23,B03,C0029,cash,6300
T0003056,2025-02-23 10:01:27,2025-02-23,B04,C0111,card,18400
T0003057,2025-02-23 12:45:54,2025-02-23,B03,C0091,wallet,13500
T0003058,2025-02-23 18:44:28,2025-02-23,B02,C0034,wallet,12000
T0003059,2025-02-23 21:30:36,2025-02-23,B05,C0049,cash,11500
T0003060,2025-02-23 21:17:58,2025-02-23,B01,C0111,cash,27800
T0003061,2025-02-23 17:01:31,2025-02-23,B02,C0036,cash,15800
T0003062,2025-02-23 18:02:41,2025-02-23,B04,C0021,cash,8900
T0003063,2025-02-23 20:20:22,2025-02-23,B05,C0028,cash,6300
T0003064,2025-02-23 14:00:05,2025-02-23,B01,,wallet,34600
T0003065,2025-02-23 11:36:37,2025-02-23,B01,C0004,wallet,14000
T0003066,2025-02-23 17:35:44,2025-02-23,B02,C0119,cash,24800
T0003067,2025-02-23 11:03:09,2025-02-23,B01,C0054,wallet,12100
T0003068,2025-02-23 14:10:48,2025-02-23,B05,C0095,wallet,23300
T0003069,2025-02-24 14:28:52,2025-02-24,B01,C0095,cash,25100
T0003070,2025-02-24 14:29:31,2025-02-24,B01,C0112,wallet,27600
T0003071,2025-02-24 09:20:13,2025-02-24,B04,C0107,card,23200
T0003072,2025-02-24 14:56:45,2025-02-24,B01,,wallet,22500
T0003073,2025-02-24 14:32:47,2025-02-24,B04,,card,24100
T0003074,2025-02-24 20:22:53,2025-02-24,B01,C0052,card,7200
T0003075,2025-02-24 22:14:01,2025-02-24,B04,C0026,wallet,7400
T0003076,2025-02-24 12:37:36,2025-02-24,B04,,cash,2200
T0003077,2025-02-24 20:07:23,2025-02-24,B02,,cash,4700
T0003078,2025-02-24 07:16:58,2025-02-24,B05,C0008,cash,4900
T0003079,2025-02-24 22:21:24,2025-02-24,B01,C0062,wallet,20800
T0003080,2025-02-24 15:07:30,2025-02-24,B05,C0064,wallet,6400
T0003081,2025-02-24 19:28:13,2025-02-24,B03,C0093,wallet,6000
T0003082,2025-02-24 15:15:06,2025-02-24,B01,C0009,wallet,8400
T0003083,2025-02-24 13:27:26,2025-02-24,B02,C0038,cash,12800
T0003084,2025-02-24 08:53:22,2025-02-24,B04,C0015,cash,19500
T0003085,2025-02-24 17:59:35,2025-02-24,B04,,wallet,5100
T0003086,2025-02-24 13:56:50,2025-02-24,B03,C0033,wallet,8600
T0003087,2025-02-24 17:46:37,2025-02-24,B06,C0102,wallet,17100
T0003088,2025-02-24 14:00:55,2025-02-24,B02,C0045,cash,31500
T0003089,2025-02-24 17:19:51,2025-02-24,B03,C0092,cash,21900
T0003090,2025-02-24 08:42:43,2025-02-24,B05,,wallet,9400
T0003091,2025-02-24 11:51:58,2025-02-24,B02,C0105,wallet,11200
T0003092,2025-02-24 16:18:00,2025-02-24,B06,C0047,cash,6200
T0003093,2025-02-24 14:36:22,2025-02-24,B01,C0041,wallet,7900
T0003094,2025-02-24 22:42:45,2025-02-24,B04,C0108,card,9200
T0003095,2025-02-24 22:03:27,2025-02-24,B05,C0061,wallet,23200
T0003096,2025-02-24 11:18:27,2025-02-24,B04,C0072,cash,27700
T0003097,2025-02-24 14:06:22,2025-02-24,B03,C0051,cash,22200
T0003098,2025-02-24 17:26:40,2025-02-24,B04,C0026,card,6700
T0003099,2025-02-24 22:35:27,2025-02-24,B03,,wallet,5200
T0003100,2025-02-24 16:21:25,2025-02-24,B03,,wallet,16700
T0003101,2025-02-24 22:20:10,2025-02-24,B05,C0020,card,6300
T0003102,2025-02-24 15:33:14,2025-02-24,B03,,cash,14500
T0003103,2025-02-24 16:55:10,2025-02-24,B05,,card,6100
T0003104,2025-02-24 14:09:11,2025-02-24,B06,C0112,card,8400
T0003105,2025-02-24 17:23:27,2025-02-24,B02,C0094,wallet,9400
T0003106,2025-02-24 21:59:01,2025-02-24,B02,C0060,cash,7900
T0003107,2025-02-24 09:56:16,2025-02-24,B04,,cash,7500
T0003108,2025-02-24 18:36:59,2025-02-24,B02,C0020,card,21200
T0003109,2025-02-24 10:00:20,2025-02-24,B04,C0012,card,3800
T0003110,2025-02-24 16:04:44,2025-02-24,B04,C0116,card,16900
T0003111,2025-02-24 21:13:17,2025-02-24,B02,,card,4200
T0003112,2025-02-24 07:23:26,2025-02-24,B02,C0071,card,2200
T0003113,2025-02-24 14:13:21,2025-02-24,B04,C0112,card,8700
T0003114,2025-02-24 16:23:56,2025-02-24,B03,C0015,wallet,7100
T0003115,2025-02-24 17:17:41,2025-02-24,B05,C0092,cash,30700
T0003116,2025-02-24 12:22:23,2025-02-24,B04,C0051,wallet,11800
T0003117,2025-02-24 08:18:53,2025-02-24,B04,C0065,card,21800
T0003118,2025-02-24 08:33:02,2025-02-24,B05,C0058,wallet,19100
T0003119,2025-02-24 07:47:40,2025-02-24,B01,C0040,card,18100
T0003120,2025-02-24 14:35:43,2025-02-24,B05,C0058,card,17800
T0003121,2025-02-24 15:15:55,2025-02-24,B06,C0028,wallet,15300
T0003122,2025-02-24 14:35:33,2025-02-24,B04,C0050,card,10200
T0003123,2025-02-24 21:08:06,2025-02-24,B04,C0018,cash,9200
T0003124,2025-02-24 22:57:14,2025-02-24,B05,,card,15900
T0003125,2025-02-24 10:31:45,2025-02-24,B02,C0082,card,9200
T0003126,2025-02-24 14:24:43,2025-02-24,B05,,wallet,21200
T0003127,2025-02-24 19:07:39,2025-02-24,B02,,wallet,22100
T0003128,2025-02-25 19:45:34,2025-02-25,B02,C0039,wallet,16000
T0003129,2025-02-25 07:11:41,2025-02-25,B02,,cash,12500
T0003130,2025-02-25 13:49:45,2025-02-25,B02,C0069,cash,4800
T0003131,2025-02-25 22:18:39,2025-02-25,B02,C0043,cash,9000
T0003132,2025-02-25 12:03:39,2025-02-25,B03,C0014,cash,9000
T0003133,2025-02-25 11:15:44,2025-02-25,B02,,cash,3900
T0003134,2025-02-25 22:46:17,2025-02-25,B03,C0072,card,12000
T0003135,2025-02-25 16:10:29,2025-02-25,B06,C0013,card,9100
T0003136,2025-02-25 09:08:13,2025-02-25,B05,,wallet,15300
T0003137,2025-02-25 11:37:58,2025-02-25,B02,C0075,card,23000
T0003138,2025-02-25 11:46:29,2025-02-25,B03,C0114,card,7000
T0003139,2025-02-25 12:34:57,2025-02-25,B02,C0072,cash,17200
T0003140,2025-02-25 07:33:49,2025-02-25,B06,C0045,cash,13100
T0003141,2025-02-25 14:23:05,2025-02-25,B05,C0120,card,5100
T0003142,2025-02-25 22:30:35,2025-02-25,B01,C0068,wallet,2300
T0003143,2025-02-25 11:18:56,2025-02-25,B06,C0049,wallet,4600
T0003144,2025-02-25 17:39:16,2025-02-25,B02,,card,27100
T0003145,2025-02-25 08:15:36,2025-02-25,B02,,wallet,12700
T0003146,2025-02-25 11:15:29,2025-02-25,B04,C0055,wallet,19300
T0003147,2025-02-25 08:08:47,2025-02-25,B03,C0078,cash,2600
T0003148,2025-02-25 12:18:52,2025-02-25,B03,C0051,cash,22600
T0003149,2025-02-25 19:50:42,2025-02-25,B05,C0054,wallet,9700
T0003150,2025-02-25 21:18:28,2025-02-25,B04,,cash,5600
T0003151,2025-02-25 11:25:22,2025-02-25,B04,C0064,card,22900
T0003152,2025-02-25 17:04:37,2025-02-25,B03,C0020,card,6600
T0003153,2025-02-25 17:29:13,2025-02-25,B04,C0052,card,10600
T0003154,2025-02-25 07:05:38,2025-02-25,B03,C0060,card,6700
T0003155,2025-02-25 20:12:35,2025-02-25,B06,C0096,cash,2300
T0003156,2025-02-25 11:20:57,2025-02-25,B06,,card,18700
T0003157,2025-02-25 18:48:57,2025-02-25,B02,C0016,card,10700
T0003158,2025-02-25 12:12:29,2025-02-25,B05,C0016,cash,8400
T0003159,2025-02-25 15:44:36,2025-02-25,B01,C0059,cash,8800
T0003160,2025-02-25 09:21:51,2025-02-25,B02,C0001,cash,7800
T0003161,2025-02-25 07:49:14,2025-02-25,B03,C0074,wallet,6500
T0003162,2025-02-25 21:54:43,2025-02-25,B05,,cash,19300
T0003163,2025-02-25 22:01:30,2025-02-25,B01,C0056,wallet,6500
T0003164,2025-02-25 14:00:20,2025-02-25,B06,C0025,wallet,18000
T0003165,2025-02-25 12:27:11,2025-02-25,B01,C0111,wallet,12700
T0003166,2025-02-25 09:05:33,2025-02-25,B04,C0033,card,7600
T0003167,2025-02-25 14:29:55,2025-02-25,B04,C0027,card,10500
T0003168,2025-02-25 22:59:26,2025-02-25,B02,C0048,wallet,10200
T0003169,2025-02-25 09:31:50,2025-02-25,B06,C0097,wallet,29100
T0003170,2025-02-25 14:45:45,2025-02-25,B05,C0056,wallet,29300
T0003171,2025-02-25 22:20:35,2025-02-25,B06,C0114,cash,23800
T0003172,2025-02-25 07:22:57,2025-02-25,B05,C0067,wallet,8700
T0003173,2025-02-25 07:48:44,2025-02-25,B01,C0042,wallet,6700
T0003174,2025-02-25 11:50:32,2025-02-25,B05,,cash,18400
T0003175,2025-02-25 13:20:11,2025-02-25,B05,,cash,2500
T0003176,2025-02-25 08:59:33,2025-02-25,B06,C0031,wallet,19200
T0003177,2025-02-25 18:53:43,2025-02-25,B05,C0101,cash,21200
T0003178,2025-02-25 08:26:02,2025-02-25,B04,C0014,cash,12800
T0003179,2025-02-25 14:48:00,2025-02-25,B02,C0017,wallet,24100
T0003180,2025-02-25 09:54:00,2025-02-25,B01,C0012,cash,15000
T0003181,2025-02-25 19:21:28,2025-02-25,B05,C0086,wallet,23400
T0003182,2025-02-25 21:38:24,2025-02-25,B03,C0068,wallet,26300
T0003183,2025-02-26 16:40:42,2025-02-26,B05,C0085,wallet,9900
T0003184,2025-02-26 08:32:03,2025-02-26,B05,C0110,wallet,17300
T0003185,2025-02-26 21:50:02,2025-02-26,B06,C0075,wallet,14900
T0003186,2025-02-26 13:30:49,2025-02-26,B06,C0093,cash,18000
T0003187,2025-02-26 16:37:25,2025-02-26,B06,C0052,card,13300
T0003188,2025-02-26 20:13:58,2025-02-26,B06,C0009,wallet,10000
T0003189,2025-02-26 19:40:29,2025-02-26,B05,,cash,11300
T0003190,2025-02-26 13:00:51,2025-02-26,B03,C0011,cash,9500
T0003191,2025-02-26 16:29:13,2025-02-26,B01,C0008,wallet,23300
T0003192,2025-02-26 14:12:02,2025-02-26,B06,C0112,card,18400
T0003193,2025-02-26 22:54:56,2025-02-26,B02,C0052,wallet,6100
T0003194,2025-02-26 22:29:30,2025-02-26,B02,,wallet,12700
T0003195,2025-02-26 14:16:01,2025-02-26,B01,C0008,wallet,17400
T0003196,2025-02-26 13:26:23,2025-02-26,B05,C0006,card,7500
T0003197,2025-02-26 22:48:22,2025-02-26,B01,C0100,cash,21600
T0003198,2025-02-26 07:56:58,2025-02-26,B02,,wallet,4200
T0003199,2025-02-26 16:41:54,2025-02-26,B03,,card,30900
T0003200,2025-02-26 10:29:46,2025-02-26,B04,,wallet,3600
T0003201,2025-02-26 15:30:36,2025-02-26,B05,C0075,wallet,7500
T0003202,2025-02-26 13:44:20,2025-02-26,B04,C0081,card,3300
T0003203,2025-02-26 13:00:54,2025-02-26,B04,C0098,wallet,32700
T0003204,2025-02-26 07:37:07,2025-02-26,B05,C0021,wallet,20200
T0003205,2025-02-26 16:46:04,2025-02-26,B05,C0093,wallet,11300
T0003206,2025-02-26 20:50:55,2025-02-26,B03,C0059,wallet,14500
T0003207,2025-02-26 14:47:07,2025-02-26,B06,,cash,21800
T0003208,2025-02-26 11:44:51,2025-02-26,B04,C0041,card,24000
T0003209,2025-02-26 22:00:56,2025-02-26,B05,C0058,wallet,8400
T0003210,2025-02-26 21:46:22,2025-02-26,B02,C0014,cash,7100
T0003211,2025-02-26 16:05:16,2025-02-26,B03,C0094,cash,9100
T0003212,2025-02-26 21:47:54,2025-02-26,B05,,wallet,4600
T0003213,2025-02-26 19:39:26,2025-02-26,B04,C0097,cash,20300
T0003214,2025-02-26 15:40:44,2025-02-26,B03,,wallet,12900
T0003215,2025-02-26 21:51:11,2025-02-26,B05,C0120,wallet,29200
T0003216,2025-02-26 14:11:54,2025-02-26,B01,C0031,card,36000
T0003217,2025-02-26 11:33:27,2025-02-26,B02,C0117,card,7800
T0003218,2025-02-26 12:16:19,2025-02-26,B05,C0083,cash,24500
T0003219,2025-02-26 20:35:05,2025-02-26,B06,C0003,card,18500
T0003220,2025-02-26 22:17:05,2025-02-26,B02,C0008,cash,2400
T0003221,2025-02-26 09:47:15,2025-02-26,B06,C0085,wallet,14100
T0003222,2025-02-26 12:53:52,2025-02-26,B06,C0098,card,33000
T0003223,2025-02-26 10:03:35,2025-02-26,B05,C0067,wallet,10000
T0003224,2025-02-26 08:04:40,2025-02-26,B06,C0086,wallet,33600
T0003225,2025-02-26 12:53:30,2025-02-26,B01,C0094,wallet,19300
T0003226,2025-02-26 18:34:08,2025-02-26,B01,C0027,card,2400
T0003227,2025-02-26 19:45:05,2025-02-26,B05,C0053,card,13300
T0003228,2025-02-27 10:43:36,2025-02-27,B01,C0051,cash,4700
T0003229,2025-02-27 09:32:05,2025-02-27,B03,C0048,wallet,13200
T0003230,2025-02-27 14:08:05,2025-02-27,B06,C0083,card,11000
T0003231,2025-02-27 14:52:42,2025-02-27,B04,C0098,card,15700
T0003232,2025-02-27 13:15:19,2025-02-27,B01,C0112,cash,17100
T0003233,2025-02-27 13:48:13,2025-02-27,B05,C0004,card,2300
T0003234,2025-02-27 07:10:36,2025-02-27,B04,C0096,card,4500
T0003235,2025-02-27 22:49:38,2025-02-27,B05,,wallet,22800
T0003236,2025-02-27 18:24:14,2025-02-27,B05,C0021,wallet,22800
T0003237,2025-02-27 09:20:27,2025-02-27,B01,C0067,wallet,13700
T0003238,2025-02-27 19:54:02,2025-02-27,B01,,cash,37000
T0003239,2025-02-27 16:51:17,2025-02-27,B01,C0087,card,20400
T0003240,2025-02-27 16:34:40,2025-02-27,B03,C0090,cash,13900
T0003241,2025-02-27 16:35:27,2025-02-27,B04,C0117,cash,9800
T0003242,2025-02-27 13:20:16,2025-02-27,B03,C0068,wallet,11600
T0003243,2025-02-27 21:40:24,2025-02-27,B03,C0091,card,13900
T0003244,2025-02-27 15:13:44,2025-02-27,B06,C0086,wallet,13400
T0003245,2025-02-27 20:41:40,2025-02-27,B06,C0041,card,21400
T0003246,2025-02-27 07:06:26,2025-02-27,B02,C0029,cash,22600
T0003247,2025-02-27 18:08:07,2025-02-27,B03,C0013,card,4600
T0003248,2025-02-27 11:14:51,2025-02-27,B05,C0038,card,11900
T0003249,2025-02-27 14:21:46,2025-02-27,B06,C0053,card,40900
T0003250,2025-02-27 20:09:16,2025-02-27,B02,C0049,card,10300
T0003251,2025-02-27 12:56:27,2025-02-27,B02,,wallet,15300
T0003252,2025-02-27 09:28:00,2025-02-27,B05,C0072,wallet,3400
T0003253,2025-02-27 14:06:23,2025-02-27,B02,,wallet,40300
T0003254,2025-02-27 20:45:09,2025-02-27,B04,C0068,card,18300
T0003255,2025-02-27 18:45:42,2025-02-27,B05,C0016,cash,6100
T0003256,2025-02-27 11:02:32,2025-02-27,B02,C0039,cash,3300
T0003257,2025-02-27 15:08:16,2025-02-27,B04,,wallet,11000
T0003258,2025-02-27 11:38:26,2025-02-27,B02,C0007,cash,2300
T0003259,2025-02-27 13:45:00,2025-02-27,B01,,card,16900
T0003260,2025-02-27 11:39:57,2025-02-27,B05,,cash,5800
T0003261,2025-02-27 13:02:50,2025-02-27,B01,C0060,cash,25900
T0003262,2025-02-27 10:31:38,2025-02-27,B02,C0022,wallet,11400
T0003263,2025-02-27 21:03:42,2025-02-27,B04,C0064,card,2100
T0003264,2025-02-27 11:09:05,2025-02-27,B03,C0084,cash,21200
T0003265,2025-02-27 08:45:40,2025-02-27,B05,,card,16600
T0003266,2025-02-27 22:22:14,2025-02-27,B04,C0039,wallet,6900
T0003267,2025-02-27 20:20:46,2025-02-27,B06,,cash,18400
T0003268,2025-02-27 19:26:26,2025-02-27,B02,C0047,wallet,28100
T0003269,2025-02-27 19:15:59,2025-02-27,B03,C0086,card,7400
T0003270,2025-02-27 22:39:10,2025-02-27,B06,C0051,card,15900
T0003271,2025-02-27 11:45:27,2025-02-27,B05,C0102,wallet,31700
T0003272,2025-02-27 22:11:59,2025-02-27,B04,C0067,cash,10500
T0003273,2025-02-27 16:24:12,2025-02-27,B04,C0102,wallet,10100
T0003274,2025-02-27 13:12:50,2025-02-27,B05,C0045,cash,17600
T0003275,2025-02-27 08:10:16,2025-02-27,B02,C0010,cash,19300
T0003276,2025-02-27 14:17:27,2025-02-27,B06,C0016,card,4900
T0003277,2025-02-27 10:38:25,2025-02-27,B03,,cash,18100
T0003278,2025-02-27 14:33:50,2025-02-27,B03,C0080,wallet,7100
T0003279,2025-02-28 13:15:14,2025-02-28,B06,C0009,wallet,15500
T0003280,2025-02-28 16:49:34,2025-02-28,B06,C0014,card,8600
T0003281,2025-02-28 10:55:27,2025-02-28,B02,C0041,cash,31200
T0003282,2025-02-28 22:31:57,2025-02-28,B04,C0103,card,13100
T0003283,2025-02-28 15:37:40,2025-02-28,B04,C0112,card,6600
T0003284,2025-02-28 22:23:46,2025-02-28,B01,C0034,wallet,2700
T0003285,2025-02-28 07:23:25,2025-02-28,B05,C0050,wallet,27000
T0003286,2025-02-28 13:22:12,2025-02-28,B01,C0037,card,24000
T0003287,2025-02-28 15:33:12,2025-02-28,B05,,wallet,37900
T0003288,2025-02-28 11:51:41,2025-02-28,B05,C0074,card,9900
T0003289,2025-02-28 21:39:45,2025-02-28,B06,C0034,card,15200
T0003290,2025-02-28 09:49:06,2025-02-28,B03,C0061,card,17800
T0003291,2025-02-28 14:51:58,2025-02-28,B01,C0061,wallet,6300
T0003292,2025-02-28 21:38:00,2025-02-28,B05,,cash,28500
T0003293,2025-02-28 07:02:10,2025-02-28,B01,C0088,cash,4500
T0003294,2025-02-28 21:29:30,2025-02-28,B03,,card,7100
T0003295,2025-02-28 08:42:31,2025-02-28,B06,C0035,cash,31500
T0003296,2025-02-28 21:45:49,2025-02-28,B05,C0010,card,8200
T0003297,2025-02-28 10:33:00,2025-02-28,B02,C0097,card,18600
T0003298,2025-02-28 20:39:16,2025-02-28,B06,C0072,cash,4200
T0003299,2025-02-28 18:29:00,2025-02-28,B02,C0110,card,20400
T0003300,2025-02-28 12:18:29,2025-02-28,B03,C0004,card,25800
T0003301,2025-02-28 19:55:25,2025-02-28,B05,C0010,cash,19800
T0003302,2025-02-28 12:08:15,2025-02-28,B06,C0051,card,16200
T0003303,2025-02-28 22:20:38,2025-02-28,B01,C0017,wallet,5700
T0003304,2025-02-28 08:41:34,2025-02-28,B05,C0111,card,51700
T0003305,2025-02-28 14:35:04,2025-02-28,B01,C0080,cash,6300
T0003306,2025-02-28 20:19:35,2025-02-28,B04,C0097,wallet,28800
T0003307,2025-02-28 12:31:00,2025-02-28,B03,C0044,wallet,9600
T0003308,2025-02-28 21:27:34,2025-02-28,B03,C0107,cash,13000
T0003309,2025-02-28 21:33:48,2025-02-28,B04,C0038,card,2200
T0003310,2025-02-28 19:56:33,2025-02-28,B01,C0108,card,12000
T0003311,2025-02-28 16:33:22,2025-02-28,B06,C0020,cash,15800
T0003312,2025-02-28 07:29:07,2025-02-28,B03,C0097,cash,2500
T0003313,2025-02-28 21:08:23,2025-02-28,B06,C0091,wallet,11500
T0003314,2025-02-28 13:14:24,2025-02-28,B01,C0045,card,15000
T0003315,2025-02-28 20:38:12,2025-02-28,B03,,wallet,15000
T0003316,2025-02-28 13:36:42,2025-02-28,B06,,cash,6800
T0003317,2025-02-28 09:51:09,2025-02-28,B02,C0056,card,20700
T0003318,2025-02-28 09:14:11,2025-02-28,B01,C0072,wallet,19200
T0003319,2025-02-28 18:31:43,2025-02-28,B05,C0045,wallet,22600
T0003320,2025-02-28 10:27:47,2025-02-28,B03,C0092,cash,33100
T0003321,2025-02-28 12:43:08,2025-02-28,B04,C0048,wallet,6700
T0003322,2025-02-28 21:23:26,2025-02-28,B05,C0089,card,5900
T0003323,2025-02-28 15:55:05,2025-02-28,B03,C0029,wallet,18100
T0003324,2025-02-28 08:04:59,2025-02-28,B05,,card,17400
T0003325,2025-02-28 17:36:54,2025-02-28,B01,C0100,wallet,8800
T0003326,2025-02-28 09:57:53,2025-02-28,B02,,wallet,15900
T0003327,2025-02-28 13:27:48,2025-02-28,B05,,cash,3800
T0003328,2025-02-28 11:30:46,2025-02-28,B05,,cash,16100
T0003329,2025-03-01 19:53:35,2025-03-01,B02,C0011,card,11900
T0003330,2025-03-01 12:19:55,2025-03-01,B02,C0009,wallet,23100
T0003331,2025-03-01 21:01:38,2025-03-01,B02,C0056,cash,10300
T0003332,2025-03-01 07:42:56,2025-03-01,B03,C0059,wallet,10000
T0003333,2025-03-01 15:17:49,2025-03-01,B03,C0107,wallet,17400
T0003334,2025-03-01 11:52:32,2025-03-01,B05,C0016,wallet,4000
T0003335,2025-03-01 14:45:24,2025-03-01,B04,C0003,cash,11600
T0003336,2025-03-01 11:39:25,2025-03-01,B02,,cash,5400
T0003337,2025-03-01 10:21:27,2025-03-01,B05,C0104,cash,4000
T0003338,2025-03-01 08:23:18,2025-03-01,B03,C0015,card,1400
T0003339,2025-03-01 16:08:47,2025-03-01,B05,,cash,28000
T0003340,2025-03-01 10:38:36,2025-03-01,B03,C0053,wallet,38400
T0003341,2025-03-01 17:47:32,2025-03-01,B04,C0084,wallet,2400
T0003342,2025-03-01 16:03:51,2025-03-01,B01,C0090,wallet,10000
T0003343,2025-03-01 18:28:42,2025-03-01,B03,C0013,wallet,5400
T0003344,2025-03-01 20:19:54,2025-03-01,B05,C0059,card,11200
T0003345,2025-03-01 08:27:34,2025-03-01,B06,,card,12300
T0003346,2025-03-01 07:45:35,2025-03-01,B06,C0075,wallet,4400
T0003347,2025-03-01 11:21:46,2025-03-01,B04,C0082,cash,7200
T0003348,2025-03-01 09:04:28,2025-03-01,B01,,card,1800
T0003349,2025-03-01 17:48:28,2025-03-01,B05,C0087,cash,15400
T0003350,2025-03-01 15:05:30,2025-03-01,B03,C0089,cash,10600
T0003351,2025-03-01 10:55:49,2025-03-01,B06,C0086,wallet,13500
T0003352,2025-03-01 08:54:32,2025-03-01,B02,C0103,card,13400
T0003353,2025-03-01 11:49:00,2025-03-01,B05,,wallet,33000
T0003354,2025-03-01 11:00:21,2025-03-01,B02,C0018,cash,26800
T0003355,2025-03-01 07:11:04,2025-03-01,B01,C0071,cash,35200
T0003356,2025-03-01 17:10:08,2025-03-01,B02,C0070,card,13500
T0003357,2025-03-01 12:12:41,2025-03-01,B04,C0091,wallet,16000
T0003358,2025-03-01 07:20:17,2025-03-01,B06,C0059,card,9500
T0003359,2025-03-01 17:04:59,2025-03-01,B01,C0004,wallet,13100
T0003360,2025-03-01 07:20:54,2025-03-01,B02,C0066,cash,9200
T0003361,2025-03-01 18:06:37,2025-03-01,B02,C0049,wallet,15300
T0003362,2025-03-01 10:37:43,2025-03-01,B05,C0115,wallet,9600
T0003363,2025-03-01 11:26:20,2025-03-01,B02,C0072,cash,24800
T0003364,2025-03-01 11:43:10,2025-03-01,B06,C0080,card,8400
T0003365,2025-03-01 10:14:00,2025-03-01,B06,,card,5100
T0003366,2025-03-01 14:08:57,2025-03-01,B03,C0118,wallet,10500
T0003367,2025-03-01 08:12:30,2025-03-01,B01,C0087,cash,10500
T0003368,2025-03-01 10:16:20,2025-03-01,B02,C0090,wallet,9000
T0003369,2025-03-01 07:08:13,2025-03-01,B01,C0055,wallet,3300
T0003370,2025-03-01 20:12:43,2025-03-01,B03,C0051,wallet,33500
T0003371,2025-03-01 21:49:30,2025-03-01,B05,C0095,wallet,4100
T0003372,2025-03-01 14:37:24,2025-03-01,B03,C0118,card,17200
T0003373,2025-03-01 20:11:02,2025-03-01,B02,C0075,card,2300
T0003374,2025-03-01 16:53:02,2025-03-01,B05,C0074,wallet,17400
T0003375,2025-03-01 18:04:41,2025-03-01,B02,C0027,cash,18600
T0003376,2025-03-01 08:10:26,2025-03-01,B01,C0113,cash,8400
T0003377,2025-03-01 09:25:38,2025-03-01,B04,C0095,wallet,5600
T0003378,2025-03-01 21:09:13,2025-03-01,B05,C0084,card,33400
T0003379,2025-03-01 11:54:24,2025-03-01,B05,C0023,card,11100
T0003380,2025-03-01 18:39:15,2025-03-01,B03,C0073,wallet,17600
T0003381,2025-03-01 08:00:21,2025-03-01,B01,C0078,cash,2900
T0003382,2025-03-01 14:58:06,2025-03-01,B01,C0051,wallet,7000
T0003383,2025-03-01 11:33:03,2025-03-01,B03,C0074,wallet,9500
T0003384,2025-03-01 13:53:33,2025-03-01,B06,,wallet,11600
T0003385,2025-03-01 22:05:40,2025-03-01,B05,C0063,cash,18900
T0003386,2025-03-01 17:45:58,2025-03-01,B05,C0073,card,4100
T0003387,2025-03-01 10:19:32,2025-03-01,B02,C0049,card,5900
T0003388,2025-03-01 07:17:10,2025-03-01,B06,C0035,card,22500
T0003389,2025-03-01 10:26:36,2025-03-01,B03,C0088,card,11500
T0003390,2025-03-01 19:08:41,2025-03-01,B02,,wallet,18600
T0003391,2025-03-01 15:36:51,2025-03-01,B04,C0041,wallet,43800
T0003392,2025-03-01 19:54:53,2025-03-01,B05,C0067,cash,26100
T0003393,2025-03-01 17:14:16,2025-03-01,B01,C0101,wallet,15000
T0003394,2025-03-01 12:55:23,2025-03-01,B06,C0009,card,11200
T0003395,2025-03-01 13:22:34,2025-03-01,B05,C0044,card,16700
T0003396,2025-03-01 19:29:01,2025-03-01,B02,C0067,card,26800
T0003397,2025-03-01 14:46:11,2025-03-01,B04,C0081,wallet,8500
T0003398,2025-03-01 11:19:38,2025-03-01,B03,C0081,wallet,19800
T0003399,2025-03-01 17:37:53,2025-03-01,B04,C0077,cash,5100
T0003400,2025-03-01 09:37:14,2025-03-01,B05,C0107,cash,15200
T0003401,2025-03-01 21:20:08,2025-03-01,B06,C0095,wallet,19100
T0003402,2025-03-02 18:14:33,2025-03-02,B02,,wallet,3900
T0003403,2025-03-02 07:44:14,2025-03-02,B04,C0031,card,10000
T0003404,2025-03-02 12:38:02,2025-03-02,B05,C0062,cash,11700
T0003405,2025-03-02 12:28:41,2025-03-02,B05,C0064,card,9000
T0003406,2025-03-02 18:49:14,2025-03-02,B01,C0036,card,27400
T0003407,2025-03-02 12:00:58,2025-03-02,B05,C0098,cash,18900
T0003408,2025-03-02 13:55:38,2025-03-02,B05,C0066,cash,9300
T0003409,2025-03-02 22:42:07,2025-03-02,B01,,cash,21500
T0003410,2025-03-02 08:11:26,2025-03-02,B03,C0015,card,16300
T0003411,2025-03-02 19:20:06,2025-03-02,B01,C0064,wallet,14100
T0003412,2025-03-02 14:27:18,2025-03-02,B01,C0019,card,15100
T0003413,2025-03-02 15:11:51,2025-03-02,B02,C0004,cash,22800
T0003414,2025-03-02 17:58:40,2025-03-02,B03,C0070,cash,7300
T0003415,2025-03-02 20:31:11,2025-03-02,B06,C0026,card,14200
T0003416,2025-03-02 20:31:46,2025-03-02,B06,C0113,cash,11200
T0003417,2025-03-02 21:09:05,2025-03-02,B05,,card,6000
T0003418,2025-03-02 08:18:07,2025-03-02,B03,C0063,wallet,23400
T0003419,2025-03-02 20:33:50,2025-03-02,B04,,wallet,8600
T0003420,2025-03-02 19:32:35,2025-03-02,B05,C0055,cash,8100
T0003421,2025-03-02 08:17:59,2025-03-02,B05,C0041,card,7100
T0003422,2025-03-02 19:45:31,2025-03-02,B04,C0059,cash,28000
T0003423,2025-03-02 13:12:03,2025-03-02,B03,C0058,card,13000
T0003424,2025-03-02 09:29:24,2025-03-02,B02,C0117,wallet,3800
T0003425,2025-03-02 09:23:13,2025-03-02,B01,C0087,card,15600
T0003426,2025-03-02 09:07:14,2025-03-02,B03,C0097,wallet,26700
T0003427,2025-03-02 22:40:25,2025-03-02,B02,C0110,card,16900
T0003428,2025-03-02 13:05:32,2025-03-02,B04,C0110,cash,31500
T0003429,2025-03-02 15:59:24,2025-03-02,B06,C0071,wallet,13200
T0003430,2025-03-02 08:03:05,2025-03-02,B04,C0065,wallet,5000
T0003431,2025-03-02 10:55:05,2025-03-02,B02,C0038,card,13900
T0003432,2025-03-02 10:33:16,2025-03-02,B04,C0120,card,23000
T0003433,2025-03-02 15:49:19,2025-03-02,B04,C0065,wallet,38000
T0003434,2025-03-02 18:43:42,2025-03-02,B01,C0117,cash,7600
T0003435,2025-03-02 13:39:34,2025-03-02,B04,C0066,cash,11400
T0003436,2025-03-02 10:28:21,2025-03-02,B02,C0020,cash,17200
T0003437,2025-03-02 17:51:20,2025-03-02,B02,C0106,card,13200
T0003438,2025-03-02 15:57:11,2025-03-02,B03,,wallet,12400
T0003439,2025-03-02 08:52:10,2025-03-02,B02,,wallet,18300
T0003440,2025-03-02 19:14:04,2025-03-02,B03,,cash,9100
T0003441,2025-03-02 21:50:43,2025-03-02,B04,C0016,wallet,24000
T0003442,2025-03-02 14:02:16,2025-03-02,B04,C0044,wallet,14300
T0003443,2025-03-02 22:34:46,2025-03-02,B06,C0048,cash,20200
T0003444,2025-03-02 15:15:41,2025-03-02,B03,C0017,wallet,6600
T0003445,2025-03-02 14:39:30,2025-03-02,B03,,wallet,39800
T0003446,2025-03-02 17:17:46,2025-03-02,B02,C0075,card,19600
T0003447,2025-03-02 09:32:35,2025-03-02,B02,C0100,card,1400
T0003448,2025-03-02 22:52:02,2025-03-02,B01,C0060,cash,6000
T0003449,2025-03-02 08:42:59,2025-03-02,B05,C0077,card,18200
T0003450,2025-03-02 21:33:27,2025-03-02,B04,,cash,30100
T0003451,2025-03-02 15:11:05,2025-03-02,B02,C0001,cash,22500
T0003452,2025-03-02 12:36:30,2025-03-02,B03,C0034,cash,15600
T0003453,2025-03-02 19:25:13,2025-03-02,B06,C0096,card,4300
T0003454,2025-03-02 22:21:39,2025-03-02,B01,,cash,16100
T0003455,2025-03-02 22:12:30,2025-03-02,B05,C0104,cash,3100
T0003456,2025-03-02 12:50:02,2025-03-02,B01,C0019,wallet,12200
T0003457,2025-03-02 22:15:42,2025-03-02,B06,,card,8400
T0003458,2025-03-02 22:33:19,2025-03-02,B04,C0107,cash,23000
T0003459,2025-03-02 18:39:47,2025-03-02,B06,C0014,cash,14000
T0003460,2025-03-03 21:59:42,2025-03-03,B04,C0068,cash,8500
T0003461,2025-03-03 13:59:36,2025-03-03,B04,C0033,card,18200
T0003462,2025-03-03 08:01:20,2025-03-03,B02,C0089,cash,16900
T0003463,2025-03-03 13:54:17,2025-03-03,B01,,card,5000
T0003464,2025-03-03 21:28:04,2025-03-03,B01,C0044,cash,8400
T0003465,2025-03-03 08:07:22,2025-03-03,B05,C0036,cash,16600
T0003466,2025-03-03 08:40:58,2025-03-03,B01,C0050,card,10700
T0003467,2025-03-03 16:24:58,2025-03-03,B02,C0059,cash,2600
T0003468,2025-03-03 07:17:44,2025-03-03,B04,C0002,cash,17600
T0003469,2025-03-03 10:40:56,2025-03-03,B04,C0055,card,11800
T0003470,2025-03-03 13:28:30,2025-03-03,B02,C0071,cash,4400
T0003471,2025-03-03 12:00:36,2025-03-03,B05,,card,2500
T0003472,2025-03-03 17:53:08,2025-03-03,B01,C0061,cash,28200
T0003473,2025-03-03 10:55:31,2025-03-03,B01,C0048,card,7300
T0003474,2025-03-03 16:40:44,2025-03-03,B05,,wallet,5900
T0003475,2025-03-03 19:32:13,2025-03-03,B01,C0102,wallet,1900
T0003476,2025-03-03 10:12:47,2025-03-03,B03,,cash,52400
T0003477,2025-03-03 14:10:16,2025-03-03,B02,C0058,cash,20300
T0003478,2025-03-03 07:21:43,2025-03-03,B04,C0013,wallet,3100
T0003479,2025-03-03 15:40:46,2025-03-03,B04,C0080,card,4900
T0003480,2025-03-03 07:27:01,2025-03-03,B06,,card,1900
T0003481,2025-03-03 13:55:21,2025-03-03,B03,C0108,wallet,12400
T0003482,2025-03-03 09:22:08,2025-03-03,B04,C0097,wallet,12000
T0003483,2025-03-03 08:14:31,2025-03-03,B06,C0093,card,11000
T0003484,2025-03-03 16:13:23,2025-03-03,B05,C0089,wallet,13800
T0003485,2025-03-03 17:03:40,2025-03-03,B06,C0077,card,24400
T0003486,2025-03-03 11:36:27,2025-03-03,B05,C0119,card,26200
T0003487,2025-03-03 21:34:02,2025-03-03,B04,C0099,card,16700
T0003488,2025-03-03 08:03:50,2025-03-03,B03,C0064,cash,26800
T0003489,2025-03-03 18:01:59,2025-03-03,B01,,cash,22400
T0003490,2025-03-03 09:02:50,2025-03-03,B02,,wallet,10100
T0003491,2025-03-03 07:41:59,2025-03-03,B05,C0043,card,26400
T0003492,2025-03-03 10:22:18,2025-03-03,B02,C0070,cash,7100
T0003493,2025-03-03 18:35:03,2025-03-03,B04,C0109,wallet,6700
T0003494,2025-03-03 16:18:19,2025-03-03,B01,C0021,cash,13700
T0003495,2025-03-03 08:50:05,2025-03-03,B05,C0027,card,5000
T0003496,2025-03-03 10:15:58,2025-03-03,B02,C0055,wallet,6200
T0003497,2025-03-03 10:45:38,2025-03-03,B06,C0116,cash,5500
T0003498,2025-03-03 13:45:54,2025-03-03,B01,C0076,card,10600
T0003499,2025-03-03 11:55:04,2025-03-03,B02,C0016,wallet,10800
T0003500,2025-03-03 19:48:11,2025-03-03,B03,C0036,cash,6700
T0003501,2025-03-03 18:03:57,2025-03-03,B05,C0012,cash,31200
T0003502,2025-03-03 11:21:14,2025-03-03,B05,C0093,cash,12800
T0003503,2025-03-03 09:13:20,2025-03-03,B01,C0034,card,12200
T0003504,2025-03-04 15:25:13,2025-03-04,B03,C0055,card,15700
T0003505,2025-03-04 21:55:50,2025-03-04,B06,,cash,2600
T0003506,2025-03-04 20:56:54,2025-03-04,B01,C0082,cash,2000
T0003507,2025-03-04 12:48:48,2025-03-04,B03,C0007,cash,10100
T0003508,2025-03-04 17:41:23,2025-03-04,B03,C0008,card,8300
T0003509,2025-03-04 09:04:21,2025-03-04,B02,,wallet,16800
T0003510,2025-03-04 08:24:58,2025-03-04,B05,C0002,cash,11400
T0003511,2025-03-04 20:51:46,2025-03-04,B04,C0072,cash,4600
T0003512,2025-03-04 12:04:22,2025-03-04,B05,,wallet,15300
T0003513,2025-03-04 11:26:33,2025-03-04,B02,C0100,cash,11600
T0003514,2025-03-04 18:22:36,2025-03-04,B04,C0081,card,8800
T0003515,2025-03-04 21:44:48,2025-03-04,B06,C0077,cash,24200
T0003516,2025-03-04 07:12:51,2025-03-04,B03,C0074,card,14700
T0003517,2025-03-04 15:12:21,2025-03-04,B03,C0116,cash,16800
T0003518,2025-03-04 16:49:15,2025-03-04,B04,C0048,wallet,4400
T0003519,2025-03-04 17:20:11,2025-03-04,B01,C0114,wallet,9300
T0003520,2025-03-04 12:19:29,2025-03-04,B04,C0107,card,6400
T0003521,2025-03-04 18:31:22,2025-03-04,B04,C0057,card,29100
T0003522,2025-03-04 19:34:49,2025-03-04,B05,C0084,cash,6600
T0003523,2025-03-04 17:01:02,2025-03-04,B05,C0086,card,16300
T0003524,2025-03-04 17:38:18,2025-03-04,B03,,wallet,22500
T0003525,2025-03-04 15:21:12,2025-03-04,B06,C0072,cash,7800
T0003526,2025-03-04 11:43:38,2025-03-04,B06,C0062,cash,36800
T0003527,2025-03-04 20:20:53,2025-03-04,B06,C0102,card,9500
T0003528,2025-03-04 12:36:45,2025-03-04,B01,C0095,cash,4100
T0003529,2025-03-04 19:49:57,2025-03-04,B04,C0003,wallet,13800
T0003530,2025-03-04 19:08:43,2025-03-04,B04,C0034,card,3100
T0003531,2025-03-04 16:55:42,2025-03-04,B03,C0042,card,8500
T0003532,2025-03-04 21:57:43,2025-03-04,B05,C0024,cash,13500
T0003533,2025-03-04 12:30:55,2025-03-04,B04,,wallet,27300
T0003534,2025-03-04 21:28:42,2025-03-04,B04,C0038,cash,14200
T0003535,2025-03-04 14:34:26,2025-03-04,B06,C0026,cash,44800
T0003536,2025-03-04 14:56:47,2025-03-04,B04,C0005,wallet,1700
T0003537,2025-03-04 12:27:36,2025-03-04,B01,C0038,cash,13100
T0003538,2025-03-04 11:50:15,2025-03-04,B04,C0024,card,4300
T0003539,2025-03-04 13:47:57,2025-03-04,B02,,card,11900
T0003540,2025-03-04 10:33:43,2025-03-04,B02,C0054,cash,11600
T0003541,2025-03-04 13:02:01,2025-03-04,B04,C0103,cash,24300
T0003542,2025-03-04 08:41:27,2025-03-04,B03,C0075,wallet,22600
T0003543,2025-03-04 10:50:41,2025-03-04,B03,C0092,card,7300
T0003544,2025-03-04 22:35:37,2025-03-04,B01,C0077,cash,19100
T0003545,2025-03-04 13:55:05,2025-03-04,B02,C0063,cash,8400
T0003546,2025-03-04 08:48:28,2025-03-04,B02,C0051,cash,3800
T0003547,2025-03-04 17:25:10,2025-03-04,B05,C0023,card,33400
T0003548,2025-03-04 20:49:54,2025-03-04,B05,C0034,card,13500
T0003549,2025-03-04 18:03:04,2025-03-04,B05,C0070,card,6000
T0003550,2025-03-04 13:20:39,2025-03-04,B06,C0007,cash,8100
T0003551,2025-03-04 10:03:06,2025-03-04,B04,,cash,18600
T0003552,2025-03-05 17:34:22,2025-03-05,B02,C0067,card,15200
T0003553,2025-03-05 21:08:00,2025-03-05,B02,C0070,card,16400
T0003554,2025-03-05 18:51:45,2025-03-05,B02,C0023,cash,38500
T0003555,2025-03-05 12:06:25,2025-03-05,B04,C0113,wallet,9000
T0003556,2025-03-05 12:49:43,2025-03-05,B05,C0070,cash,14100
T0003557,2025-03-05 11:45:09,2025-03-05,B02,C0083,cash,20400
T0003558,2025-03-05 13:32:59,2025-03-05,B05,,card,10800
T0003559,2025-03-05 18:02:24,2025-03-05,B03,C0098,wallet,6100
T0003560,2025-03-05 17:53:01,2025-03-05,B02,,card,5000
T0003561,2025-03-05 18:06:16,2025-03-05,B01,C0009,cash,2300
T0003562,2025-03-05 09:56:54,2025-03-05,B03,,cash,11700
T0003563,2025-03-05 12:19:40,2025-03-05,B04,C0057,wallet,14100
T0003564,2025-03-05 07:00:39,2025-03-05,B02,C0109,cash,3700
T0003565,2025-03-05 20:41:09,2025-03-05,B03,,cash,7200
T0003566,2025-03-05 11:22:08,2025-03-05,B01,C0091,wallet,5900
T0003567,2025-03-05 12:10:59,2025-03-05,B03,,cash,18500
T0003568,2025-03-05 13:41:44,2025-03-05,B02,C0014,card,6800
T0003569,2025-03-05 22:13:00,2025-03-05,B01,C0017,cash,13300
T0003570,2025-03-05 10:58:47,2025-03-05,B02,C0113,wallet,4900
T0003571,2025-03-05 08:01:22,2025-03-05,B04,C0041,card,10600
T0003572,2025-03-05 22:42:35,2025-03-05,B06,C0076,card,20000
T0003573,2025-03-05 21:55:37,2025-03-05,B03,,cash,4600
T0003574,2025-03-05 18:04:50,2025-03-05,B02,C0092,wallet,12200
T0003575,2025-03-05 22:26:04,2025-03-05,B01,,wallet,10100
T0003576,2025-03-05 10:19:00,2025-03-05,B01,C0055,card,14200
T0003577,2025-03-05 14:15:14,2025-03-05,B06,C0058,wallet,4000
T0003578,2025-03-05 18:32:28,2025-03-05,B05,C0085,wallet,8600
T0003579,2025-03-05 22:39:16,2025-03-05,B01,C0109,cash,29100
T0003580,2025-03-05 21:56:42,2025-03-05,B04,,cash,3800
T0003581,2025-03-05 18:40:54,2025-03-05,B02,C0094,cash,6100
T0003582,2025-03-05 09:05:10,2025-03-05,B04,C0014,wallet,13400
T0003583,2025-03-05 17:06:25,2025-03-05,B02,C0059,card,2000
T0003584,2025-03-05 20:52:04,2025-03-05,B03,C0090,card,8100
T0003585,2025-03-05 15:13:39,2025-03-05,B01,C0032,cash,10800
T0003586,2025-03-05 11:14:51,2025-03-05,B02,C0003,cash,7200
T0003587,2025-03-05 16:11:24,2025-03-05,B03,C0082,cash,6600
T0003588,2025-03-05 07:34:02,2025-03-05,B03,C0013,cash,2500
T0003589,2025-03-05 11:47:24,2025-03-05,B05,C0112,cash,33000
T0003590,2025-03-05 12:16:17,2025-03-05,B03,C0076,wallet,15300
T0003591,2025-03-05 22:07:16,2025-03-05,B06,C0117,wallet,7000
T0003592,2025-03-05 10:25:36,2025-03-05,B03,C0031,wallet,31000
T0003593,2025-03-05 09:06:09,2025-03-05,B01,C0031,cash,6000
T0003594,2025-03-05 20:46:13,2025-03-05,B01,,card,3700
T0003595,2025-03-05 10:49:32,2025-03-05,B04,C0063,card,4800
T0003596,2025-03-05 20:38:21,2025-03-05,B05,C0067,wallet,2300
T0003597,2025-03-05 18:28:03,2025-03-05,B02,C0093,wallet,10100
T0003598,2025-03-05 14:31:42,2025-03-05,B06,,card,10400
T0003599,2025-03-05 11:28:40,2025-03-05,B01,C0100,card,20600
T0003600,2025-03-06 16:50:13,2025-03-06,B05,C0047,cash,10100
T0003601,2025-03-06 17:36:45,2025-03-06,B01,C0038,card,15200
T0003602,2025-03-06 09:41:00,2025-03-06,B06,C0098,card,3900
T0003603,2025-03-06 14:04:49,2025-03-06,B03,,cash,17100
T0003604,2025-03-06 18:56:40,2025-03-06,B02,,card,14900
T0003605,2025-03-06 10:14:41,2025-03-06,B03,C0062,wallet,9900
T0003606,2025-03-06 08:05:57,2025-03-06,B05,,cash,5200
T0003607,2025-03-06 10:42:24,2025-03-06,B05,C0071,card,4000
T0003608,2025-03-06 21:49:30,2025-03-06,B04,C0001,cash,17900
T0003609,2025-03-06 19:24:22,2025-03-06,B03,C0017,card,6800
T0003610,2025-03-06 10:47:31,2025-03-06,B02,C0089,cash,9300
T0003611,2025-03-06 22:29:29,2025-03-06,B01,C0033,cash,21700
T0003612,2025-03-06 21:55:28,2025-03-06,B05,C0007,wallet,5400
T0003613,2025-03-06 14:03:43,2025-03-06,B02,C0074,card,10000
T0003614,2025-03-06 16:20:32,2025-03-06,B01,C0093,cash,6700
T0003615,2025-03-06 11:03:58,2025-03-06,B05,C0053,card,19200
T0003616,2025-03-06 11:39:39,2025-03-06,B04,C0096,card,16500
T0003617,2025-03-06 18:35:21,2025-03-06,B04,C0017,wallet,15500
T0003618,2025-03-06 10:56:04,2025-03-06,B04,C0016,cash,7100
T0003619,2025-03-06 22:17:51,2025-03-06,B04,C0036,wallet,32300
T0003620,2025-03-06 18:17:57,2025-03-06,B04,C0059,cash,12100
T0003621,2025-03-06 14:22:12,2025-03-06,B01,C0061,wallet,17100
T0003622,2025-03-06 10:31:50,2025-03-06,B02,C0002,wallet,16000
T0003623,2025-03-06 21:13:20,2025-03-06,B04,C0018,cash,9000
T0003624,2025-03-06 14:31:50,2025-03-06,B02,C0111,wallet,16700
T0003625,2025-03-06 17:29:43,2025-03-06,B05,C0047,card,18200
T0003626,2025-03-06 22:51:53,2025-03-06,B05,C0117,card,16300
T0003627,2025-03-06 08:50:00,2025-03-06,B04,C0036,wallet,9800
T0003628,2025-03-06 17:06:32,2025-03-06,B04,C0113,wallet,20300
T0003629,2025-03-06 08:31:07,2025-03-06,B05,C0020,wallet,10800
T0003630,2025-03-06 22:31:33,2025-03-06,B03,C0002,cash,20000
T0003631,2025-03-06 11:47:25,2025-03-06,B05,C0044,card,23700
T0003632,2025-03-06 07:48:30,2025-03-06,B03,C0017,card,17300
T0003633,2025-03-06 11:25:20,2025-03-06,B06,C0093,card,13400
T0003634,2025-03-06 14:58:47,2025-03-06,B01,C0073,wallet,2600
T0003635,2025-03-06 22:23:03,2025-03-06,B01,C0076,card,34200
T0003636,2025-03-06 14:53:59,2025-03-06,B01,C0101,cash,5900
T0003637,2025-03-06 16:32:12,2025-03-06,B06,C0029,cash,9700
T0003638,2025-03-06 18:03:12,2025-03-06,B06,C0039,cash,9300
T0003639,2025-03-06 09:45:51,2025-03-06,B04,C0045,cash,3700
T0003640,2025-03-06 18:17:14,2025-03-06,B02,C0047,card,8000
T0003641,2025-03-06 11:11:24,2025-03-06,B05,C0061,cash,6100
T0003642,2025-03-06 10:04:53,2025-03-06,B05,C0023,wallet,12200
T0003643,2025-03-06 20:25:06,2025-03-06,B04,C0077,card,8000
T0003644,2025-03-06 15:17:34,2025-03-06,B05,C0073,card,17000
T0003645,2025-03-06 12:08:00,2025-03-06,B04,C0045,wallet,16400
T0003646,2025-03-06 16:17:46,2025-03-06,B01,,wallet,39800
T0003647,2025-03-06 07:55:32,2025-03-06,B01,C0096,wallet,18200
T0003648,2025-03-06 19:44:12,2025-03-06,B06,,wallet,13800
T0003649,2025-03-06 22:38:16,2025-03-06,B06,C0120,card,8400
T0003650,2025-03-06 11:05:58,2025-03-06,B01,C0082,wallet,18600
T0003651,2025-03-06 07:32:30,2025-03-06,B03,,card,17900
T0003652,2025-03-06 14:08:08,2025-03-06,B02,C0047,cash,7400
T0003653,2025-03-06 08:38:36,2025-03-06,B03,C0119,card,2800
T0003654,2025-03-06 17:57:35,2025-03-06,B04,,cash,16200
T0003655,2025-03-06 21:45:59,2025-03-06,B03,C0114,wallet,16700
T0003656,2025-03-06 09:20:28,2025-03-06,B03,C0116,wallet,21100
T0003657,2025-03-06 17:26:08,2025-03-06,B06,C0017,cash,20100
T0003658,2025-03-07 21:24:36,2025-03-07,B02,C0049,cash,11100
T0003659,2025-03-07 20:10:46,2025-03-07,B01,C0025,wallet,32900
T0003660,2025-03-07 14:53:46,2025-03-07,B05,C0077,card,24100
T0003661,2025-03-07 12:21:16,2025-03-07,B02,C0047,wallet,5600
T0003662,2025-03-07 17:49:32,2025-03-07,B04,C0084,card,17300
T0003663,2025-03-07 13:21:39,2025-03-07,B03,C0114,wallet,22600
T0003664,2025-03-07 09:17:19,2025-03-07,B06,C0012,cash,10200
T0003665,2025-03-07 21:32:51,2025-03-07,B01,C0040,cash,30800
T0003666,2025-03-07 16:02:52,2025-03-07,B04,C0098,wallet,5500
T0003667,2025-03-07 14:14:36,2025-03-07,B01,C0102,cash,12400
T0003668,2025-03-07 21:57:14,2025-03-07,B05,C0103,card,24800
T0003669,2025-03-07 08:06:29,2025-03-07,B02,C0068,wallet,23700
T0003670,2025-03-07 22:43:37,2025-03-07,B03,C0035,wallet,10900
T0003671,2025-03-07 20:35:48,2025-03-07,B03,,cash,4200
T0003672,2025-03-07 21:56:06,2025-03-07,B03,C0072,wallet,8200
T0003673,2025-03-07 16:26:48,2025-03-07,B05,C0063,card,10800
T0003674,2025-03-07 13:16:56,2025-03-07,B01,C0112,wallet,26900
T0003675,2025-03-07 18:13:59,2025-03-07,B02,C0041,cash,11900
T0003676,2025-03-07 09:50:35,2025-03-07,B01,C0018,cash,2800
T0003677,2025-03-07 09:55:59,2025-03-07,B03,C0107,card,4300
T0003678,2025-03-07 11:52:59,2025-03-07,B01,C0065,cash,12300
T0003679,2025-03-07 12:25:42,2025-03-07,B01,,cash,8100
T0003680,2025-03-07 11:14:44,2025-03-07,B06,C0108,cash,4100
T0003681,2025-03-07 08:36:21,2025-03-07,B01,C0071,wallet,14200
T0003682,2025-03-07 15:46:41,2025-03-07,B05,C0047,cash,18600
T0003683,2025-03-07 20:27:54,2025-03-07,B05,C0071,cash,11900
T0003684,2025-03-07 09:04:23,2025-03-07,B06,C0120,cash,4200
T0003685,2025-03-07 07:41:16,2025-03-07,B05,C0060,cash,25400
T0003686,2025-03-07 13:49:16,2025-03-07,B03,C0040,wallet,11900
T0003687,2025-03-07 13:09:22,2025-03-07,B03,,card,11100
T0003688,2025-03-07 15:29:29,2025-03-07,B06,C0097,card,3000
T0003689,2025-03-07 13:49:41,2025-03-07,B05,C0115,card,11300
T0003690,2025-03-07 19:10:00,2025-03-07,B06,C0083,wallet,19900
T0003691,2025-03-07 10:50:29,2025-03-07,B02,C0017,wallet,2400
T0003692,2025-03-07 09:08:03,2025-03-07,B05,C0014,cash,2600
T0003693,2025-03-07 16:42:11,2025-03-07,B01,,card,4200
T0003694,2025-03-07 22:50:25,2025-03-07,B06,C0088,cash,19900
T0003695,2025-03-07 20:45:22,2025-03-07,B05,C0014,wallet,11900
T0003696,2025-03-07 10:52:43,2025-03-07,B02,C0088,cash,31000
T0003697,2025-03-07 12:28:50,2025-03-07,B02,C0025,wallet,12300
T0003698,2025-03-07 18:34:51,2025-03-07,B03,C0096,wallet,11800
T0003699,2025-03-07 11:16:29,2025-03-07,B01,C0097,card,19000
T0003700,2025-03-07 08:41:29,2025-03-07,B03,,cash,20000
T0003701,2025-03-07 16:44:34,2025-03-07,B06,C0010,wallet,23100
T0003702,2025-03-08 10:18:29,2025-03-08,B04,C0041,card,25600
T0003703,2025-03-08 13:29:17,2025-03-08,B06,,wallet,2500
T0003704,2025-03-08 17:51:54,2025-03-08,B01,C0055,card,10800
T0003705,2025-03-08 07:34:08,2025-03-08,B06,C0024,wallet,9000
T0003706,2025-03-08 09:12:34,2025-03-08,B06,C0009,wallet,3000
T0003707,2025-03-08 08:09:03,2025-03-08,B04,C0029,wallet,38400
T0003708,2025-03-08 13:41:18,2025-03-08,B03,C0037,card,3800
T0003709,2025-03-08 16:13:15,2025-03-08,B03,C0016,wallet,8400
T0003710,2025-03-08 14:44:45,2025-03-08,B01,C0003,wallet,12500
T0003711,2025-03-08 07:35:43,2025-03-08,B04,C0101,wallet,4600
T0003712,2025-03-08 22:51:55,2025-03-08,B05,C0046,card,8600
T0003713,2025-03-08 19:50:08,2025-03-08,B05,,card,13600
T0003714,2025-03-08 09:13:10,2025-03-08,B04,C0086,card,10100
T0003715,2025-03-08 16:49:31,2025-03-08,B06,,wallet,6600
T0003716,2025-03-08 15:16:29,2025-03-08,B01,C0012,wallet,12400
T0003717,2025-03-08 21:41:32,2025-03-08,B05,,wallet,12300
T0003718,2025-03-08 22:41:54,2025-03-08,B03,C0056,cash,27900
T0003719,2025-03-08 20:12:48,2025-03-08,B06,C0035,card,11900
T0003720,2025-03-08 08:41:06,2025-03-08,B06,C0115,wallet,33000
T0003721,2025-03-08 08:45:16,2025-03-08,B05,C0014,cash,9500
T0003722,2025-03-08 13:49:36,2025-03-08,B04,,cash,27100
T0003723,2025-03-08 07:06:04,2025-03-08,B04,C0005,card,6500
T0003724,2025-03-08 22:55:26,2025-03-08,B03,C0032,card,25700
T0003725,2025-03-08 21:56:03,2025-03-08,B03,C0030,card,2600
T0003726,2025-03-08 16:06:01,2025-03-08,B05,C0084,wallet,29700
T0003727,2025-03-08 08:03:23,2025-03-08,B06,C0094,cash,15300
T0003728,2025-03-08 18:35:48,2025-03-08,B04,C0105,card,22500
T0003729,2025-03-08 15:59:03,2025-03-08,B06,C0098,cash,15500
T0003730,2025-03-08 07:34:48,2025-03-08,B03,C0078,cash,4800
T0003731,2025-03-08 22:09:38,2025-03-08,B05,C0033,card,12000
T0003732,2025-03-08 22:19:27,2025-03-08,B01,,wallet,2700
T0003733,2025-03-08 19:19:01,2025-03-08,B06,C0085,card,2100
T0003734,2025-03-08 20:03:00,2025-03-08,B05,,card,18200
T0003735,2025-03-08 08:33:55,2025-03-08,B06,C0018,card,6300
T0003736,2025-03-08 22:00:52,2025-03-08,B01,C0012,card,13100
T0003737,2025-03-08 13:55:38,2025-03-08,B01,C0045,wallet,4100
T0003738,2025-03-08 19:06:36,2025-03-08,B01,C0051,cash,5900
T0003739,2025-03-08 12:06:26,2025-03-08,B03,C0107,card,12200
T0003740,2025-03-08 16:50:01,2025-03-08,B06,C0009,wallet,2400
T0003741,2025-03-08 08:23:07,2025-03-08,B04,C0012,wallet,15500
T0003742,2025-03-08 07:09:43,2025-03-08,B05,C0018,cash,18200
T0003743,2025-03-08 10:36:14,2025-03-08,B05,C0081,card,5200
T0003744,2025-03-08 07:18:45,2025-03-08,B02,,wallet,7500
T0003745,2025-03-08 14:20:03,2025-03-08,B02,C0061,cash,18800
T0003746,2025-03-08 21:27:22,2025-03-08,B03,C0110,cash,4100
T0003747,2025-03-08 07:51:57,2025-03-08,B05,C0084,wallet,18600
T0003748,2025-03-08 11:11:37,2025-03-08,B02,C0106,cash,7100
T0003749,2025-03-08 22:20:15,2025-03-08,B05,C0077,card,17300
T0003750,2025-03-08 20:56:01,2025-03-08,B06,C0071,wallet,20000
T0003751,2025-03-08 11:44:16,2025-03-08,B02,,wallet,21700
T0003752,2025-03-08 07:23:04,2025-03-08,B06,C0061,card,11000
T0003753,2025-03-08 13:58:59,2025-03-08,B04,C0070,wallet,14700
T0003754,2025-03-08 12:17:10,2025-03-08,B01,C0108,card,27800
T0003755,2025-03-08 19:58:13,2025-03-08,B06,C0080,cash,33000
T0003756,2025-03-08 12:43:48,2025-03-08,B02,C0050,card,18400
T0003757,2025-03-08 20:07:50,2025-03-08,B04,C0062,card,14400
T0003758,2025-03-08 21:06:33,2025-03-08,B04,C0014,wallet,22000
T0003759,2025-03-08 09:41:55,2025-03-08,B03,C0036,cash,6400
T0003760,2025-03-08 13:05:19,2025-03-08,B06,,cash,8900
T0003761,2025-03-08 10:28:27,2025-03-08,B05,C0079,card,2700
T0003762,2025-03-08 08:06:35,2025-03-08,B06,C0112,wallet,19500
T0003763,2025-03-08 10:07:45,2025-03-08,B04,C0013,cash,9000
T0003764,2025-03-08 18:37:10,2025-03-08,B06,C0012,card,17400
T0003765,2025-03-08 08:55:31,2025-03-08,B01,C0070,card,16000
T0003766,2025-03-08 12:12:53,2025-03-08,B05,,card,28300
T0003767,2025-03-08 22:52:13,2025-03-08,B04,C0080,card,4200
T0003768,2025-03-08 15:12:29,2025-03-08,B05,C0024,cash,21600
T0003769,2025-03-08 19:33:51,2025-03-08,B04,,cash,15300
T0003770,2025-03-08 10:10:55,2025-03-08,B04,C0062,cash,3700
T0003771,2025-03-08 07:31:11,2025-03-08,B02,C0030,card,3100
T0003772,2025-03-09 12:56:17,2025-03-09,B01,C0120,wallet,14000
T0003773,2025-03-09 18:43:11,2025-03-09,B03,C0030,card,27000
T0003774,2025-03-09 11:15:37,2025-03-09,B05,C0059,wallet,22300
T0003775,2025-03-09 19:36:34,2025-03-09,B04,C0026,cash,2300
T0003776,2025-03-09 14:13:01,2025-03-09,B04,C0001,cash,7000
T0003777,2025-03-09 11:25:24,2025-03-09,B05,C0011,cash,20100
T0003778,2025-03-09 21:50:50,2025-03-09,B04,C0059,card,12700
T0003779,2025-03-09 12:12:38,2025-03-09,B03,C0055,cash,4800
T0003780,2025-03-09 07:34:08,2025-03-09,B01,C0039,card,17600
T0003781,2025-03-09 11:22:52,2025-03-09,B06,C0026,card,6700
T0003782,2025-03-09 10:39:37,2025-03-09,B01,C0066,cash,11400
T0003783,2025-03-09 09:37:32,2025-03-09,B06,C0074,wallet,23900
T0003784,2025-03-09 13:32:11,2025-03-09,B04,C0089,cash,2800
T0003785,2025-03-09 11:00:57,2025-03-09,B03,C0051,cash,30200
T0003786,2025-03-09 10:37:31,2025-03-09,B06,C0076,wallet,16300
T0003787,2025-03-09 10:20:01,2025-03-09,B02,,cash,5700
T0003788,2025-03-09 18:33:01,2025-03-09,B01,,card,25800
T0003789,2025-03-09 12:33:59,2025-03-09,B05,C0049,wallet,8500
T0003790,2025-03-09 12:27:38,2025-03-09,B03,C0085,wallet,10100
T0003791,2025-03-09 19:10:37,2025-03-09,B03,C0024,cash,7200
T0003792,2025-03-09 12:30:04,2025-03-09,B03,C0085,cash,9900
T0003793,2025-03-09 17:53:09,2025-03-09,B04,C0098,card,12100
T0003794,2025-03-09 15:55:04,2025-03-09,B02,C0106,card,23500
T0003795,2025-03-09 14:23:02,2025-03-09,B03,C0015,wallet,6500
T0003796,2025-03-09 09:57:27,2025-03-09,B06,C0092,card,32700
T0003797,2025-03-09 12:00:39,2025-03-09,B04,C0068,wallet,21100
T0003798,2025-03-09 09:05:37,2025-03-09,B01,C0107,cash,5000
T0003799,2025-03-09 08:25:35,2025-03-09,B01,C0020,wallet,18200
T0003800,2025-03-09 10:10:43,2025-03-09,B01,C0085,cash,8100
T0003801,2025-03-09 13:56:54,2025-03-09,B04,C0075,wallet,13100
T0003802,2025-03-09 11:00:01,2025-03-09,B04,C0093,wallet,4000
T0003803,2025-03-09 08:33:32,2025-03-09,B02,C0085,card,28900
T0003804,2025-03-09 15:33:36,2025-03-09,B02,C0025,wallet,8600
T0003805,2025-03-09 15:09:07,2025-03-09,B05,C0004,wallet,7400
T0003806,2025-03-09 10:12:33,2025-03-09,B06,C0045,card,11000
T0003807,2025-03-09 14:21:18,2025-03-09,B06,C0089,wallet,23500
T0003808,2025-03-09 19:10:49,2025-03-09,B03,C0047,cash,11900
T0003809,2025-03-09 18:40:36,2025-03-09,B05,C0109,card,9400
T0003810,2025-03-09 08:55:08,2025-03-09,B03,,wallet,18100
T0003811,2025-03-09 13:44:03,2025-03-09,B02,,card,11400
T0003812,2025-03-09 22:17:17,2025-03-09,B06,C0117,cash,10800
T0003813,2025-03-09 20:48:39,2025-03-09,B01,,cash,15100
T0003814,2025-03-09 12:33:58,2025-03-09,B04,C0004,cash,12400
T0003815,2025-03-09 11:38:02,2025-03-09,B02,C0005,cash,7100
T0003816,2025-03-09 16:09:07,2025-03-09,B01,C0012,wallet,5400
T0003817,2025-03-09 07:25:40,2025-03-09,B01,C0077,cash,18200
T0003818,2025-03-09 17:45:32,2025-03-09,B03,C0061,wallet,6400
T0003819,2025-03-09 16:22:41,2025-03-09,B05,C0082,wallet,4600
T0003820,2025-03-09 15:48:55,2025-03-09,B05,C0093,card,7400
T0003821,2025-03-09 13:32:49,2025-03-09,B02,C0004,wallet,17100
T0003822,2025-03-09 11:26:10,2025-03-09,B05,C0069,cash,12500
T0003823,2025-03-09 15:05:36,2025-03-09,B06,C0035,wallet,26300
T0003824,2025-03-09 13:04:20,2025-03-09,B01,C0001,wallet,18200
T0003825,2025-03-09 12:29:18,2025-03-09,B01,C0120,card,29400
T0003826,2025-03-09 11:27:40,2025-03-09,B01,C0056,card,1800
T0003827,2025-03-09 07:41:44,2025-03-09,B03,C0104,cash,2900
T0003828,2025-03-09 18:58:58,2025-03-09,B04,,wallet,7500
T0003829,2025-03-09 10:34:30,2025-03-09,B01,,wallet,29000
T0003830,2025-03-09 08:44:25,2025-03-09,B02,C0083,wallet,21000
T0003831,2025-03-09 21:38:30,2025-03-09,B02,C0073,wallet,19700
T0003832,2025-03-09 10:48:16,2025-03-09,B06,,cash,15800
T0003833,2025-03-09 21:45:53,2025-03-09,B02,C0020,cash,12200
T0003834,2025-03-09 10:15:17,2025-03-09,B01,C0061,cash,18700
T0003835,2025-03-09 19:20:34,2025-03-09,B06,C0054,wallet,7700
T0003836,2025-03-10 20:21:24,2025-03-10,B02,,cash,4800
T0003837,2025-03-10 11:06:30,2025-03-10,B04,C0047,card,10100
T0003838,2025-03-10 17:27:08,2025-03-10,B05,C0088,wallet,14400
T0003839,2025-03-10 07:50:22,2025-03-10,B06,C0009,cash,6000
T0003840,2025-03-10 17:12:53,2025-03-10,B01,C0089,wallet,34600
T0003841,2025-03-10 21:41:07,2025-03-10,B05,C0046,card,22600
T0003842,2025-03-10 08:10:14,2025-03-10,B03,C0117,wallet,14100
T0003843,2025-03-10 07:54:09,2025-03-10,B04,C0018,wallet,11100
T0003844,2025-03-10 07:16:49,2025-03-10,B02,C0058,card,9800
T0003845,2025-03-10 13:26:20,2025-03-10,B03,,card,12700
T0003846,2025-03-10 19:41:24,2025-03-10,B03,C0101,cash,7600
T0003847,2025-03-10 18:09:55,2025-03-10,B03,,wallet,11000
T0003848,2025-03-10 18:23:50,2025-03-10,B01,C0069,cash,16600
T0003849,2025-03-10 22:25:22,2025-03-10,B03,C0102,cash,23400
T0003850,2025-03-10 17:39:51,2025-03-10,B03,C0058,card,7200
T0003851,2025-03-10 11:18:28,2025-03-10,B04,C0052,cash,17200
T0003852,2025-03-10 16:14:39,2025-03-10,B01,C0018,cash,17400
T0003853,2025-03-10 07:29:36,2025-03-10,B02,C0115,card,22400
T0003854,2025-03-10 18:39:28,2025-03-10,B01,C0003,card,5200
T0003855,2025-03-10 16:50:28,2025-03-10,B04,,wallet,7200
T0003856,2025-03-10 16:49:51,2025-03-10,B05,C0033,wallet,21400
T0003857,2025-03-10 11:04:19,2025-03-10,B06,,cash,11000
T0003858,2025-03-10 08:53:40,2025-03-10,B06,,cash,6600
T0003859,2025-03-10 10:40:08,2025-03-10,B06,C0034,cash,6900
T0003860,2025-03-10 16:09:49,2025-03-10,B03,C0023,wallet,19900
T0003861,2025-03-10 07:06:06,2025-03-10,B03,C0007,wallet,11500
T0003862,2025-03-10 10:11:32,2025-03-10,B01,C0088,wallet,14000
T0003863,2025-03-10 14:22:56,2025-03-10,B04,C0118,wallet,13000
T0003864,2025-03-10 12:50:02,2025-03-10,B05,C0072,wallet,3300
T0003865,2025-03-10 08:30:50,2025-03-10,B02,C0004,card,34300
T0003866,2025-03-10 10:30:18,2025-03-10,B04,,card,5000
T0003867,2025-03-10 10:25:05,2025-03-10,B03,C0041,wallet,5200
T0003868,2025-03-10 19:33:00,2025-03-10,B05,,card,5600
T0003869,2025-03-10 19:57:15,2025-03-10,B06,C0051,cash,12400
T0003870,2025-03-10 19:23:39,2025-03-10,B01,C0068,card,4000
T0003871,2025-03-10 11:55:53,2025-03-10,B04,,wallet,37500
T0003872,2025-03-10 20:07:24,2025-03-10,B04,C0062,cash,21700
T0003873,2025-03-10 09:08:39,2025-03-10,B05,C0103,cash,7700
T0003874,2025-03-10 17:53:07,2025-03-10,B06,,wallet,19300
T0003875,2025-03-10 10:26:26,2025-03-10,B01,C0038,card,2800
T0003876,2025-03-10 08:02:53,2025-03-10,B02,C0041,wallet,4000
T0003877,2025-03-10 15:15:01,2025-03-10,B03,C0078,card,9500
T0003878,2025-03-10 09:17:53,2025-03-10,B06,C0104,cash,12300
T0003879,2025-03-10 12:31:50,2025-03-10,B01,C0024,cash,17300
T0003880,2025-03-10 22:13:02,2025-03-10,B01,C0037,card,28300
T0003881,2025-03-10 10:57:33,2025-03-10,B01,C0054,card,6700
T0003882,2025-03-10 20:29:16,2025-03-10,B03,C0046,cash,8000
T0003883,2025-03-10 07:33:03,2025-03-10,B03,C0036,card,6800
T0003884,2025-03-10 19:34:53,2025-03-10,B06,C0071,wallet,4800
T0003885,2025-03-10 08:12:12,2025-03-10,B04,C0109,card,12600
T0003886,2025-03-10 19:06:22,2025-03-10,B04,C0086,cash,8200
T0003887,2025-03-10 19:03:43,2025-03-10,B02,C0008,wallet,10500
T0003888,2025-03-10 18:59:57,2025-03-10,B02,C0001,wallet,10200
T0003889,2025-03-10 14:27:47,2025-03-10,B02,C0097,wallet,14000
T0003890,2025-03-10 10:20:22,2025-03-10,B02,C0002,wallet,8400
T0003891,2025-03-10 08:42:21,2025-03-10,B05,C0070,card,33800
T0003892,2025-03-10 19:21:22,2025-03-10,B04,C0060,wallet,6500
T0003893,2025-03-10 10:35:25,2025-03-10,B04,C0021,card,21300
T0003894,2025-03-11 09:24:43,2025-03-11,B01,C0078,cash,26700
T0003895,2025-03-11 22:34:20,2025-03-11,B03,C0033,wallet,2800
T0003896,2025-03-11 21:53:41,2025-03-11,B02,C0010,wallet,26100
T0003897,2025-03-11 18:27:12,2025-03-11,B06,C0028,card,35900
T0003898,2025-03-11 20:49:37,2025-03-11,B01,C0063,cash,9600
T0003899,2025-03-11 19:16:34,2025-03-11,B03,C0048,wallet,3300
T0003900,2025-03-11 13:49:57,2025-03-11,B01,C0095,wallet,4000
T0003901,2025-03-11 07:34:11,2025-03-11,B03,C0038,cash,32900
T0003902,2025-03-11 20:11:20,2025-03-11,B03,C0057,wallet,30900
T0003903,2025-03-11 07:24:55,2025-03-11,B01,,cash,11600
T0003904,2025-03-11 09:35:01,2025-03-11,B02,,wallet,4300
T0003905,2025-03-11 10:52:13,2025-03-11,B02,C0103,cash,6800
T0003906,2025-03-11 22:46:48,2025-03-11,B04,C0068,wallet,8300
T0003907,2025-03-11 08:01:52,2025-03-11,B04,C0010,card,13800
T0003908,2025-03-11 21:42:08,2025-03-11,B06,C0036,card,6300
T0003909,2025-03-11 20:52:59,2025-03-11,B05,C0119,cash,8400
T0003910,2025-03-11 17:56:24,2025-03-11,B04,C0012,wallet,13500
T0003911,2025-03-11 22:40:30,2025-03-11,B04,C0099,card,2600
T0003912,2025-03-11 14:10:12,2025-03-11,B03,C0094,card,6900
T0003913,2025-03-11 19:31:13,2025-03-11,B03,C0059,card,12600
T0003914,2025-03-11 07:49:27,2025-03-11,B03,C0035,cash,14600
T0003915,2025-03-11 17:24:10,2025-03-11,B05,C0062,card,20000
T0003916,2025-03-11 18:27:04,2025-03-11,B03,C0059,wallet,15000
T0003917,2025-03-11 20:06:37,2025-03-11,B05,C0093,wallet,8300
T0003918,2025-03-11 08:17:22,2025-03-11,B03,,cash,15600
T0003919,2025-03-11 16:21:48,2025-03-11,B04,,card,11000
T0003920,2025-03-11 13:19:01,2025-03-11,B01,C0089,card,11300
T0003921,2025-03-11 12:40:42,2025-03-11,B02,C0019,cash,4300
T0003922,2025-03-11 10:33:48,2025-03-11,B06,C0007,cash,9500
T0003923,2025-03-11 17:18:10,2025-03-11,B02,C0015,wallet,23000
T0003924,2025-03-11 10:59:48,2025-03-11,B04,C0012,card,20900
T0003925,2025-03-11 22:23:32,2025-03-11,B06,C0108,card,15400
T0003926,2025-03-11 12:36:15,2025-03-11,B03,C0028,card,5200
T0003927,2025-03-11 22:43:28,2025-03-11,B03,C0004,card,19900
T0003928,2025-03-11 19:00:20,2025-03-11,B02,C0073,wallet,23700
T0003929,2025-03-11 19:08:33,2025-03-11,B06,,cash,13400
T0003930,2025-03-11 20:01:09,2025-03-11,B04,,wallet,16600
T0003931,2025-03-11 09:05:40,2025-03-11,B04,C0029,cash,8800
T0003932,2025-03-11 10:13:13,2025-03-11,B01,C0100,cash,22700
T0003933,2025-03-11 09:44:07,2025-03-11,B06,C0067,card,13600
T0003934,2025-03-11 19:05:25,2025-03-11,B05,C0114,card,7700
T0003935,2025-03-11 20:34:01,2025-03-11,B04,C0037,cash,3800
T0003936,2025-03-11 17:18:02,2025-03-11,B01,C0024,wallet,13100
T0003937,2025-03-11 20:28:59,2025-03-11,B02,C0027,card,7800
T0003938,2025-03-11 12:19:33,2025-03-11,B04,C0024,card,1900
T0003939,2025-03-11 17:59:33,2025-03-11,B04,C0116,card,2300
T0003940,2025-03-11 15:01:35,2025-03-11,B04,C0067,wallet,6300
T0003941,2025-03-11 17:36:50,2025-03-11,B01,C0087,wallet,15700
T0003942,2025-03-11 13:50:31,2025-03-11,B04,C0072,cash,10900
T0003943,2025-03-11 07:34:51,2025-03-11,B02,C0080,card,24600
T0003944,2025-03-11 18:27:11,2025-03-11,B06,C0051,card,29800
T0003945,2025-03-11 07:18:35,2025-03-11,B01,C0106,wallet,7300
T0003946,2025-03-11 10:32:06,2025-03-11,B03,C0049,wallet,2900
T0003947,2025-03-12 07:50:58,2025-03-12,B04,C0071,card,4600
T0003948,2025-03-12 11:48:36,2025-03-12,B03,C0022,card,20500
T0003949,2025-03-12 15:28:49,2025-03-12,B01,C0004,cash,8800
T0003950,2025-03-12 12:38:35,2025-03-12,B04,C0113,card,24900
T0003951,2025-03-12 11:13:16,2025-03-12,B04,,wallet,4300
T0003952,2025-03-12 10:43:47,2025-03-12,B01,C0115,wallet,11800
T0003953,2025-03-12 09:06:32,2025-03-12,B04,,wallet,8100
T0003954,2025-03-12 17:54:18,2025-03-12,B01,C0085,wallet,6800
T0003955,2025-03-12 16:37:09,2025-03-12,B06,C0031,card,10100
T0003956,2025-03-12 12:51:35,2025-03-12,B03,C0002,wallet,28000
T0003957,2025-03-12 17:06:33,2025-03-12,B03,C0079,card,17600
T0003958,2025-03-12 12:17:40,2025-03-12,B02,C0074,card,5500
T0003959,2025-03-12 21:01:23,2025-03-12,B02,C0037,wallet,17000
T0003960,2025-03-12 22:47:16,2025-03-12,B06,C0099,card,7400
T0003961,2025-03-12 17:57:17,2025-03-12,B04,C0117,cash,14600
T0003962,2025-03-12 15:01:00,2025-03-12,B05,C0120,cash,22800
T0003963,2025-03-12 14:37:23,2025-03-12,B06,C0097,cash,3100
T0003964,2025-03-12 09:14:27,2025-03-12,B05,C0026,card,22700
T0003965,2025-03-12 17:09:24,2025-03-12,B02,C0045,wallet,8400
T0003966,2025-03-12 12:42:22,2025-03-12,B02,C0094,card,32300
T0003967,2025-03-12 19:07:24,2025-03-12,B02,C0032,card,14800
T0003968,2025-03-12 07:53:08,2025-03-12,B02,C0102,wallet,5400
T0003969,2025-03-12 16:00:07,2025-03-12,B06,C0042,wallet,10600
T0003970,2025-03-12 14:15:16,2025-03-12,B04,C0030,card,15800
T0003971,2025-03-12 13:13:46,2025-03-12,B01,C0027,card,12200
T0003972,2025-03-12 19:31:18,2025-03-12,B03,,cash,18200
T0003973,2025-03-12 08:55:55,2025-03-12,B04,C0074,cash,15100
T0003974,2025-03-12 09:54:59,2025-03-12,B06,C0043,card,19100
T0003975,2025-03-12 13:23:23,2025-03-12,B06,C0076,wallet,2300
T0003976,2025-03-12 18:40:25,2025-03-12,B01,C0092,card,3900
T0003977,2025-03-12 17:17:43,2025-03-12,B04,C0065,cash,12900
T0003978,2025-03-12 22:44:54,2025-03-12,B05,C0068,cash,3100
T0003979,2025-03-12 11:25:22,2025-03-12,B05,,cash,24800
T0003980,2025-03-12 22:02:16,2025-03-12,B04,C0112,cash,19400
T0003981,2025-03-12 16:50:58,2025-03-12,B06,,card,25300
T0003982,2025-03-12 22:18:27,2025-03-12,B03,C0114,wallet,10600
T0003983,2025-03-12 22:16:06,2025-03-12,B01,C0084,wallet,3700
T0003984,2025-03-12 07:37:11,2025-03-12,B05,,cash,9000
T0003985,2025-03-12 20:04:38,2025-03-12,B05,C0008,card,12400
T0003986,2025-03-12 17:41:34,2025-03-12,B05,,cash,17700
T0003987,2025-03-12 22:40:26,2025-03-12,B06,C0071,wallet,5900
T0003988,2025-03-12 20:36:50,2025-03-12,B03,C0031,card,4400
T0003989,2025-03-12 08:40:01,2025-03-12,B06,C0038,card,7100
T0003990,2025-03-12 15:47:31,2025-03-12,B03,C0026,wallet,28400
T0003991,2025-03-12 22:42:23,2025-03-12,B04,C0047,card,28300
T0003992,2025-03-12 21:47:06,2025-03-12,B03,C0060,card,19500
T0003993,2025-03-12 12:20:25,2025-03-12,B05,C0094,card,16300
T0003994,2025-03-12 08:54:56,2025-03-12,B03,C0031,wallet,18800
T0003995,2025-03-12 12:46:53,2025-03-12,B02,C0043,wallet,19000
T0003996,2025-03-12 19:23:41,2025-03-12,B04,C0077,wallet,11200
T0003997,2025-03-12 14:40:08,2025-03-12,B02,C0088,card,8000
T0003998,2025-03-12 14:24:40,2025-03-12,B02,C0074,card,8800
T0003999,2025-03-12 17:23:04,2025-03-12,B01,C0027,cash,2200
T0004000,2025-03-12 10:24:22,2025-03-12,B03,C0056,card,7100
T0004001,2025-03-12 14:32:40,2025-03-12,B03,C0094,wallet,21800
T0004002,2025-03-12 15:14:17,2025-03-12,B01,C0017,card,31600
T0004003,2025-03-12 07:32:43,2025-03-12,B04,C0073,cash,9700
T0004004,2025-03-12 14:23:20,2025-03-12,B05,C0102,cash,36000
T0004005,2025-03-13 12:49:34,2025-03-13,B04,,wallet,17200
T0004006,2025-03-13 10:06:48,2025-03-13,B03,C0036,card,7700
T0004007,2025-03-13 20:07:07,2025-03-13,B03,C0036,wallet,2600
T0004008,2025-03-13 17:26:32,2025-03-13,B01,C0019,cash,11100
T0004009,2025-03-13 10:33:37,2025-03-13,B03,,cash,4400
T0004010,2025-03-13 07:33:23,2025-03-13,B04,,card,20500
T0004011,2025-03-13 09:14:21,2025-03-13,B06,C0010,cash,18100
T0004012,2025-03-13 21:16:06,2025-03-13,B05,C0096,cash,2100
T0004013,2025-03-13 10:24:45,2025-03-13,B05,C0097,cash,7500
T0004014,2025-03-13 08:29:14,2025-03-13,B06,C0008,cash,12900
T0004015,2025-03-13 07:36:34,2025-03-13,B03,C0079,card,2100
T0004016,2025-03-13 16:43:12,2025-03-13,B02,C0064,card,11100
T0004017,2025-03-13 22:38:46,2025-03-13,B04,,card,6600
T0004018,2025-03-13 12:32:23,2025-03-13,B04,C0008,wallet,1800
T0004019,2025-03-13 12:27:46,2025-03-13,B02,C0086,card,9800
T0004020,2025-03-13 16:52:56,2025-03-13,B02,,wallet,17100
T0004021,2025-03-13 09:23:49,2025-03-13,B01,C0012,card,29900
T0004022,2025-03-13 16:46:49,2025-03-13,B05,C0112,cash,8900
T0004023,2025-03-13 14:04:20,2025-03-13,B05,C0027,cash,13300
T0004024,2025-03-13 21:31:46,2025-03-13,B01,C0008,cash,9500
T0004025,2025-03-13 12:16:51,2025-03-13,B02,C0043,cash,18400
T0004026,2025-03-13 07:54:08,2025-03-13,B06,C0100,cash,13200
T0004027,2025-03-13 07:52:07,2025-03-13,B05,C0094,cash,23300
T0004028,2025-03-13 08:33:44,2025-03-13,B06,C0059,card,23000
T0004029,2025-03-13 08:42:56,2025-03-13,B03,,card,11200
T0004030,2025-03-13 16:56:12,2025-03-13,B02,C0091,wallet,14300
T0004031,2025-03-13 14:45:06,2025-03-13,B04,C0090,wallet,5000
T0004032,2025-03-13 11:42:56,2025-03-13,B04,C0009,card,3700
T0004033,2025-03-13 13:23:13,2025-03-13,B04,C0056,cash,4300
T0004034,2025-03-13 19:16:44,2025-03-13,B04,C0061,wallet,33600
T0004035,2025-03-13 12:13:42,2025-03-13,B04,C0020,cash,3500
T0004036,2025-03-13 10:10:14,2025-03-13,B03,C0055,wallet,2000
T0004037,2025-03-13 11:15:11,2025-03-13,B04,C0088,card,5300
T0004038,2025-03-13 13:26:47,2025-03-13,B06,C0027,card,3600
T0004039,2025-03-13 19:30:49,2025-03-13,B05,C0025,wallet,6400
T0004040,2025-03-13 18:43:28,2025-03-13,B01,C0091,wallet,21300
T0004041,2025-03-13 17:06:30,2025-03-13,B06,C0069,card,7000
T0004042,2025-03-13 21:18:11,2025-03-13,B02,C0117,card,26700
T0004043,2025-03-13 07:31:08,2025-03-13,B02,C0020,cash,13800
T0004044,2025-03-13 11:02:44,2025-03-13,B04,C0069,wallet,18000
T0004045,2025-03-13 07:31:30,2025-03-13,B05,C0027,cash,13000
T0004046,2025-03-13 14:10:14,2025-03-13,B05,C0023,cash,19800
T0004047,2025-03-13 15:54:43,2025-03-13,B05,C0032,wallet,12600
T0004048,2025-03-13 11:20:15,2025-03-13,B01,C0096,cash,10400
T0004049,2025-03-13 10:37:22,2025-03-13,B01,C0101,wallet,15800
T0004050,2025-03-13 22:25:00,2025-03-13,B03,C0004,cash,3900
T0004051,2025-03-13 10:11:47,2025-03-13,B01,,wallet,20700
T0004052,2025-03-13 12:45:33,2025-03-13,B01,C0074,card,4200
T0004053,2025-03-13 08:16:36,2025-03-13,B04,C0018,wallet,42100
T0004054,2025-03-13 15:58:03,2025-03-13,B03,C0098,cash,13900
T0004055,2025-03-13 15:54:09,2025-03-13,B01,C0061,wallet,2200
T0004056,2025-03-13 21:15:15,2025-03-13,B05,C0059,wallet,9300
T0004057,2025-03-13 13:51:10,2025-03-13,B06,C0059,cash,7400
T0004058,2025-03-13 21:14:32,2025-03-13,B03,C0102,card,1900
T0004059,2025-03-13 19:38:05,2025-03-13,B05,,wallet,4100
T0004060,2025-03-13 20:38:28,2025-03-13,B06,C0027,cash,11400
T0004061,2025-03-14 17:03:02,2025-03-14,B01,C0026,cash,22400
T0004062,2025-03-14 20:47:53,2025-03-14,B02,C0120,wallet,2800
T0004063,2025-03-14 16:42:15,2025-03-14,B05,,card,24000
T0004064,2025-03-14 17:41:26,2025-03-14,B03,C0014,cash,7000
T0004065,2025-03-14 20:55:22,2025-03-14,B06,C0034,card,20500
T0004066,2025-03-14 17:48:33,2025-03-14,B05,,cash,5700
T0004067,2025-03-14 22:57:43,2025-03-14,B04,C0009,cash,18100
T0004068,2025-03-14 22:05:49,2025-03-14,B03,C0027,card,12900
T0004069,2025-03-14 07:20:34,2025-03-14,B05,,card,25300
T0004070,2025-03-14 19:51:58,2025-03-14,B03,,cash,20300
T0004071,2025-03-14 11:14:04,2025-03-14,B02,C0010,wallet,17300
T0004072,2025-03-14 08:28:35,2025-03-14,B01,C0106,wallet,9300
T0004073,2025-03-14 14:31:04,2025-03-14,B02,,cash,14600
T0004074,2025-03-14 09:31:14,2025-03-14,B02,C0026,cash,15600
T0004075,2025-03-14 15:31:34,2025-03-14,B05,,cash,4600
T0004076,2025-03-14 14:21:37,2025-03-14,B02,C0067,card,8000
T0004077,2025-03-14 13:16:08,2025-03-14,B05,C0041,card,8300
T0004078,2025-03-14 18:25:36,2025-03-14,B04,C0008,wallet,16600
T0004079,2025-03-14 16:50:18,2025-03-14,B02,C0036,wallet,29200
T0004080,2025-03-14 19:03:27,2025-03-14,B05,C0108,cash,9400
T0004081,2025-03-14 20:11:44,2025-03-14,B01,C0043,cash,12900
T0004082,2025-03-14 12:29:56,2025-03-14,B04,C0008,card,5700
T0004083,2025-03-14 19:52:54,2025-03-14,B03,C0089,cash,9400
T0004084,2025-03-14 18:13:42,2025-03-14,B05,,wallet,21500
T0004085,2025-03-14 08:56:04,2025-03-14,B02,C0043,cash,2100
T0004086,2025-03-14 10:15:12,2025-03-14,B03,C0053,card,3500
T0004087,2025-03-14 22:13:20,2025-03-14,B03,C0054,wallet,14900
T0004088,2025-03-14 09:20:59,2025-03-14,B06,C0091,wallet,12400
T0004089,2025-03-14 21:48:01,2025-03-14,B05,C0024,cash,37100
T0004090,2025-03-14 08:43:38,2025-03-14,B04,C0106,card,9500
T0004091,2025-03-14 16:06:54,2025-03-14,B04,,card,9400
T0004092,2025-03-14 18:08:48,2025-03-14,B04,C0057,wallet,11100
T0004093,2025-03-14 16:34:57,2025-03-14,B02,C0090,wallet,12600
T0004094,2025-03-14 19:49:51,2025-03-14,B03,,card,6100
T0004095,2025-03-14 22:40:33,2025-03-14,B02,,card,4200
T0004096,2025-03-14 10:32:40,2025-03-14,B04,C0071,card,16000
T0004097,2025-03-14 11:59:09,2025-03-14,B02,C0079,cash,4500
T0004098,2025-03-14 18:33:33,2025-03-14,B02,C0049,card,15100
T0004099,2025-03-14 11:27:34,2025-03-14,B01,C0024,wallet,19400
T0004100,2025-03-14 07:27:03,2025-03-14,B02,C0006,wallet,3200
T0004101,2025-03-14 10:22:25,2025-03-14,B05,C0064,cash,8100
T0004102,2025-03-14 07:17:24,2025-03-14,B06,C0063,wallet,26100
T0004103,2025-03-14 20:33:47,2025-03-14,B06,C0046,cash,9600
T0004104,2025-03-14 17:09:34,2025-03-14,B06,C0099,cash,21100
T0004105,2025-03-14 14:13:42,2025-03-14,B06,C0067,card,17100
T0004106,2025-03-14 17:35:59,2025-03-14,B05,C0026,card,10500
T0004107,2025-03-14 10:52:11,2025-03-14,B04,C0117,card,28300
T0004108,2025-03-14 22:41:16,2025-03-14,B04,,card,7600
T0004109,2025-03-14 20:49:11,2025-03-14,B04,C0032,cash,22200
T0004110,2025-03-14 20:58:23,2025-03-14,B01,C0023,wallet,12400
T0004111,2025-03-14 22:44:34,2025-03-14,B05,,card,17900
T0004112,2025-03-14 20:12:48,2025-03-14,B06,C0059,cash,18600
T0004113,2025-03-14 14:53:41,2025-03-14,B04,C0074,cash,38300
T0004114,2025-03-14 10:59:18,2025-03-14,B05,C0023,card,15600
T0004115,2025-03-14 12:51:54,2025-03-14,B04,C0081,cash,18600
T0004116,2025-03-14 21:29:06,2025-03-14,B01,C0070,wallet,8600
T0004117,2025-03-14 16:51:14,2025-03-14,B05,C0021,wallet,4000
T0004118,2025-03-14 12:34:18,2025-03-14,B01,C0115,card,6900
T0004119,2025-03-15 19:45:36,2025-03-15,B06,C0114,cash,13800
T0004120,2025-03-15 12:59:23,2025-03-15,B01,,cash,25100
T0004121,2025-03-15 19:32:28,2025-03-15,B04,C0108,wallet,3000
T0004122,2025-03-15 07:42:33,2025-03-15,B06,C0110,wallet,10200
T0004123,2025-03-15 12:40:38,2025-03-15,B02,C0094,cash,2500
T0004124,2025-03-15 16:08:22,2025-03-15,B05,,cash,2300
T0004125,2025-03-15 11:10:52,2025-03-15,B06,C0110,cash,20100
T0004126,2025-03-15 22:05:56,2025-03-15,B05,C0018,wallet,28200
T0004127,2025-03-15 19:49:29,2025-03-15,B03,C0117,card,20400
T0004128,2025-03-15 21:10:06,2025-03-15,B05,C0083,wallet,2100
T0004129,2025-03-15 21:19:55,2025-03-15,B01,C0028,wallet,7700
T0004130,2025-03-15 11:30:17,2025-03-15,B05,,card,8500
T0004131,2025-03-15 22:41:09,2025-03-15,B05,C0089,wallet,12400
T0004132,2025-03-15 10:10:00,2025-03-15,B04,C0041,wallet,4300
T0004133,2025-03-15 22:51:24,2025-03-15,B02,C0089,wallet,8700
T0004134,2025-03-15 14:37:52,2025-03-15,B03,C0058,wallet,35000
T0004135,2025-03-15 15:03:37,2025-03-15,B06,C0018,card,41100
T0004136,2025-03-15 14:17:26,2025-03-15,B02,C0011,card,11900
T0004137,2025-03-15 17:38:21,2025-03-15,B06,C0076,card,15300
T0004138,2025-03-15 11:59:25,2025-03-15,B06,C0031,card,6100
T0004139,2025-03-15 14:53:24,2025-03-15,B02,C0039,cash,13700
T0004140,2025-03-15 13:51:03,2025-03-15,B04,C0047,cash,19900
T0004141,2025-03-15 20:38:12,2025-03-15,B03,C0047,cash,14600
T0004142,2025-03-15 08:28:56,2025-03-15,B03,C0052,wallet,13000
T0004143,2025-03-15 13:07:09,2025-03-15,B06,C0071,wallet,17400
T0004144,2025-03-15 21:36:23,2025-03-15,B05,C0058,wallet,12300
T0004145,2025-03-15 11:48:37,2025-03-15,B04,C0023,cash,25800
T0004146,2025-03-15 14:40:13,2025-03-15,B01,C0056,wallet,7000
T0004147,2025-03-15 14:45:28,2025-03-15,B02,,wallet,21900
T0004148,2025-03-15 11:45:28,2025-03-15,B05,C0034,cash,7700
T0004149,2025-03-15 20:56:45,2025-03-15,B03,C0043,cash,3100
T0004150,2025-03-15 14:56:22,2025-03-15,B01,C0029,cash,2400
T0004151,2025-03-15 21:25:27,2025-03-15,B04,C0038,cash,18400
T0004152,2025-03-15 21:26:25,2025-03-15,B04,C0100,cash,8000
T0004153,2025-03-15 11:01:54,2025-03-15,B01,C0041,cash,8500
T0004154,2025-03-15 15:35:16,2025-03-15,B06,C0055,wallet,11500
T0004155,2025-03-15 10:48:24,2025-03-15,B06,C0005,cash,17000
T0004156,2025-03-15 17:20:58,2025-03-15,B03,C0037,card,2800
T0004157,2025-03-15 08:44:14,2025-03-15,B03,C0026,wallet,10400
T0004158,2025-03-15 12:26:58,2025-03-15,B03,C0020,cash,2500
T0004159,2025-03-15 14:56:43,2025-03-15,B02,C0017,cash,4300
T0004160,2025-03-15 13:57:20,2025-03-15,B06,,card,3800
T0004161,2025-03-15 11:25:27,2025-03-15,B02,C0034,card,11200
T0004162,2025-03-15 19:44:09,2025-03-15,B06,C0043,wallet,32500
T0004163,2025-03-15 12:38:48,2025-03-15,B02,C0021,wallet,9000
T0004164,2025-03-15 14:44:15,2025-03-15,B02,C0105,card,18500
T0004165,2025-03-15 22:38:57,2025-03-15,B05,C0032,card,7400
T0004166,2025-03-15 08:29:46,2025-03-15,B02,C0013,card,5400
T0004167,2025-03-15 09:58:57,2025-03-15,B01,C0102,card,10600
T0004168,2025-03-15 19:51:17,2025-03-15,B05,C0069,card,24800
T0004169,2025-03-15 17:42:50,2025-03-15,B04,C0013,card,11100
T0004170,2025-03-15 13:25:41,2025-03-15,B05,C0035,cash,7900
T0004171,2025-03-15 11:12:02,2025-03-15,B01,C0056,cash,15500
T0004172,2025-03-15 13:20:46,2025-03-15,B03,C0040,card,17200
T0004173,2025-03-15 13:55:04,2025-03-15,B04,C0091,card,8800
T0004174,2025-03-15 22:47:57,2025-03-15,B01,,cash,13700
T0004175,2025-03-15 08:09:16,2025-03-15,B01,C0065,cash,16100
T0004176,2025-03-15 20:06:22,2025-03-15,B03,C0074,wallet,8200
T0004177,2025-03-15 21:33:24,2025-03-15,B03,C0008,wallet,15100
T0004178,2025-03-15 15:09:09,2025-03-15,B01,,cash,15400
T0004179,2025-03-15 08:20:27,2025-03-15,B06,C0113,cash,15800
T0004180,2025-03-15 13:28:55,2025-03-15,B01,,cash,2700
T0004181,2025-03-15 16:28:57,2025-03-15,B05,C0066,cash,25700
T0004182,2025-03-15 17:00:26,2025-03-15,B02,C0110,card,2600
T0004183,2025-03-15 11:35:53,2025-03-15,B01,C0095,card,12300
T0004184,2025-03-15 07:40:28,2025-03-15,B02,C0066,card,7000
T0004185,2025-03-15 21:37:42,2025-03-15,B03,C0062,wallet,17700
T0004186,2025-03-16 17:50:42,2025-03-16,B04,C0072,card,26000
T0004187,2025-03-16 10:48:17,2025-03-16,B04,C0117,wallet,15400
T0004188,2025-03-16 09:54:22,2025-03-16,B04,,card,4700
T0004189,2025-03-16 12:42:29,2025-03-16,B06,C0083,cash,28100
T0004190,2025-03-16 17:35:52,2025-03-16,B05,C0113,cash,17900
T0004191,2025-03-16 08:50:00,2025-03-16,B02,C0026,card,3000
T0004192,2025-03-16 12:31:43,2025-03-16,B04,C0046,cash,15600
T0004193,2025-03-16 16:47:13,2025-03-16,B01,C0086,card,6300
T0004194,2025-03-16 09:36:17,2025-03-16,B04,C0095,card,5900
T0004195,2025-03-16 08:58:10,2025-03-16,B02,C0016,card,1600
T0004196,2025-03-16 13:54:28,2025-03-16,B04,C0085,card,2300
T0004197,2025-03-16 13:11:04,2025-03-16,B01,C0031,cash,11500
T0004198,2025-03-16 09:29:16,2025-03-16,B01,C0094,wallet,19700
T0004199,2025-03-16 19:10:43,2025-03-16,B02,C0033,cash,6900
T0004200,2025-03-16 08:07:15,2025-03-16,B03,,cash,7400
T0004201,2025-03-16 11:03:32,2025-03-16,B05,C0065,wallet,8800
T0004202,2025-03-16 17:33:09,2025-03-16,B02,,wallet,14000
T0004203,2025-03-16 19:58:09,2025-03-16,B05,C0055,wallet,15000
T0004204,2025-03-16 12:21:33,2025-03-16,B06,C0074,card,14900
T0004205,2025-03-16 12:20:48,2025-03-16,B01,C0027,cash,8700
T0004206,2025-03-16 22:48:43,2025-03-16,B03,C0113,wallet,31400
T0004207,2025-03-16 18:23:04,2025-03-16,B01,C0071,card,4600
T0004208,2025-03-16 19:47:13,2025-03-16,B01,C0109,cash,24900
T0004209,2025-03-16 17:00:55,2025-03-16,B05,C0058,card,4900
T0004210,2025-03-16 16:37:34,2025-03-16,B06,,wallet,18800
T0004211,2025-03-16 20:15:01,2025-03-16,B04,C0023,card,31700
T0004212,2025-03-16 14:15:04,2025-03-16,B02,C0115,card,19600
T0004213,2025-03-16 17:00:37,2025-03-16,B03,C0067,card,4800
T0004214,2025-03-16 12:21:20,2025-03-16,B05,C0074,wallet,14700
T0004215,2025-03-16 19:40:16,2025-03-16,B03,C0059,wallet,16100
T0004216,2025-03-16 22:23:00,2025-03-16,B01,C0114,card,8500
T0004217,2025-03-16 07:48:34,2025-03-16,B04,C0030,wallet,11000
T0004218,2025-03-16 09:51:32,2025-03-16,B02,C0019,wallet,10800
T0004219,2025-03-16 22:09:53,2025-03-16,B01,C0103,wallet,13400
T0004220,2025-03-16 18:27:05,2025-03-16,B03,,card,8400
T0004221,2025-03-16 21:56:28,2025-03-16,B05,C0036,cash,5000
T0004222,2025-03-16 12:37:35,2025-03-16,B05,C0051,wallet,13700
T0004223,2025-03-16 17:31:05,2025-03-16,B03,C0116,card,28000
T0004224,2025-03-16 22:10:09,2025-03-16,B03,C0057,wallet,9600
T0004225,2025-03-16 21:49:08,2025-03-16,B01,C0029,cash,11600
T0004226,2025-03-16 16:30:10,2025-03-16,B01,C0066,wallet,9400
T0004227,2025-03-16 11:47:15,2025-03-16,B02,C0035,cash,15400
T0004228,2025-03-16 12:45:03,2025-03-16,B06,C0072,cash,28400
T0004229,2025-03-16 07:02:19,2025-03-16,B02,C0041,wallet,2200
T0004230,2025-03-16 12:21:15,2025-03-16,B03,C0063,cash,4600
T0004231,2025-03-16 22:18:18,2025-03-16,B02,C0063,card,14800
T0004232,2025-03-16 16:07:39,2025-03-16,B01,,cash,11000
T0004233,2025-03-16 19:52:29,2025-03-16,B04,C0082,card,6400
T0004234,2025-03-16 10:36:23,2025-03-16,B05,C0023,wallet,8300
T0004235,2025-03-16 21:33:48,2025-03-16,B04,,wallet,25100
T0004236,2025-03-16 20:20:28,2025-03-16,B04,C0119,wallet,31400
T0004237,2025-03-16 15:56:46,2025-03-16,B02,C0003,card,24600
T0004238,2025-03-16 16:47:43,2025-03-16,B04,C0026,card,18600
T0004239,2025-03-16 20:26:35,2025-03-16,B02,C0098,cash,10200
T0004240,2025-03-16 12:12:09,2025-03-16,B04,C0002,wallet,2100
T0004241,2025-03-16 08:21:10,2025-03-16,B02,C0094,wallet,7200
T0004242,2025-03-16 22:06:45,2025-03-16,B04,C0103,card,6800
T0004243,2025-03-16 19:06:30,2025-03-16,B03,C0091,card,23900
T0004244,2025-03-16 21:57:00,2025-03-16,B06,C0053,wallet,23200
T0004245,2025-03-16 07:01:20,2025-03-16,B03,C0091,wallet,38000
T0004246,2025-03-16 12:57:25,2025-03-16,B05,C0021,card,4500
T0004247,2025-03-16 11:42:44,2025-03-16,B02,,cash,9600
T0004248,2025-03-16 09:49:20,2025-03-16,B01,C0115,wallet,2600
T0004249,2025-03-16 20:06:28,2025-03-16,B05,,cash,32000
T0004250,2025-03-16 16:16:15,2025-03-16,B05,,cash,18300
T0004251,2025-03-16 11:40:54,2025-03-16,B03,C0023,cash,5900
T0004252,2025-03-16 11:25:38,2025-03-16,B03,C0038,wallet,15300
T0004253,2025-03-16 20:49:17,2025-03-16,B04,C0034,card,6700
T0004254,2025-03-16 17:46:20,2025-03-16,B03,C0011,cash,11700
T0004255,2025-03-16 11:47:19,2025-03-16,B03,C0063,cash,13000
T0004256,2025-03-16 09:03:00,2025-03-16,B03,C0065,card,10500
T0004257,2025-03-16 14:26:37,2025-03-16,B03,C0103,card,4100
T0004258,2025-03-16 11:02:59,2025-03-16,B02,,cash,22000
T0004259,2025-03-16 15:11:07,2025-03-16,B01,C0043,card,8600
T0004260,2025-03-16 08:15:53,2025-03-16,B02,,wallet,16800
T0004261,2025-03-16 20:54:43,2025-03-16,B03,C0099,wallet,2000
T0004262,2025-03-16 16:45:07,2025-03-16,B06,C0060,card,8200
T0004263,2025-03-17 10:08:06,2025-03-17,B02,C0007,cash,13100
T0004264,2025-03-17 13:23:20,2025-03-17,B02,C0116,card,26000
T0004265,2025-03-17 08:35:54,2025-03-17,B05,C0087,cash,21600
T0004266,2025-03-17 16:39:17,2025-03-17,B03,C0027,cash,18500
T0004267,2025-03-17 18:06:47,2025-03-17,B03,C0054,cash,17900
T0004268,2025-03-17 08:51:47,2025-03-17,B05,,wallet,12400
T0004269,2025-03-17 07:01:02,2025-03-17,B03,C0060,cash,17500
T0004270,2025-03-17 13:44:05,2025-03-17,B02,C0002,card,6500
T0004271,2025-03-17 15:16:42,2025-03-17,B03,C0037,wallet,1800
T0004272,2025-03-17 20:50:06,2025-03-17,B01,C0057,wallet,12000
T0004273,2025-03-17 15:15:15,2025-03-17,B02,C0060,wallet,10000
T0004274,2025-03-17 20:32:30,2025-03-17,B04,C0073,cash,13300
T0004275,2025-03-17 21:43:58,2025-03-17,B02,C0079,cash,17000
T0004276,2025-03-17 08:42:43,2025-03-17,B02,C0038,wallet,6700
T0004277,2025-03-17 19:44:20,2025-03-17,B04,C0025,wallet,6000
T0004278,2025-03-17 11:41:48,2025-03-17,B01,,card,16800
T0004279,2025-03-17 08:10:06,2025-03-17,B04,,wallet,7700
T0004280,2025-03-17 09:41:24,2025-03-17,B06,,wallet,26400
T0004281,2025-03-17 18:19:24,2025-03-17,B05,C0082,cash,10700
T0004282,2025-03-17 09:43:36,2025-03-17,B06,C0070,card,19100
T0004283,2025-03-17 16:46:22,2025-03-17,B02,C0017,card,25000
T0004284,2025-03-17 21:09:00,2025-03-17,B05,C0112,wallet,8400
T0004285,2025-03-17 07:47:36,2025-03-17,B05,C0007,cash,15900
T0004286,2025-03-17 19:25:28,2025-03-17,B02,,card,5400
T0004287,2025-03-17 19:17:23,2025-03-17,B04,C0013,card,25400
T0004288,2025-03-17 17:54:25,2025-03-17,B02,C0059,wallet,6900
T0004289,2025-03-17 07:53:16,2025-03-17,B04,C0037,cash,25200
T0004290,2025-03-17 07:53:47,2025-03-17,B02,C0044,cash,5100
T0004291,2025-03-17 12:56:37,2025-03-17,B06,,card,13200
T0004292,2025-03-17 07:43:01,2025-03-17,B03,C0112,card,5800
T0004293,2025-03-17 18:53:40,2025-03-17,B01,C0119,cash,9000
T0004294,2025-03-17 10:09:52,2025-03-17,B03,C0046,cash,4000
T0004295,2025-03-17 09:21:18,2025-03-17,B01,C0102,cash,2500
T0004296,2025-03-17 16:51:08,2025-03-17,B06,,card,12500
T0004297,2025-03-17 21:26:26,2025-03-17,B02,C0075,wallet,16500
T0004298,2025-03-17 07:05:37,2025-03-17,B06,C0060,wallet,21600
T0004299,2025-03-17 12:55:56,2025-03-17,B01,C0083,cash,5500
T0004300,2025-03-17 15:47:50,2025-03-17,B06,C0001,wallet,28200
T0004301,2025-03-17 20:46:44,2025-03-17,B03,C0029,wallet,8900
T0004302,2025-03-17 08:31:47,2025-03-17,B06,,wallet,13700
T0004303,2025-03-17 14:07:53,2025-03-17,B04,C0076,cash,18300
T0004304,2025-03-17 18:25:08,2025-03-17,B06,C0010,card,6800
T0004305,2025-03-17 07:28:26,2025-03-17,B02,C0024,cash,17000
T0004306,2025-03-17 22:54:53,2025-03-17,B01,C0009,card,2900
T0004307,2025-03-17 16:08:46,2025-03-17,B04,C0016,card,3100
T0004308,2025-03-17 21:20:01,2025-03-17,B04,C0088,cash,2900
T0004309,2025-03-17 13:52:33,2025-03-17,B03,C0014,wallet,10900
T0004310,2025-03-17 22:00:00,2025-03-17,B03,C0021,card,5600
T0004311,2025-03-17 16:33:36,2025-03-17,B01,C0038,cash,7400
T0004312,2025-03-17 09:06:34,2025-03-17,B02,,cash,13500
T0004313,2025-03-17 17:16:02,2025-03-17,B03,C0099,cash,17300
T0004314,2025-03-17 21:05:11,2025-03-17,B03,,card,15100
T0004315,2025-03-17 11:40:45,2025-03-17,B05,C0108,card,2500
T0004316,2025-03-18 13:20:54,2025-03-18,B01,C0118,cash,2900
T0004317,2025-03-18 11:10:09,2025-03-18,B03,C0032,cash,15900
T0004318,2025-03-18 20:31:51,2025-03-18,B04,,cash,22100
T0004319,2025-03-18 09:50:33,2025-03-18,B02,C0076,cash,6500
T0004320,2025-03-18 09:41:16,2025-03-18,B05,,cash,15400
T0004321,2025-03-18 19:02:17,2025-03-18,B04,C0021,cash,8300
T0004322,2025-03-18 09:02:35,2025-03-18,B01,C0007,wallet,19700
T0004323,2025-03-18 10:46:43,2025-03-18,B05,C0097,card,12600
T0004324,2025-03-18 13:41:50,2025-03-18,B02,C0033,card,9200
T0004325,2025-03-18 14:57:10,2025-03-18,B03,C0028,wallet,7200
T0004326,2025-03-18 21:15:23,2025-03-18,B06,C0118,wallet,16900
T0004327,2025-03-18 15:37:41,2025-03-18,B01,C0037,card,6800
T0004328,2025-03-18 17:46:18,2025-03-18,B04,C0113,wallet,15700
T0004329,2025-03-18 13:53:01,2025-03-18,B01,C0116,card,18900
T0004330,2025-03-18 20:48:40,2025-03-18,B01,C0068,card,3900
T0004331,2025-03-18 15:31:57,2025-03-18,B04,,card,5700
T0004332,2025-03-18 20:58:54,2025-03-18,B03,C0111,wallet,10200
T0004333,2025-03-18 17:41:05,2025-03-18,B04,C0058,cash,14600
T0004334,2025-03-18 19:29:53,2025-03-18,B06,C0099,wallet,28300
T0004335,2025-03-18 17:07:32,2025-03-18,B02,,cash,16500
T0004336,2025-03-18 10:05:55,2025-03-18,B04,C0034,card,5600
T0004337,2025-03-18 18:45:22,2025-03-18,B06,C0094,wallet,5300
T0004338,2025-03-18 16:15:06,2025-03-18,B01,C0025,card,4600
T0004339,2025-03-18 10:26:38,2025-03-18,B04,C0115,cash,8300
T0004340,2025-03-18 21:37:24,2025-03-18,B02,C0035,wallet,10800
T0004341,2025-03-18 19:43:20,2025-03-18,B04,,card,15800
T0004342,2025-03-18 17:29:40,2025-03-18,B01,C0024,card,28300
T0004343,2025-03-18 09:14:57,2025-03-18,B03,C0074,wallet,20300
T0004344,2025-03-18 21:53:24,2025-03-18,B01,C0063,card,19300
T0004345,2025-03-18 12:36:39,2025-03-18,B01,C0093,wallet,4000
T0004346,2025-03-18 09:50:25,2025-03-18,B05,,cash,16000
T0004347,2025-03-18 21:14:21,2025-03-18,B06,C0074,wallet,25200
T0004348,2025-03-18 11:54:44,2025-03-18,B04,C0037,card,9100
T0004349,2025-03-18 09:53:38,2025-03-18,B01,C0008,card,11600
T0004350,2025-03-18 11:38:04,2025-03-18,B05,C0116,card,5500
T0004351,2025-03-18 13:12:18,2025-03-18,B01,C0075,wallet,9200
T0004352,2025-03-18 20:41:40,2025-03-18,B01,,wallet,7500
T0004353,2025-03-18 15:40:05,2025-03-18,B06,C0023,wallet,17200
T0004354,2025-03-18 17:16:57,2025-03-18,B05,C0115,card,24300
T0004355,2025-03-18 12:10:25,2025-03-18,B05,,card,2500
T0004356,2025-03-18 21:03:38,2025-03-18,B05,C0028,card,8400
T0004357,2025-03-18 19:32:11,2025-03-18,B04,C0046,card,9300
T0004358,2025-03-18 07:51:19,2025-03-18,B05,C0039,wallet,14700
T0004359,2025-03-18 08:06:28,2025-03-18,B02,C0021,card,6700
T0004360,2025-03-18 16:29:42,2025-03-18,B05,C0092,card,21700
T0004361,2025-03-18 08:35:55,2025-03-18,B05,C0111,wallet,14800
T0004362,2025-03-18 21:53:14,2025-03-18,B04,C0102,wallet,5700
T0004363,2025-03-18 17:22:42,2025-03-18,B04,C0030,wallet,5100
T0004364,2025-03-18 11:45:14,2025-03-18,B05,C0102,wallet,8700
T0004365,2025-03-18 22:04:01,2025-03-18,B02,C0106,wallet,18500
T0004366,2025-03-18 10:38:01,2025-03-18,B05,C0093,card,8700
T0004367,2025-03-18 15:26:42,2025-03-18,B06,C0005,card,2200
T0004368,2025-03-18 22:51:01,2025-03-18,B04,C0092,card,8300
T0004369,2025-03-18 13:27:07,2025-03-18,B05,,card,17400
T0004370,2025-03-18 15:39:04,2025-03-18,B03,C0101,wallet,5900
T0004371,2025-03-18 10:24:30,2025-03-18,B03,C0080,wallet,10200
T0004372,2025-03-18 14:59:06,2025-03-18,B02,C0119,card,8600
T0004373,2025-03-18 20:37:44,2025-03-18,B02,C0080,cash,11200
T0004374,2025-03-18 11:59:17,2025-03-18,B01,C0010,card,11900
T0004375,2025-03-18 18:57:06,2025-03-18,B06,C0025,card,6600
T0004376,2025-03-19 07:43:08,2025-03-19,B06,C0033,card,7200
T0004377,2025-03-19 09:41:00,2025-03-19,B03,C0059,wallet,39600
T0004378,2025-03-19 14:47:56,2025-03-19,B01,C0035,card,8400
T0004379,2025-03-19 07:38:59,2025-03-19,B03,C0087,card,10300
T0004380,2025-03-19 14:53:22,2025-03-19,B04,C0113,cash,21200
T0004381,2025-03-19 20:06:28,2025-03-19,B05,C0058,cash,16800
T0004382,2025-03-19 17:51:32,2025-03-19,B04,C0065,cash,17600
T0004383,2025-03-19 10:54:21,2025-03-19,B04,C0094,cash,8400
T0004384,2025-03-19 21:57:00,2025-03-19,B04,,cash,20600
T0004385,2025-03-19 18:58:01,2025-03-19,B06,C0027,card,8100
T0004386,2025-03-19 20:09:44,2025-03-19,B01,C0017,cash,33700
T0004387,2025-03-19 13:31:52,2025-03-19,B02,C0044,card,13300
T0004388,2025-03-19 13:59:16,2025-03-19,B03,C0037,card,15600
T0004389,2025-03-19 10:38:55,2025-03-19,B06,C0084,wallet,8600
T0004390,2025-03-19 22:17:03,2025-03-19,B04,,card,3300
T0004391,2025-03-19 12:03:52,2025-03-19,B06,C0087,wallet,10100
T0004392,2025-03-19 12:30:03,2025-03-19,B03,C0041,wallet,22200
T0004393,2025-03-19 09:45:39,2025-03-19,B05,C0053,card,4200
T0004394,2025-03-19 21:12:38,2025-03-19,B06,C0019,wallet,24500
T0004395,2025-03-19 07:52:30,2025-03-19,B02,C0032,wallet,16700
T0004396,2025-03-19 20:53:55,2025-03-19,B04,C0021,wallet,3700
T0004397,2025-03-19 08:10:48,2025-03-19,B01,C0016,card,2300
T0004398,2025-03-19 21:34:45,2025-03-19,B06,,wallet,26600
T0004399,2025-03-19 08:10:56,2025-03-19,B05,,card,12200
T0004400,2025-03-19 22:16:07,2025-03-19,B05,C0003,cash,33600
T0004401,2025-03-19 12:06:19,2025-03-19,B03,,card,13000
T0004402,2025-03-19 07:53:46,2025-03-19,B02,,wallet,23200
T0004403,2025-03-19 13:36:41,2025-03-19,B06,C0036,cash,8100
T0004404,2025-03-19 14:43:47,2025-03-19,B03,C0018,wallet,16400
T0004405,2025-03-19 17:01:05,2025-03-19,B03,,wallet,17600
T0004406,2025-03-19 20:25:51,2025-03-19,B04,C0074,card,10000
T0004407,2025-03-19 22:34:27,2025-03-19,B02,C0039,wallet,13600
T0004408,2025-03-19 19:21:37,2025-03-19,B01,C0088,cash,6200
T0004409,2025-03-19 10:53:43,2025-03-19,B02,C0076,wallet,15900
T0004410,2025-03-19 08:03:37,2025-03-19,B02,C0093,wallet,9300
T0004411,2025-03-19 13:05:22,2025-03-19,B06,,cash,24300
T0004412,2025-03-19 12:30:32,2025-03-19,B04,C0081,card,14900
T0004413,2025-03-19 21:02:54,2025-03-19,B05,,wallet,6500
T0004414,2025-03-19 10:57:03,2025-03-19,B02,C0048,cash,4200
T0004415,2025-03-19 17:35:09,2025-03-19,B04,C0103,wallet,18000
T0004416,2025-03-19 21:34:36,2025-03-19,B06,C0076,card,22800
T0004417,2025-03-19 15:32:12,2025-03-19,B01,,wallet,20200
T0004418,2025-03-19 20:17:53,2025-03-19,B03,C0034,card,19500
T0004419,2025-03-19 13:58:55,2025-03-19,B04,C0108,wallet,17600
T0004420,2025-03-19 12:33:10,2025-03-19,B04,C0017,cash,42600
T0004421,2025-03-19 10:00:04,2025-03-19,B05,C0030,cash,17800
T0004422,2025-03-19 09:23:23,2025-03-19,B06,C0010,card,4300
T0004423,2025-03-19 11:34:26,2025-03-19,B04,C0017,cash,30200
T0004424,2025-03-20 11:40:44,2025-03-20,B04,C0085,cash,14400
T0004425,2025-03-20 10:50:45,2025-03-20,B01,C0080,wallet,8900
T0004426,2025-03-20 16:30:43,2025-03-20,B04,C0012,wallet,32500
T0004427,2025-03-20 13:15:59,2025-03-20,B01,C0089,cash,10500
T0004428,2025-03-20 19:30:38,2025-03-20,B03,,wallet,4800
T0004429,2025-03-20 19:59:38,2025-03-20,B02,C0045,cash,14400
T0004430,2025-03-20 13:26:15,2025-03-20,B03,C0006,wallet,5000
T0004431,2025-03-20 17:10:32,2025-03-20,B03,C0071,card,7900
T0004432,2025-03-20 08:36:06,2025-03-20,B03,C0076,cash,22400
T0004433,2025-03-20 14:43:16,2025-03-20,B01,C0066,cash,11700
T0004434,2025-03-20 15:38:56,2025-03-20,B03,,cash,14400
T0004435,2025-03-20 22:23:51,2025-03-20,B01,C0103,wallet,4000
T0004436,2025-03-20 13:03:01,2025-03-20,B06,C0120,card,8700
T0004437,2025-03-20 08:25:11,2025-03-20,B05,C0073,card,22500
T0004438,2025-03-20 17:16:54,2025-03-20,B05,C0087,wallet,7400
T0004439,2025-03-20 22:31:09,2025-03-20,B04,C0006,card,10600
T0004440,2025-03-20 20:57:14,2025-03-20,B05,C0060,wallet,13800
T0004441,2025-03-20 22:13:32,2025-03-20,B05,C0108,cash,17900
T0004442,2025-03-20 16:37:56,2025-03-20,B06,C0114,card,11200
T0004443,2025-03-20 09:36:45,2025-03-20,B03,,cash,13300
T0004444,2025-03-20 09:35:11,2025-03-20,B02,C0100,wallet,12500
T0004445,2025-03-20 07:23:22,2025-03-20,B05,C0060,wallet,14600
T0004446,2025-03-20 15:29:05,2025-03-20,B04,C0030,wallet,20200
T0004447,2025-03-20 08:06:53,2025-03-20,B03,C0075,card,29300
T0004448,2025-03-20 10:33:08,2025-03-20,B02,C0044,cash,6900
T0004449,2025-03-20 14:48:12,2025-03-20,B04,C0118,wallet,19000
T0004450,2025-03-20 15:33:24,2025-03-20,B04,C0007,cash,8100
T0004451,2025-03-20 09:29:45,2025-03-20,B04,C0029,card,11900
T0004452,2025-03-20 22:22:47,2025-03-20,B06,C0073,card,4500
T0004453,2025-03-20 12:31:32,2025-03-20,B04,,wallet,13800
T0004454,2025-03-20 19:12:48,2025-03-20,B01,C0010,wallet,3700
T0004455,2025-03-20 16:22:20,2025-03-20,B04,C0010,cash,1300
T0004456,2025-03-20 20:17:55,2025-03-20,B04,C0084,card,7800
T0004457,2025-03-20 14:47:17,2025-03-20,B06,C0013,wallet,3300
T0004458,2025-03-20 18:37:49,2025-03-20,B04,C0050,wallet,22300
T0004459,2025-03-20 10:48:56,2025-03-20,B02,C0106,cash,3200
T0004460,2025-03-20 10:32:15,2025-03-20,B03,C0065,card,15800
T0004461,2025-03-20 22:25:16,2025-03-20,B04,C0029,card,9800
T0004462,2025-03-20 13:21:36,2025-03-20,B01,C0010,wallet,9700
T0004463,2025-03-20 10:43:08,2025-03-20,B06,C0054,card,25500
T0004464,2025-03-20 07:38:22,2025-03-20,B05,C0085,cash,29600
T0004465,2025-03-20 10:32:53,2025-03-20,B03,C0093,wallet,19100
T0004466,2025-03-20 13:38:54,2025-03-20,B03,C0066,cash,10700
T0004467,2025-03-20 17:28:02,2025-03-20,B02,C0110,cash,3100
T0004468,2025-03-20 19:48:06,2025-03-20,B04,C0003,cash,4700
T0004469,2025-03-20 10:42:27,2025-03-20,B04,C0028,card,3300
T0004470,2025-03-20 08:12:47,2025-03-20,B01,C0079,card,10300
T0004471,2025-03-20 09:49:38,2025-03-20,B06,C0082,cash,12400
T0004472,2025-03-20 15:31:52,2025-03-20,B04,C0076,wallet,24700
T0004473,2025-03-20 21:05:28,2025-03-20,B06,C0096,wallet,11100
T0004474,2025-03-20 21:41:17,2025-03-20,B05,C0026,card,2200
T0004475,2025-03-20 22:18:28,2025-03-20,B01,C0094,card,3000
T0004476,2025-03-20 17:52:30,2025-03-20,B04,C0035,card,2700
T0004477,2025-03-20 12:47:18,2025-03-20,B02,C0096,wallet,17400
T0004478,2025-03-20 17:55:19,2025-03-20,B04,C0096,wallet,12700
T0004479,2025-03-20 19:52:43,2025-03-20,B01,C0036,cash,19000
T0004480,2025-03-20 12:33:38,2025-03-20,B02,C0055,card,2700
T0004481,2025-03-20 08:00:03,2025-03-20,B01,C0074,card,13100
T0004482,2025-03-21 14:39:12,2025-03-21,B03,C0039,cash,38500
T0004483,2025-03-21 10:06:59,2025-03-21,B03,C0084,cash,8600
T0004484,2025-03-21 16:51:19,2025-03-21,B06,C0014,wallet,14000
T0004485,2025-03-21 15:12:13,2025-03-21,B03,,card,11900
T0004486,2025-03-21 16:41:38,2025-03-21,B02,C0104,cash,15200
T0004487,2025-03-21 08:11:29,2025-03-21,B03,C0054,cash,29100
T0004488,2025-03-21 07:09:50,2025-03-21,B01,C0002,wallet,15100
T0004489,2025-03-21 15:50:56,2025-03-21,B04,C0114,wallet,10900
T0004490,2025-03-21 14:35:42,2025-03-21,B01,C0035,card,14300
T0004491,2025-03-21 14:48:20,2025-03-21,B01,C0038,cash,24300
T0004492,2025-03-21 21:42:20,2025-03-21,B02,C0001,wallet,9500
T0004493,2025-03-21 11:15:01,2025-03-21,B03,C0002,card,13000
T0004494,2025-03-21 17:41:23,2025-03-21,B03,C0039,card,7400
T0004495,2025-03-21 22:18:04,2025-03-21,B05,C0111,cash,16400
T0004496,2025-03-21 14:23:18,2025-03-21,B02,C0111,cash,11300
T0004497,2025-03-21 20:00:30,2025-03-21,B01,C0051,card,27800
T0004498,2025-03-21 19:53:20,2025-03-21,B01,,card,11100
T0004499,2025-03-21 09:52:29,2025-03-21,B01,,cash,10900
T0004500,2025-03-21 15:19:38,2025-03-21,B01,C0021,cash,11100
T0004501,2025-03-21 10:30:55,2025-03-21,B03,C0105,card,22100
T0004502,2025-03-21 16:27:15,2025-03-21,B01,,wallet,11700
T0004503,2025-03-21 09:52:26,2025-03-21,B02,C0083,card,5300
T0004504,2025-03-21 08:30:40,2025-03-21,B02,C0074,cash,33400
T0004505,2025-03-21 14:37:00,2025-03-21,B05,C0036,wallet,29200
T0004506,2025-03-21 22:52:01,2025-03-21,B01,,cash,10100
T0004507,2025-03-21 10:39:05,2025-03-21,B01,C0063,wallet,4900
T0004508,2025-03-21 16:14:17,2025-03-21,B04,,wallet,14900
T0004509,2025-03-21 10:48:05,2025-03-21,B03,C0027,card,2300
T0004510,2025-03-21 16:10:48,2025-03-21,B01,C0042,card,11800
T0004511,2025-03-21 22:48:46,2025-03-21,B01,C0023,cash,7200
T0004512,2025-03-21 17:18:17,2025-03-21,B02,C0102,cash,17300
T0004513,2025-03-21 09:54:34,2025-03-21,B01,C0016,wallet,10700
T0004514,2025-03-21 19:37:50,2025-03-21,B05,C0047,cash,10000
T0004515,2025-03-21 12:30:25,2025-03-21,B05,C0054,wallet,19900
T0004516,2025-03-21 07:38:03,2025-03-21,B03,C0120,card,17000
T0004517,2025-03-21 20:12:21,2025-03-21,B06,C0112,wallet,11900
T0004518,2025-03-21 21:02:32,2025-03-21,B04,C0115,cash,41500
T0004519,2025-03-21 09:52:17,2025-03-21,B03,C0075,card,2300
T0004520,2025-03-21 17:51:25,2025-03-21,B02,C0115,cash,25300
T0004521,2025-03-21 19:53:02,2025-03-21,B03,C0119,cash,8600
T0004522,2025-03-21 16:46:17,2025-03-21,B02,C0084,cash,13800
T0004523,2025-03-21 16:30:36,2025-03-21,B05,C0111,wallet,17700
T0004524,2025-03-21 18:59:04,2025-03-21,B03,C0096,cash,11600
T0004525,2025-03-21 19:54:55,2025-03-21,B01,C0024,wallet,8500
T0004526,2025-03-21 14:54:30,2025-03-21,B05,,card,5300
T0004527,2025-03-21 12:38:56,2025-03-21,B01,C0038,wallet,33200
T0004528,2025-03-21 15:52:02,2025-03-21,B01,C0009,wallet,16300
T0004529,2025-03-21 19:24:07,2025-03-21,B01,C0109,card,19500
T0004530,2025-03-21 13:14:03,2025-03-21,B03,C0100,card,3100
T0004531,2025-03-21 17:07:41,2025-03-21,B01,C0067,cash,17900
T0004532,2025-03-21 19:01:11,2025-03-21,B01,C0115,card,3200
T0004533,2025-03-21 22:34:47,2025-03-21,B04,C0061,card,16100
T0004534,2025-03-21 14:22:26,2025-03-21,B05,C0090,card,11000
T0004535,2025-03-21 21:55:02,2025-03-21,B03,C0055,wallet,11200
T0004536,2025-03-21 12:38:50,2025-03-21,B01,,wallet,12900
T0004537,2025-03-21 20:53:11,2025-03-21,B05,C0067,cash,21100
T0004538,2025-03-22 08:05:26,2025-03-22,B02,C0046,card,14200
T0004539,2025-03-22 16:05:55,2025-03-22,B06,C0046,cash,6900
T0004540,2025-03-22 21:15:56,2025-03-22,B01,C0018,wallet,16200
T0004541,2025-03-22 09:59:43,2025-03-22,B02,C0082,card,25000
T0004542,2025-03-22 20:58:36,2025-03-22,B04,,cash,8600
T0004543,2025-03-22 21:31:20,2025-03-22,B05,C0104,wallet,8400
T0004544,2025-03-22 19:55:41,2025-03-22,B06,C0078,card,8000
T0004545,2025-03-22 13:05:33,2025-03-22,B05,,cash,6300
T0004546,2025-03-22 17:47:32,2025-03-22,B05,C0115,card,43000
T0004547,2025-03-22 20:13:04,2025-03-22,B03,C0023,card,11800
T0004548,2025-03-22 13:40:00,2025-03-22,B05,C0078,cash,5300
T0004549,2025-03-22 17:56:38,2025-03-22,B02,C0053,cash,8100
T0004550,2025-03-22 17:34:52,2025-03-22,B01,,card,17700
T0004551,2025-03-22 10:45:31,2025-03-22,B04,,wallet,2200
T0004552,2025-03-22 09:33:13,2025-03-22,B06,,wallet,5000
T0004553,2025-03-22 11:24:50,2025-03-22,B03,C0070,card,20600
T0004554,2025-03-22 20:39:21,2025-03-22,B04,C0117,cash,4200
T0004555,2025-03-22 09:53:50,2025-03-22,B02,C0037,wallet,9400
T0004556,2025-03-22 22:42:07,2025-03-22,B05,C0028,card,15700
T0004557,2025-03-22 15:57:32,2025-03-22,B04,C0042,wallet,37800
T0004558,2025-03-22 08:43:01,2025-03-22,B02,C0021,wallet,11300
T0004559,2025-03-22 09:02:41,2025-03-22,B06,C0116,cash,23600
T0004560,2025-03-22 18:55:31,2025-03-22,B01,C0065,wallet,4300
T0004561,2025-03-22 15:18:38,2025-03-22,B01,C0072,wallet,6600
T0004562,2025-03-22 14:51:22,2025-03-22,B06,,cash,26200
T0004563,2025-03-22 08:55:26,2025-03-22,B02,C0034,card,26700
T0004564,2025-03-22 17:33:18,2025-03-22,B04,C0055,card,10700
T0004565,2025-03-22 15:09:49,2025-03-22,B04,C0013,cash,34200
T0004566,2025-03-22 13:46:28,2025-03-22,B01,C0112,cash,9200
T0004567,2025-03-22 21:21:48,2025-03-22,B02,C0047,wallet,31800
T0004568,2025-03-22 07:18:58,2025-03-22,B05,C0027,cash,14500
T0004569,2025-03-22 17:30:42,2025-03-22,B03,C0115,card,10500
T0004570,2025-03-22 16:12:38,2025-03-22,B05,C0027,wallet,8200
T0004571,2025-03-22 22:31:36,2025-03-22,B06,,wallet,4600
T0004572,2025-03-22 20:27:00,2025-03-22,B04,C0032,wallet,7100
T0004573,2025-03-22 21:17:36,2025-03-22,B04,C0008,card,28700
T0004574,2025-03-22 16:49:22,2025-03-22,B01,,card,7600
T0004575,2025-03-22 18:30:23,2025-03-22,B06,C0040,wallet,25900
T0004576,2025-03-22 13:38:00,2025-03-22,B02,C0116,wallet,28100
T0004577,2025-03-22 13:03:27,2025-03-22,B02,C0072,cash,18300
T0004578,2025-03-22 08:28:49,2025-03-22,B05,C0006,cash,7000
T0004579,2025-03-22 22:36:12,2025-03-22,B04,C0049,cash,23200
T0004580,2025-03-22 22:40:20,2025-03-22,B05,C0085,card,8600
T0004581,2025-03-22 08:14:46,2025-03-22,B04,C0011,cash,8500
T0004582,2025-03-22 18:14:49,2025-03-22,B05,,card,18800
T0004583,2025-03-22 09:17:14,2025-03-22,B04,C0066,wallet,6500
T0004584,2025-03-22 12:58:14,2025-03-22,B02,C0027,cash,18100
T0004585,2025-03-22 11:21:24,2025-03-22,B04,C0095,cash,29800
T0004586,2025-03-22 22:05:18,2025-03-22,B06,C0027,card,13600
T0004587,2025-03-22 19:12:06,2025-03-22,B01,,cash,12600
T0004588,2025-03-22 12:08:13,2025-03-22,B03,C0069,card,8900
T0004589,2025-03-22 10:56:49,2025-03-22,B03,C0103,card,16600
T0004590,2025-03-22 08:39:49,2025-03-22,B04,C0057,card,14300
T0004591,2025-03-22 21:55:35,2025-03-22,B01,C0074,card,22600
T0004592,2025-03-22 08:27:19,2025-03-22,B03,C0076,cash,14300
T0004593,2025-03-22 16:14:38,2025-03-22,B02,C0052,wallet,11600
T0004594,2025-03-22 15:00:41,2025-03-22,B05,C0095,card,6100
T0004595,2025-03-22 20:49:59,2025-03-22,B05,C0063,card,21700
T0004596,2025-03-22 13:50:16,2025-03-22,B03,C0120,wallet,23100
T0004597,2025-03-22 19:21:16,2025-03-22,B05,C0072,card,12000
T0004598,2025-03-22 08:02:43,2025-03-22,B03,,cash,2600
T0004599,2025-03-22 19:42:22,2025-03-22,B02,,card,5400
T0004600,2025-03-22 22:03:50,2025-03-22,B06,C0078,cash,7200
T0004601,2025-03-22 20:35:01,2025-03-22,B01,C0111,cash,7000
T0004602,2025-03-22 20:01:25,2025-03-22,B05,,cash,13500
T0004603,2025-03-22 18:15:03,2025-03-22,B02,,wallet,25300
T0004604,2025-03-22 14:08:35,2025-03-22,B05,C0011,card,8100
T0004605,2025-03-22 09:33:25,2025-03-22,B05,C0103,wallet,14400
T0004606,2025-03-22 10:12:27,2025-03-22,B01,C0097,card,18400
T0004607,2025-03-22 13:44:20,2025-03-22,B06,,cash,3900
T0004608,2025-03-22 15:15:27,2025-03-22,B02,C0061,wallet,12800
T0004609,2025-03-23 13:00:05,2025-03-23,B02,C0036,wallet,18300
T0004610,2025-03-23 09:12:37,2025-03-23,B03,C0077,cash,3300
T0004611,2025-03-23 09:13:37,2025-03-23,B06,C0042,card,17900
T0004612,2025-03-23 16:54:19,2025-03-23,B05,C0080,cash,26100
T0004613,2025-03-23 09:20:34,2025-03-23,B02,C0068,cash,4300
T0004614,2025-03-23 09:07:54,2025-03-23,B06,C0087,card,28900
T0004615,2025-03-23 10:01:14,2025-03-23,B01,C0036,cash,25700
T0004616,2025-03-23 09:26:44,2025-03-23,B01,C0054,cash,5000
T0004617,2025-03-23 07:44:47,2025-03-23,B03,C0019,wallet,24800
T0004618,2025-03-23 09:41:56,2025-03-23,B06,C0041,card,27100
T0004619,2025-03-23 11:38:30,2025-03-23,B03,C0040,cash,7500
T0004620,2025-03-23 21:20:38,2025-03-23,B01,C0047,wallet,13100
T0004621,2025-03-23 11:43:09,2025-03-23,B02,C0078,wallet,17700
T0004622,2025-03-23 12:50:30,2025-03-23,B06,,card,15800
T0004623,2025-03-23 12:42:57,2025-03-23,B01,C0104,wallet,2900
T0004624,2025-03-23 22:52:47,2025-03-23,B01,C0037,cash,31700
T0004625,2025-03-23 20:07:20,2025-03-23,B03,C0117,wallet,25400
T0004626,2025-03-23 20:32:11,2025-03-23,B02,C0081,cash,2800
T0004627,2025-03-23 12:18:27,2025-03-23,B01,,card,8500
T0004628,2025-03-23 10:12:16,2025-03-23,B01,C0092,cash,29200
T0004629,2025-03-23 08:16:18,2025-03-23,B03,C0057,wallet,3800
T0004630,2025-03-23 12:39:56,2025-03-23,B01,C0004,cash,16700
T0004631,2025-03-23 18:28:25,2025-03-23,B01,C0044,wallet,10200
T0004632,2025-03-23 10:34:59,2025-03-23,B03,C0050,wallet,18300
T0004633,2025-03-23 09:30:14,2025-03-23,B03,C0113,card,5400
T0004634,2025-03-23 12:28:53,2025-03-23,B02,C0029,card,11400
T0004635,2025-03-23 14:00:08,2025-03-23,B06,C0081,wallet,16900
T0004636,2025-03-23 15:47:07,2025-03-23,B05,C0059,card,4800
T0004637,2025-03-23 21:39:18,2025-03-23,B06,C0040,wallet,15800
T0004638,2025-03-23 08:52:53,2025-03-23,B01,C0115,card,17900
T0004639,2025-03-23 07:26:11,2025-03-23,B05,C0073,wallet,28000
T0004640,2025-03-23 14:47:20,2025-03-23,B01,C0049,card,22600
T0004641,2025-03-23 13:44:39,2025-03-23,B04,C0015,cash,32400
T0004642,2025-03-23 13:28:45,2025-03-23,B06,C0030,wallet,15400
T0004643,2025-03-23 12:08:28,2025-03-23,B01,C0042,card,10700
T0004644,2025-03-23 15:27:36,2025-03-23,B01,C0045,wallet,6500
T0004645,2025-03-23 11:22:20,2025-03-23,B04,C0088,card,16100
T0004646,2025-03-23 16:33:32,2025-03-23,B01,C0050,card,17300
T0004647,2025-03-23 15:48:47,2025-03-23,B03,C0112,card,4500
T0004648,2025-03-23 22:04:20,2025-03-23,B06,C0013,card,7800
T0004649,2025-03-23 20:19:34,2025-03-23,B01,C0058,cash,14800
T0004650,2025-03-23 07:06:09,2025-03-23,B06,C0079,card,13000
T0004651,2025-03-23 08:27:59,2025-03-23,B06,C0087,card,21300
T0004652,2025-03-23 19:21:37,2025-03-23,B04,C0001,card,11000
T0004653,2025-03-23 16:52:27,2025-03-23,B05,,wallet,10000
T0004654,2025-03-23 10:42:57,2025-03-23,B03,C0091,cash,3100
T0004655,2025-03-23 09:45:11,2025-03-23,B02,C0070,card,46800
T0004656,2025-03-23 13:56:18,2025-03-23,B04,C0030,cash,30900
T0004657,2025-03-23 09:52:01,2025-03-23,B03,,wallet,20800
T0004658,2025-03-23 22:38:15,2025-03-23,B06,C0044,wallet,22300
T0004659,2025-03-23 15:20:46,2025-03-23,B02,C0032,cash,14500
T0004660,2025-03-23 21:37:46,2025-03-23,B03,,wallet,10700
T0004661,2025-03-23 17:58:14,2025-03-23,B01,C0002,wallet,17400
T0004662,2025-03-23 07:01:44,2025-03-23,B04,C0040,wallet,6100
T0004663,2025-03-23 11:52:12,2025-03-23,B03,C0043,wallet,18000
T0004664,2025-03-23 11:43:56,2025-03-23,B03,,card,12300
T0004665,2025-03-23 22:20:59,2025-03-23,B01,C0030,wallet,10200
T0004666,2025-03-24 12:20:44,2025-03-24,B05,C0075,card,29900
T0004667,2025-03-24 07:29:07,2025-03-24,B04,C0013,card,8000
T0004668,2025-03-24 14:19:08,2025-03-24,B02,C0101,cash,24700
T0004669,2025-03-24 21:00:45,2025-03-24,B04,C0115,card,8600
T0004670,2025-03-24 18:33:34,2025-03-24,B04,C0047,cash,15900
T0004671,2025-03-24 22:05:55,2025-03-24,B06,,card,2600
T0004672,2025-03-24 13:00:36,2025-03-24,B02,C0067,card,8200
T0004673,2025-03-24 15:39:34,2025-03-24,B02,C0092,wallet,4100
T0004674,2025-03-24 11:03:38,2025-03-24,B02,,wallet,9300
T0004675,2025-03-24 19:29:25,2025-03-24,B02,C0060,wallet,10200
T0004676,2025-03-24 19:03:17,2025-03-24,B02,C0058,card,8500
T0004677,2025-03-24 08:12:27,2025-03-24,B03,C0091,wallet,8700
T0004678,2025-03-24 07:37:44,2025-03-24,B05,C0092,wallet,27200
T0004679,2025-03-24 21:56:06,2025-03-24,B01,C0091,card,18200
T0004680,2025-03-24 17:12:12,2025-03-24,B01,C0082,card,4700
T0004681,2025-03-24 18:26:21,2025-03-24,B06,C0047,cash,11800
T0004682,2025-03-24 22:50:50,2025-03-24,B03,C0076,card,4800
T0004683,2025-03-24 17:25:37,2025-03-24,B03,C0052,cash,6500
T0004684,2025-03-24 13:52:10,2025-03-24,B03,C0017,wallet,24100
T0004685,2025-03-24 09:47:47,2025-03-24,B01,,cash,8100
T0004686,2025-03-24 21:36:31,2025-03-24,B02,C0111,wallet,9900
T0004687,2025-03-24 14:22:15,2025-03-24,B01,C0100,cash,18600
T0004688,2025-03-24 22:59:38,2025-03-24,B03,,card,6800
T0004689,2025-03-24 07:48:24,2025-03-24,B05,,card,3000
T0004690,2025-03-24 07:58:36,2025-03-24,B05,C0048,wallet,3000
T0004691,2025-03-24 16:31:31,2025-03-24,B03,C0015,cash,6500
T0004692,2025-03-24 11:36:52,2025-03-24,B04,C0013,card,5200
T0004693,2025-03-24 07:53:06,2025-03-24,B04,,card,8000
T0004694,2025-03-24 17:30:15,2025-03-24,B02,C0111,card,31200
T0004695,2025-03-24 20:10:45,2025-03-24,B06,C0118,cash,25600
T0004696,2025-03-24 19:47:24,2025-03-24,B02,C0047,card,7100
T0004697,2025-03-24 10:07:12,2025-03-24,B02,C0055,cash,32100
T0004698,2025-03-24 11:24:01,2025-03-24,B06,C0113,card,30300
T0004699,2025-03-24 11:47:38,2025-03-24,B01,C0090,cash,7100
T0004700,2025-03-24 07:00:14,2025-03-24,B04,C0002,wallet,25400
T0004701,2025-03-24 07:41:48,2025-03-24,B06,C0010,card,13800
T0004702,2025-03-24 07:02:42,2025-03-24,B06,C0084,cash,4000
T0004703,2025-03-24 11:16:03,2025-03-24,B01,C0093,wallet,18600
T0004704,2025-03-24 17:18:08,2025-03-24,B03,C0102,card,25800
T0004705,2025-03-24 22:36:18,2025-03-24,B06,C0006,cash,4200
T0004706,2025-03-24 15:06:16,2025-03-24,B06,C0048,card,12500
T0004707,2025-03-24 08:21:35,2025-03-24,B04,C0002,wallet,37800
T0004708,2025-03-24 21:33:22,2025-03-24,B06,,card,37000
T0004709,2025-03-24 19:53:06,2025-03-24,B03,C0007,card,16900
T0004710,2025-03-24 21:05:52,2025-03-24,B05,,wallet,15300
T0004711,2025-03-25 21:45:22,2025-03-25,B06,C0063,wallet,9100
T0004712,2025-03-25 13:11:58,2025-03-25,B01,C0106,card,15400
T0004713,2025-03-25 10:37:02,2025-03-25,B02,C0080,cash,1800
T0004714,2025-03-25 13:40:08,2025-03-25,B03,,cash,13400
T0004715,2025-03-25 07:17:59,2025-03-25,B02,C0065,card,11900
T0004716,2025-03-25 09:33:23,2025-03-25,B04,C0004,cash,17000
T0004717,2025-03-25 08:55:45,2025-03-25,B06,,cash,3100
T0004718,2025-03-25 08:02:56,2025-03-25,B02,C0024,card,6700
T0004719,2025-03-25 08:28:15,2025-03-25,B03,C0054,cash,7500
T0004720,2025-03-25 15:49:07,2025-03-25,B05,C0100,card,7300
T0004721,2025-03-25 16:44:16,2025-03-25,B03,C0028,card,4000
T0004722,2025-03-25 14:09:49,2025-03-25,B05,C0020,wallet,18100
T0004723,2025-03-25 22:45:53,2025-03-25,B02,C0015,cash,3900
T0004724,2025-03-25 20:17:00,2025-03-25,B03,C0088,cash,5200
T0004725,2025-03-25 08:01:10,2025-03-25,B03,C0029,card,2600
T0004726,2025-03-25 20:57:59,2025-03-25,B03,C0002,cash,6100
T0004727,2025-03-25 12:48:20,2025-03-25,B01,C0015,wallet,10300
T0004728,2025-03-25 07:15:26,2025-03-25,B01,C0035,wallet,8500
T0004729,2025-03-25 18:17:34,2025-03-25,B03,C0012,card,5600
T0004730,2025-03-25 17:35:57,2025-03-25,B05,C0100,card,3800
T0004731,2025-03-25 08:32:47,2025-03-25,B06,C0031,cash,7200
T0004732,2025-03-25 22:56:08,2025-03-25,B04,C0047,cash,14800
T0004733,2025-03-25 10:20:14,2025-03-25,B01,C0101,card,2400
T0004734,2025-03-25 22:21:42,2025-03-25,B04,,card,22600
T0004735,2025-03-25 11:21:57,2025-03-25,B02,C0052,wallet,9200
T0004736,2025-03-25 10:45:26,2025-03-25,B06,C0055,cash,8300
T0004737,2025-03-25 12:58:35,2025-03-25,B06,C0094,wallet,18700
T0004738,2025-03-25 16:55:21,2025-03-25,B05,C0089,cash,25300
T0004739,2025-03-25 21:33:31,2025-03-25,B02,,cash,20000
T0004740,2025-03-25 14:19:54,2025-03-25,B03,,cash,12400
T0004741,2025-03-25 09:15:58,2025-03-25,B04,C0047,card,18700
T0004742,2025-03-25 22:23:24,2025-03-25,B01,C0018,cash,17100
T0004743,2025-03-25 18:22:35,2025-03-25,B03,C0103,card,12000
T0004744,2025-03-25 07:05:36,2025-03-25,B02,C0109,wallet,3200
T0004745,2025-03-25 22:27:42,2025-03-25,B04,C0051,wallet,7400
T0004746,2025-03-25 14:19:26,2025-03-25,B04,,card,4700
T0004747,2025-03-25 13:44:53,2025-03-25,B02,C0016,card,2500
T0004748,2025-03-25 08:58:39,2025-03-25,B01,C0073,cash,37600
T0004749,2025-03-25 11:48:21,2025-03-25,B03,C0055,wallet,16100
T0004750,2025-03-25 11:47:16,2025-03-25,B03,C0071,card,12300
T0004751,2025-03-25 19:51:30,2025-03-25,B05,C0036,cash,6300
T0004752,2025-03-25 11:22:38,2025-03-25,B06,C0070,cash,5000
T0004753,2025-03-25 12:04:52,2025-03-25,B05,C0119,card,8000
T0004754,2025-03-25 18:24:04,2025-03-25,B06,C0082,card,9900
T0004755,2025-03-25 19:31:36,2025-03-25,B05,C0069,cash,10800
T0004756,2025-03-25 09:51:34,2025-03-25,B03,C0109,wallet,10100
T0004757,2025-03-25 11:24:13,2025-03-25,B03,,cash,6900
T0004758,2025-03-25 07:25:30,2025-03-25,B05,C0012,card,16900
T0004759,2025-03-25 15:26:03,2025-03-25,B04,C0075,cash,20800
T0004760,2025-03-25 10:40:17,2025-03-25,B04,,cash,12700
T0004761,2025-03-25 21:02:31,2025-03-25,B05,,cash,15000
T0004762,2025-03-25 12:39:48,2025-03-25,B06,,cash,8900
T0004763,2025-03-25 07:44:58,2025-03-25,B06,C0069,card,17600
T0004764,2025-03-25 09:46:50,2025-03-25,B06,,cash,14400
T0004765,2025-03-25 15:23:46,2025-03-25,B03,C0061,card,7100
T0004766,2025-03-25 22:16:11,2025-03-25,B02,,cash,9100
T0004767,2025-03-25 21:42:56,2025-03-25,B01,,card,17500
T0004768,2025-03-25 07:26:45,2025-03-25,B02,C0027,wallet,12000
T0004769,2025-03-25 22:44:01,2025-03-25,B03,C0094,cash,2700
T0004770,2025-03-25 09:20:40,2025-03-25,B02,,card,9500
T0004771,2025-03-25 14:30:30,2025-03-25,B03,C0020,card,13800
T0004772,2025-03-26 11:59:48,2025-03-26,B01,C0043,card,2400
T0004773,2025-03-26 20:04:44,2025-03-26,B02,C0069,cash,16600
T0004774,2025-03-26 09:50:43,2025-03-26,B03,C0106,card,18800
T0004775,2025-03-26 11:50:13,2025-03-26,B04,C0095,wallet,2900
T0004776,2025-03-26 15:20:24,2025-03-26,B03,C0040,cash,14700
T0004777,2025-03-26 21:08:23,2025-03-26,B05,C0096,card,2400
T0004778,2025-03-26 10:55:38,2025-03-26,B02,C0065,wallet,2300
T0004779,2025-03-26 09:53:26,2025-03-26,B01,C0084,wallet,3600
T0004780,2025-03-26 22:34:50,2025-03-26,B06,C0077,wallet,4500
T0004781,2025-03-26 08:00:43,2025-03-26,B03,C0057,card,1800
T0004782,2025-03-26 20:16:38,2025-03-26,B02,C0082,wallet,8500
T0004783,2025-03-26 15:41:44,2025-03-26,B02,,cash,37400
T0004784,2025-03-26 20:55:14,2025-03-26,B05,C0114,cash,12000
T0004785,2025-03-26 19:46:53,2025-03-26,B04,C0090,card,7200
T0004786,2025-03-26 18:38:55,2025-03-26,B06,,card,22800
T0004787,2025-03-26 21:24:16,2025-03-26,B02,C0102,card,17600
T0004788,2025-03-26 18:41:46,2025-03-26,B04,C0049,card,27300
T0004789,2025-03-26 13:44:05,2025-03-26,B04,C0057,wallet,20500
T0004790,2025-03-26 12:06:59,2025-03-26,B02,C0106,wallet,18900
T0004791,2025-03-26 18:07:36,2025-03-26,B05,C0027,wallet,8300
T0004792,2025-03-26 20:52:17,2025-03-26,B04,C0032,cash,11000
T0004793,2025-03-26 12:05:41,2025-03-26,B02,C0034,card,9600
T0004794,2025-03-26 19:21:31,2025-03-26,B02,,cash,24300
T0004795,2025-03-26 15:06:26,2025-03-26,B04,,card,17900
T0004796,2025-03-26 12:32:09,2025-03-26,B02,C0019,wallet,4200
T0004797,2025-03-26 07:43:17,2025-03-26,B05,,wallet,19800
T0004798,2025-03-26 11:44:51,2025-03-26,B04,C0116,cash,15800
T0004799,2025-03-26 17:06:13,2025-03-26,B04,C0107,wallet,2700
T0004800,2025-03-26 21:18:01,2025-03-26,B02,C0006,cash,26500
T0004801,2025-03-26 11:33:41,2025-03-26,B02,,wallet,6200
T0004802,2025-03-26 18:36:31,2025-03-26,B01,C0087,cash,8600
T0004803,2025-03-26 11:58:37,2025-03-26,B04,C0035,cash,23900
T0004804,2025-03-26 16:54:23,2025-03-26,B01,C0057,wallet,18200
T0004805,2025-03-26 10:03:15,2025-03-26,B03,C0042,card,2000
T0004806,2025-03-26 12:49:23,2025-03-26,B06,C0065,card,2000
T0004807,2025-03-26 17:13:29,2025-03-26,B05,C0116,cash,5700
T0004808,2025-03-26 19:04:12,2025-03-26,B03,,cash,3100
T0004809,2025-03-26 15:57:24,2025-03-26,B02,C0058,cash,15400
T0004810,2025-03-26 21:04:45,2025-03-26,B01,C0015,cash,7200
T0004811,2025-03-26 09:10:24,2025-03-26,B05,C0044,cash,4100
T0004812,2025-03-26 19:49:20,2025-03-26,B05,C0073,wallet,5500
T0004813,2025-03-26 18:37:55,2025-03-26,B01,C0093,wallet,2600
T0004814,2025-03-26 13:55:01,2025-03-26,B05,C0010,wallet,2900
T0004815,2025-03-26 22:23:47,2025-03-26,B01,C0073,card,23400
T0004816,2025-03-26 10:57:09,2025-03-26,B04,,wallet,10700
T0004817,2025-03-26 15:25:34,2025-03-26,B01,C0103,wallet,22200
T0004818,2025-03-26 19:29:14,2025-03-26,B02,C0028,card,5800
T0004819,2025-03-26 11:56:50,2025-03-26,B02,C0119,wallet,23000
T0004820,2025-03-26 22:28:52,2025-03-26,B04,C0076,card,15600
T0004821,2025-03-26 09:12:27,2025-03-26,B04,C0094,cash,5900
T0004822,2025-03-26 15:21:34,2025-03-26,B04,C0020,wallet,8000
T0004823,2025-03-26 13:44:18,2025-03-26,B04,C0041,wallet,8200
T0004824,2025-03-26 14:49:43,2025-03-26,B05,C0008,card,8600
T0004825,2025-03-26 07:07:16,2025-03-26,B03,C0069,wallet,7600
T0004826,2025-03-26 07:57:05,2025-03-26,B05,C0061,cash,4900
T0004827,2025-03-26 17:18:06,2025-03-26,B06,,wallet,16500
T0004828,2025-03-26 09:59:13,2025-03-26,B03,C0011,card,5000
T0004829,2025-03-27 21:28:31,2025-03-27,B05,C0009,cash,33200
T0004830,2025-03-27 16:58:47,2025-03-27,B04,C0108,wallet,11600
T0004831,2025-03-27 16:43:19,2025-03-27,B06,C0067,card,17800
T0004832,2025-03-27 19:54:27,2025-03-27,B02,C0067,card,16500
T0004833,2025-03-27 07:47:17,2025-03-27,B03,C0106,wallet,14000
T0004834,2025-03-27 12:21:51,2025-03-27,B01,C0047,cash,14700
T0004835,2025-03-27 19:24:18,2025-03-27,B06,C0035,wallet,13800
T0004836,2025-03-27 14:18:06,2025-03-27,B05,C0038,card,30500
T0004837,2025-03-27 15:24:50,2025-03-27,B05,C0011,wallet,13600
T0004838,2025-03-27 08:01:25,2025-03-27,B04,C0051,wallet,7700
T0004839,2025-03-27 19:50:59,2025-03-27,B05,C0023,cash,12400
T0004840,2025-03-27 20:11:13,2025-03-27,B06,C0084,card,16900
T0004841,2025-03-27 16:53:16,2025-03-27,B05,C0009,cash,9200
T0004842,2025-03-27 13:10:35,2025-03-27,B01,C0004,wallet,8400
T0004843,2025-03-27 10:58:43,2025-03-27,B02,C0070,wallet,3300
T0004844,2025-03-27 07:42:39,2025-03-27,B03,C0025,card,22300
T0004845,2025-03-27 13:35:41,2025-03-27,B02,C0075,cash,7200
T0004846,2025-03-27 15:51:03,2025-03-27,B06,C0020,card,22000
T0004847,2025-03-27 20:18:11,2025-03-27,B06,C0024,card,13200
T0004848,2025-03-27 11:03:51,2025-03-27,B05,C0118,card,12200
T0004849,2025-03-27 18:49:10,2025-03-27,B03,C0096,card,6900
T0004850,2025-03-27 11:05:26,2025-03-27,B01,C0056,card,13500
T0004851,2025-03-27 20:24:47,2025-03-27,B06,C0120,card,29900
T0004852,2025-03-27 09:10:11,2025-03-27,B05,C0005,cash,6700
T0004853,2025-03-27 17:24:34,2025-03-27,B02,,wallet,24900
T0004854,2025-03-27 18:43:10,2025-03-27,B02,C0053,wallet,9700
T0004855,2025-03-27 07:40:40,2025-03-27,B02,C0115,wallet,11300
T0004856,2025-03-27 16:56:56,2025-03-27,B02,C0002,card,20500
T0004857,2025-03-27 21:59:11,2025-03-27,B03,C0090,wallet,4000
T0004858,2025-03-27 20:29:51,2025-03-27,B03,C0077,cash,11900
T0004859,2025-03-27 13:45:06,2025-03-27,B03,,cash,18700
T0004860,2025-03-27 10:02:56,2025-03-27,B02,C0060,wallet,19600
T0004861,2025-03-27 07:24:34,2025-03-27,B05,C0085,wallet,18200
T0004862,2025-03-27 07:11:11,2025-03-27,B03,C0094,wallet,12300
T0004863,2025-03-27 21:59:15,2025-03-27,B04,C0017,wallet,17600
T0004864,2025-03-27 20:34:50,2025-03-27,B03,C0032,wallet,5900
T0004865,2025-03-27 14:47:23,2025-03-27,B04,C0108,wallet,16500
T0004866,2025-03-27 12:03:53,2025-03-27,B06,C0103,card,35100
T0004867,2025-03-27 20:40:45,2025-03-27,B05,C0087,cash,10200
T0004868,2025-03-27 16:08:16,2025-03-27,B02,C0022,cash,6700
T0004869,2025-03-27 11:32:55,2025-03-27,B01,,card,7100
T0004870,2025-03-27 19:46:24,2025-03-27,B02,C0115,wallet,24400
T0004871,2025-03-27 18:22:25,2025-03-27,B01,C0004,cash,4400
T0004872,2025-03-27 11:24:17,2025-03-27,B06,C0023,wallet,6000
T0004873,2025-03-27 21:29:24,2025-03-27,B05,C0063,cash,16900
T0004874,2025-03-27 17:39:09,2025-03-27,B01,C0089,wallet,4600
T0004875,2025-03-27 14:54:50,2025-03-27,B06,,card,31300
T0004876,2025-03-27 07:28:53,2025-03-27,B02,C0117,card,16600
T0004877,2025-03-27 14:46:46,2025-03-27,B02,C0079,card,31300
T0004878,2025-03-27 07:34:04,2025-03-27,B06,C0022,card,6000
T0004879,2025-03-27 15:11:58,2025-03-27,B03,C0109,card,31900
T0004880,2025-03-27 11:35:57,2025-03-27,B01,C0111,cash,3100
T0004881,2025-03-27 07:04:16,2025-03-27,B01,C0002,wallet,5000
T0004882,2025-03-27 07:48:44,2025-03-27,B05,,card,33300
T0004883,2025-03-28 22:07:43,2025-03-28,B02,C0101,card,6500
T0004884,2025-03-28 12:53:40,2025-03-28,B04,C0092,wallet,5400
T0004885,2025-03-28 12:11:21,2025-03-28,B04,C0094,wallet,27400
T0004886,2025-03-28 11:47:39,2025-03-28,B05,C0102,card,9000
T0004887,2025-03-28 14:15:31,2025-03-28,B04,C0117,cash,20600
T0004888,2025-03-28 18:26:01,2025-03-28,B06,C0033,cash,23800
T0004889,2025-03-28 12:54:01,2025-03-28,B02,C0080,card,4600
T0004890,2025-03-28 07:59:30,2025-03-28,B03,C0049,card,13300
T0004891,2025-03-28 22:57:48,2025-03-28,B03,,wallet,21700
T0004892,2025-03-28 21:34:50,2025-03-28,B02,,card,2900
T0004893,2025-03-28 09:55:26,2025-03-28,B03,C0074,card,5700
T0004894,2025-03-28 17:01:58,2025-03-28,B03,C0030,wallet,26900
T0004895,2025-03-28 15:08:23,2025-03-28,B02,C0002,wallet,16300
T0004896,2025-03-28 15:43:23,2025-03-28,B02,C0062,card,18900
T0004897,2025-03-28 07:38:38,2025-03-28,B03,C0036,wallet,14000
T0004898,2025-03-28 13:05:49,2025-03-28,B02,C0060,wallet,8400
T0004899,2025-03-28 07:02:29,2025-03-28,B03,C0080,cash,22000
T0004900,2025-03-28 10:28:48,2025-03-28,B06,C0032,cash,13500
T0004901,2025-03-28 14:14:54,2025-03-28,B06,C0091,card,10500
T0004902,2025-03-28 09:46:52,2025-03-28,B03,C0111,cash,22600
T0004903,2025-03-28 18:41:06,2025-03-28,B03,C0046,wallet,19500
T0004904,2025-03-28 16:48:15,2025-03-28,B06,C0005,card,10900
T0004905,2025-03-28 11:25:17,2025-03-28,B05,C0022,cash,5200
T0004906,2025-03-28 07:18:22,2025-03-28,B04,,wallet,15300
T0004907,2025-03-28 14:56:57,2025-03-28,B01,C0069,card,6100
T0004908,2025-03-28 21:18:49,2025-03-28,B01,C0066,cash,4800
T0004909,2025-03-28 12:05:45,2025-03-28,B03,,cash,13700
T0004910,2025-03-28 15:15:41,2025-03-28,B06,C0103,card,21700
T0004911,2025-03-28 12:21:51,2025-03-28,B03,C0107,card,15300
T0004912,2025-03-28 10:29:37,2025-03-28,B05,C0011,wallet,27800
T0004913,2025-03-28 21:06:53,2025-03-28,B02,C0065,cash,13300
T0004914,2025-03-28 19:02:22,2025-03-28,B06,C0095,cash,25500
T0004915,2025-03-28 12:58:55,2025-03-28,B03,C0100,card,15800
T0004916,2025-03-28 15:32:50,2025-03-28,B03,C0021,cash,8400
T0004917,2025-03-28 12:02:27,2025-03-28,B03,C0059,card,9600
T0004918,2025-03-28 17:54:09,2025-03-28,B06,C0044,wallet,4600
T0004919,2025-03-28 07:38:25,2025-03-28,B05,C0054,wallet,14700
T0004920,2025-03-28 14:56:53,2025-03-28,B03,,wallet,2300
T0004921,2025-03-28 10:00:13,2025-03-28,B03,C0078,cash,4000
T0004922,2025-03-28 22:02:41,2025-03-28,B01,C0073,wallet,4900
T0004923,2025-03-28 20:45:26,2025-03-28,B01,C0087,wallet,34300
T0004924,2025-03-28 21:44:33,2025-03-28,B04,C0104,wallet,17900
T0004925,2025-03-28 22:57:10,2025-03-28,B06,,wallet,8700
T0004926,2025-03-28 17:13:54,2025-03-28,B05,C0116,card,5800
T0004927,2025-03-29 21:53:59,2025-03-29,B05,C0063,cash,28200
T0004928,2025-03-29 07:42:49,2025-03-29,B05,,cash,10800
T0004929,2025-03-29 11:52:50,2025-03-29,B05,C0023,wallet,11300
T0004930,2025-03-29 17:38:38,2025-03-29,B01,C0106,wallet,27200
T0004931,2025-03-29 21:53:28,2025-03-29,B01,C0001,cash,16100
T0004932,2025-03-29 10:39:53,2025-03-29,B01,C0082,card,14900
T0004933,2025-03-29 15:44:50,2025-03-29,B02,C0021,card,6800
T0004934,2025-03-29 11:54:15,2025-03-29,B04,C0041,card,10600
T0004935,2025-03-29 19:56:17,2025-03-29,B01,C0108,wallet,11900
T0004936,2025-03-29 08:44:49,2025-03-29,B05,C0094,wallet,15700
T0004937,2025-03-29 14:49:07,2025-03-29,B04,C0079,cash,20300
T0004938,2025-03-29 08:19:55,2025-03-29,B06,C0087,cash,30700
T0004939,2025-03-29 12:25:50,2025-03-29,B06,C0033,card,6600
T0004940,2025-03-29 10:48:23,2025-03-29,B06,,wallet,11700
T0004941,2025-03-29 12:09:11,2025-03-29,B06,C0115,cash,21200
T0004942,2025-03-29 08:37:40,2025-03-29,B04,C0009,cash,12200
T0004943,2025-03-29 17:50:59,2025-03-29,B02,C0063,wallet,15800
T0004944,2025-03-29 16:52:54,2025-03-29,B05,C0027,card,27400
T0004945,2025-03-29 13:25:38,2025-03-29,B02,C0105,wallet,17400
T0004946,2025-03-29 11:32:06,2025-03-29,B04,C0001,cash,2600
T0004947,2025-03-29 18:16:11,2025-03-29,B03,C0016,cash,17000
T0004948,2025-03-29 11:47:50,2025-03-29,B04,C0118,wallet,18300
T0004949,2025-03-29 11:59:52,2025-03-29,B05,C0047,wallet,29300
T0004950,2025-03-29 16:50:55,2025-03-29,B04,C0091,card,5000
T0004951,2025-03-29 14:41:02,2025-03-29,B01,,wallet,18300
T0004952,2025-03-29 14:04:07,2025-03-29,B06,,wallet,8600
T0004953,2025-03-29 15:25:18,2025-03-29,B03,C0009,card,12100
T0004954,2025-03-29 20:10:00,2025-03-29,B04,C0054,card,10400
T0004955,2025-03-29 07:29:59,2025-03-29,B05,C0077,wallet,16100
T0004956,2025-03-29 10:35:35,2025-03-29,B05,C0113,wallet,5200
T0004957,2025-03-29 10:01:23,2025-03-29,B05,C0018,cash,5200
T0004958,2025-03-29 20:52:41,2025-03-29,B04,C0062,cash,6700
T0004959,2025-03-29 15:25:02,2025-03-29,B06,C0115,wallet,29400
T0004960,2025-03-29 09:41:15,2025-03-29,B01,C0088,card,17900
T0004961,2025-03-29 18:24:42,2025-03-29,B01,C0039,wallet,4000
T0004962,2025-03-29 10:54:17,2025-03-29,B06,C0035,card,2600
T0004963,2025-03-29 22:39:58,2025-03-29,B04,C0105,card,26300
T0004964,2025-03-29 16:34:06,2025-03-29,B04,C0037,cash,8800
T0004965,2025-03-29 10:50:06,2025-03-29,B04,C0084,cash,16200
T0004966,2025-03-29 19:25:07,2025-03-29,B05,,wallet,10700
T0004967,2025-03-29 15:51:15,2025-03-29,B03,C0051,wallet,3300
T0004968,2025-03-29 18:31:05,2025-03-29,B06,C0080,card,12900
T0004969,2025-03-29 15:32:24,2025-03-29,B06,C0013,card,20900
T0004970,2025-03-29 10:31:13,2025-03-29,B03,C0054,cash,2400
T0004971,2025-03-29 15:47:59,2025-03-29,B02,C0037,wallet,6300
T0004972,2025-03-29 15:38:47,2025-03-29,B05,C0042,wallet,42500
T0004973,2025-03-29 13:18:25,2025-03-29,B04,C0051,wallet,2400
T0004974,2025-03-29 10:06:24,2025-03-29,B06,,wallet,8400
T0004975,2025-03-29 14:10:32,2025-03-29,B03,C0094,cash,13300
T0004976,2025-03-29 08:43:00,2025-03-29,B01,,card,14300
T0004977,2025-03-29 09:06:15,2025-03-29,B05,C0007,wallet,3400
T0004978,2025-03-29 11:24:50,2025-03-29,B03,C0106,cash,24500
T0004979,2025-03-29 13:37:02,2025-03-29,B04,,cash,3800
T0004980,2025-03-29 21:21:05,2025-03-29,B03,,card,13500
T0004981,2025-03-29 08:06:37,2025-03-29,B03,C0095,cash,6400
T0004982,2025-03-29 17:17:44,2025-03-29,B04,C0095,cash,2900
T0004983,2025-03-29 20:02:11,2025-03-29,B01,C0065,card,4300
T0004984,2025-03-29 15:56:12,2025-03-29,B01,,cash,2200
T0004985,2025-03-29 07:55:19,2025-03-29,B06,C0014,cash,3900
T0004986,2025-03-29 10:05:42,2025-03-29,B04,C0052,card,6700
T0004987,2025-03-29 08:52:42,2025-03-29,B04,C0073,wallet,8700
T0004988,2025-03-29 20:34:38,2025-03-29,B05,C0004,cash,12900
T0004989,2025-03-29 19:36:49,2025-03-29,B02,C0076,wallet,4300
T0004990,2025-03-29 15:11:16,2025-03-29,B06,C0068,wallet,12400
T0004991,2025-03-29 21:28:40,2025-03-29,B03,C0058,card,12400
T0004992,2025-03-29 12:47:21,2025-03-29,B02,,card,7800
T0004993,2025-03-29 18:12:23,2025-03-29,B05,C0018,wallet,13200
T0004994,2025-03-29 08:02:05,2025-03-29,B04,C0102,card,11800
T0004995,2025-03-30 11:52:39,2025-03-30,B06,C0087,wallet,11000
T0004996,2025-03-30 13:19:24,2025-03-30,B04,C0011,cash,26400
T0004997,2025-03-30 12:27:40,2025-03-30,B03,C0010,cash,4400
T0004998,2025-03-30 12:01:59,2025-03-30,B05,C0026,wallet,29000
T0004999,2025-03-30 07:03:28,2025-03-30,B02,C0100,cash,6900
T0005000,2025-03-30 21:38:08,2025-03-30,B02,C0061,card,5800
T0005001,2025-03-30 12:41:43,2025-03-30,B02,C0116,card,16200
T0005002,2025-03-30 17:10:23,2025-03-30,B01,C0082,wallet,10900
T0005003,2025-03-30 16:59:25,2025-03-30,B01,C0078,wallet,20100
T0005004,2025-03-30 16:12:31,2025-03-30,B03,C0110,cash,3800
T0005005,2025-03-30 13:19:37,2025-03-30,B06,C0089,card,21400
T0005006,2025-03-30 13:39:42,2025-03-30,B01,,wallet,26100
T0005007,2025-03-30 08:52:44,2025-03-30,B02,C0059,card,16700
T0005008,2025-03-30 08:42:08,2025-03-30,B05,C0028,wallet,17300
T0005009,2025-03-30 16:37:03,2025-03-30,B01,C0097,card,7100
T0005010,2025-03-30 09:34:11,2025-03-30,B05,C0112,wallet,10800
T0005011,2025-03-30 11:20:31,2025-03-30,B02,C0105,card,16900
T0005012,2025-03-30 11:41:59,2025-03-30,B06,C0086,card,31400
T0005013,2025-03-30 19:13:36,2025-03-30,B02,C0042,card,15400
T0005014,2025-03-30 14:12:09,2025-03-30,B01,C0063,cash,11100
T0005015,2025-03-30 21:34:35,2025-03-30,B03,C0073,card,6300
T0005016,2025-03-30 22:27:02,2025-03-30,B06,C0050,wallet,9100
T0005017,2025-03-30 16:11:36,2025-03-30,B03,C0103,cash,25000
T0005018,2025-03-30 17:29:32,2025-03-30,B04,C0014,cash,6300
T0005019,2025-03-30 22:08:53,2025-03-30,B05,C0053,card,3800
T0005020,2025-03-30 13:11:25,2025-03-30,B02,,wallet,10000
T0005021,2025-03-30 14:55:50,2025-03-30,B03,C0091,card,11300
T0005022,2025-03-30 12:00:35,2025-03-30,B05,C0099,wallet,6900
T0005023,2025-03-30 16:51:16,2025-03-30,B03,C0036,wallet,3800
T0005024,2025-03-30 19:56:15,2025-03-30,B04,C0016,card,12300
T0005025,2025-03-30 15:29:30,2025-03-30,B06,C0084,card,1500
T0005026,2025-03-30 12:23:26,2025-03-30,B06,,cash,10400
T0005027,2025-03-30 20:56:14,2025-03-30,B04,C0030,card,13400
T0005028,2025-03-30 20:17:52,2025-03-30,B04,C0074,cash,11900
T0005029,2025-03-30 22:20:47,2025-03-30,B01,C0047,cash,5200
T0005030,2025-03-30 18:23:11,2025-03-30,B04,C0066,wallet,14600
T0005031,2025-03-30 07:43:52,2025-03-30,B02,,wallet,21800
T0005032,2025-03-30 19:56:00,2025-03-30,B06,C0056,cash,10000
T0005033,2025-03-30 12:10:38,2025-03-30,B01,C0089,cash,14500
T0005034,2025-03-30 16:44:30,2025-03-30,B05,C0094,card,6100
T0005035,2025-03-30 13:40:55,2025-03-30,B05,,card,15200
T0005036,2025-03-30 11:57:16,2025-03-30,B04,C0006,card,12800
T0005037,2025-03-30 12:41:30,2025-03-30,B06,,card,7300
T0005038,2025-03-30 10:27:03,2025-03-30,B03,C0070,card,5000
T0005039,2025-03-30 11:35:54,2025-03-30,B03,C0011,card,10600
T0005040,2025-03-30 18:02:48,2025-03-30,B05,,wallet,14400
T0005041,2025-03-30 07:22:54,2025-03-30,B06,C0110,cash,10100
T0005042,2025-03-30 14:24:58,2025-03-30,B01,C0080,wallet,12500
T0005043,2025-03-30 17:07:44,2025-03-30,B03,C0102,wallet,16200
T0005044,2025-03-30 16:28:00,2025-03-30,B02,C0055,cash,14400
T0005045,2025-03-30 20:03:32,2025-03-30,B01,C0055,card,24600
T0005046,2025-03-30 18:18:46,2025-03-30,B03,C0037,cash,8600
T0005047,2025-03-30 14:56:01,2025-03-30,B02,C0111,wallet,10600
T0005048,2025-03-30 08:50:15,2025-03-30,B06,C0041,cash,6400
T0005049,2025-03-30 07:20:21,2025-03-30,B04,C0100,wallet,5000
T0005050,2025-03-30 12:42:33,2025-03-30,B02,C0106,cash,6900
T0005051,2025-03-30 11:38:40,2025-03-30,B03,C0035,card,10700
T0005052,2025-03-30 18:40:49,2025-03-30,B01,C0031,wallet,11900
T0005053,2025-03-30 07:29:48,2025-03-30,B03,C0087,cash,28200
T0005054,2025-03-30 09:14:10,2025-03-30,B06,,card,8100
T0005055,2025-03-30 18:34:55,2025-03-30,B06,C0094,cash,9700
T0005056,2025-03-30 15:49:05,2025-03-30,B06,C0067,cash,5700
T0005057,2025-03-30 18:21:51,2025-03-30,B03,C0035,card,24300
T0005058,2025-03-30 19:25:01,2025-03-30,B06,C0030,cash,7300
T0005059,2025-03-30 08:18:37,2025-03-30,B03,C0059,card,2800
T0005060,2025-03-30 15:46:46,2025-03-30,B04,,cash,17300
T0005061,2025-03-30 18:45:44,2025-03-30,B04,C0104,card,20000
T0005062,2025-03-30 07:31:38,2025-03-30,B03,C0114,card,13800
T0005063,2025-03-30 07:22:54,2025-03-30,B05,C0064,card,16600
T0005064,2025-03-30 22:22:15,2025-03-30,B05,C0079,card,8700
T0005065,2025-03-30 07:36:37,2025-03-30,B01,C0083,card,14800
T0005066,2025-03-30 10:12:20,2025-03-30,B01,C0054,card,17200
T0005067,2025-03-30 14:15:49,2025-03-30,B02,C0059,cash,23000
T0005068,2025-03-30 07:49:55,2025-03-30,B04,,card,25200
T0005069,2025-03-30 13:55:24,2025-03-30,B06,C0055,card,5200
T0005070,2025-03-31 21:30:40,2025-03-31,B04,C0114,card,27400
T0005071,2025-03-31 08:28:17,2025-03-31,B01,C0049,cash,8500
T0005072,2025-03-31 10:51:13,2025-03-31,B06,,card,17600
T0005073,2025-03-31 14:02:58,2025-03-31,B01,C0010,wallet,10300
T0005074,2025-03-31 12:50:54,2025-03-31,B01,C0048,wallet,16200
T0005075,2025-03-31 07:36:23,2025-03-31,B01,C0098,cash,4000
T0005076,2025-03-31 16:19:52,2025-03-31,B01,C0007,wallet,7400
T0005077,2025-03-31 08:44:47,2025-03-31,B02,,card,19900
T0005078,2025-03-31 20:20:10,2025-03-31,B04,C0028,card,15100
T0005079,2025-03-31 11:26:26,2025-03-31,B06,C0001,wallet,8600
T0005080,2025-03-31 18:11:53,2025-03-31,B06,,card,18700
T0005081,2025-03-31 14:42:19,2025-03-31,B04,,card,6700
T0005082,2025-03-31 11:53:45,2025-03-31,B05,C0030,cash,14200
T0005083,2025-03-31 18:54:26,2025-03-31,B05,C0042,card,22000
T0005084,2025-03-31 14:33:54,2025-03-31,B01,C0059,card,8700
T0005085,2025-03-31 22:55:49,2025-03-31,B05,C0111,wallet,22000
T0005086,2025-03-31 16:58:05,2025-03-31,B03,,card,7800
T0005087,2025-03-31 15:53:39,2025-03-31,B04,C0019,cash,5900
T0005088,2025-03-31 13:49:01,2025-03-31,B06,,card,2600
T0005089,2025-03-31 11:21:33,2025-03-31,B02,C0097,cash,10200
T0005090,2025-03-31 13:59:25,2025-03-31,B02,C0025,card,2400
T0005091,2025-03-31 07:06:19,2025-03-31,B04,C0065,card,12600
T0005092,2025-03-31 12:59:48,2025-03-31,B01,C0011,wallet,22700
T0005093,2025-03-31 14:22:21,2025-03-31,B06,C0050,card,13900
T0005094,2025-03-31 09:52:49,2025-03-31,B04,,cash,11500
T0005095,2025-03-31 22:53:26,2025-03-31,B06,C0100,card,14400
T0005096,2025-03-31 16:55:38,2025-03-31,B02,,wallet,8800
T0005097,2025-03-31 18:22:01,2025-03-31,B02,C0039,card,15000
T0005098,2025-03-31 21:06:08,2025-03-31,B03,,wallet,2100
T0005099,2025-03-31 21:10:18,2025-03-31,B01,C0008,wallet,10800
T0005100,2025-03-31 11:11:26,2025-03-31,B05,C0063,card,9100
T0005101,2025-03-31 19:57:11,2025-03-31,B05,C0106,card,2800
T0005102,2025-03-31 14:48:26,2025-03-31,B03,,cash,22400
T0005103,2025-03-31 22:49:46,2025-03-31,B02,C0071,wallet,30400
T0005104,2025-03-31 17:13:15,2025-03-31,B04,C0042,card,4600
T0005105,2025-03-31 16:50:22,2025-03-31,B01,C0078,cash,7700
T0005106,2025-03-31 09:17:40,2025-03-31,B02,C0064,card,16700
T0005107,2025-03-31 11:57:46,2025-03-31,B01,C0049,wallet,8900
T0005108,2025-03-31 15:37:54,2025-03-31,B05,C0076,wallet,5300
T0005109,2025-03-31 13:53:14,2025-03-31,B02,C0082,wallet,7500
T0005110,2025-03-31 15:31:43,2025-03-31,B01,C0098,cash,9400
T0005111,2025-03-31 14:30:38,2025-03-31,B01,C0027,card,16400
T0005112,2025-03-31 12:12:09,2025-03-31,B06,C0015,card,8800
T0005113,2025-03-31 13:35:22,2025-03-31,B05,C0101,card,12300
T0005114,2025-03-31 13:10:59,2025-03-31,B05,C0024,card,8100
T0005115,2025-03-31 13:29:27,2025-03-31,B01,C0059,card,2600
T0005116,2025-03-31 12:33:04,2025-03-31,B03,C0001,wallet,15800
T0005117,2025-03-31 21:13:20,2025-03-31,B04,C0114,cash,39800
T0005118,2025-03-31 11:42:34,2025-03-31,B06,C0062,card,6700
T0005119,2025-03-31 09:05:19,2025-03-31,B01,C0053,wallet,9600
T0005120,2025-03-31 21:57:13,2025-03-31,B06,C0120,wallet,9600
T0005121,2025-03-31 19:42:49,2025-03-31,B02,C0114,cash,27000
T0005122,2025-03-31 14:07:22,2025-03-31,B01,C0047,cash,13700
T0005123,2025-03-31 09:35:06,2025-03-31,B06,C0095,wallet,6700
T0005124,2025-03-31 13:31:11,2025-03-31,B05,,card,4400
T0005125,2025-03-31 19:08:23,2025-03-31,B05,C0060,wallet,4400
T0005126,2025-03-31 13:38:41,2025-03-31,B02,C0005,wallet,35200
T0005127,2025-03-31 22:03:15,2025-03-31,B03,C0114,wallet,2400
T0005128,2025-03-31 16:52:24,2025-03-31,B06,C0006,card,9200
T0005129,2025-03-31 10:04:34,2025-03-31,B01,C0089,cash,15100
