inventory_date,branch_id,product_code,on_hand_qty,reorder_point,stock_flag
2025-01-01,B01,SNK004,29,36,OK
2025-01-01,B01,DES003,22,26,LOW
2025-01-01,B01,SNK002,1,5,OOS
2025-01-01,B01,SNK003,11,18,OK
2025-01-01,B01,SNK001,14,20,OK
2025-01-01,B01,HOU002,14,16,LOW
2025-01-01,B01,DES001,22,29,OK
2025-01-01,B01,BEV002,23,29,OK
2025-01-01,B02,SNK004,18,17,OK
2025-01-01,B02,DES003,22,26,OK
2025-01-01,B02,SNK002,23,26,OK
2025-01-01,B02,SNK003,25,31,LOW
2025-01-01,B02,SNK001,34,42,OK
2025-01-01,B02,HOU002,21,24,OK
2025-01-01,B02,DES001,21,23,OK
2025-01-01,B02,BEV002,18,25,LOW
2025-01-01,B03,SNK004,12,21,OK
2025-01-01,B03,DES003,28,29,LOW
2025-01-01,B03,SNK002,4,12,LOW
2025-01-01,B03,SNK003,5,8,OK
2025-01-01,B03,SNK001,25,28,LOW
2025-01-01,B03,HOU002,18,18,OK
2025-01-01,B03,DES001,0,5,OOS
2025-01-01,B03,BEV002,24,31,OK
2025-01-01,B04,SNK004,16,23,LOW
2025-01-01,B04,DES003,24,28,LOW
2025-01-01,B04,SNK002,18,26,LOW
2025-01-01,B04,SNK003,14,20,OK
2025-01-01,B04,SNK001,26,32,OK
2025-01-01,B04,HOU002,9,12,OK
2025-01-01,B04,DES001,26,30,OK
2025-01-01,B04,BEV002,12,16,OK
2025-01-01,B05,SNK004,16,22,OK
2025-01-01,B05,DES003,8,17,OK
2025-01-01,B05,SNK002,28,29,OK
2025-01-01,B05,SNK003,8,16,OK
2025-01-01,B05,SNK001,12,18,OK
2025-01-01,B05,HOU002,7,12,OK
2025-01-01,B05,DES001,24,31,LOW
2025-01-01,B05,BEV002,21,20,OK
2025-01-01,B06,SNK004,17,24,OK
2025-01-01,B06,DES003,12,14,OK
2025-01-01,B06,SNK002,27,27,OK
2025-01-01,B06,SNK003,23,30,OK
2025-01-01,B06,SNK001,27,31,OK
2025-01-01,B06,HOU002,3,12,LOW
2025-01-01,B06,DES001,31,29,OK
2025-01-01,B06,BEV002,19,21,OK
2025-01-02,B01,SNK002,6,10,LOW
2025-01-02,B01,BEV002,13,12,OK
2025-01-02,B01,DES001,29,36,OK
2025-01-02,B01,BEV003,19,21,OK
2025-01-02,B01,SNK004,13,15,OK
2025-01-02,B01,DES002,11,13,OK
2025-01-02,B01,HOU003,16,19,OK
2025-01-02,B01,BEV001,12,23,OK
2025-01-02,B02,SNK002,13,19,LOW
2025-01-02,B02,BEV002,27,32,OK
2025-01-02,B02,DES001,16,23,OK
2025-01-02,B02,BEV003,12,17,OK
2025-01-02,B02,SNK004,26,31,LOW
2025-01-02,B02,DES002,17,22,OK
2025-01-02,B02,HOU003,26,28,OK
2025-01-02,B02,BEV001,17,26,OK
2025-01-02,B03,SNK002,18,23,OK
2025-01-02,B03,BEV002,16,18,OK
2025-01-02,B03,DES001,22,32,LOW
2025-01-02,B03,BEV003,19,23,OK
2025-01-02,B03,SNK004,24,28,OK
2025-01-02,B03,DES002,18,25,OK
2025-01-02,B03,HOU003,26,33,LOW
2025-01-02,B03,BEV001,20,26,OK
2025-01-02,B04,SNK002,20,24,LOW
2025-01-02,B04,BEV002,22,29,OK
2025-01-02,B04,DES001,28,33,OK
2025-01-02,B04,BEV003,20,25,OK
2025-01-02,B04,SNK004,6,12,OK
2025-01-02,B04,DES002,14,8,OK
2025-01-02,B04,HOU003,15,21,LOW
2025-01-02,B04,BEV001,17,21,LOW
2025-01-02,B05,SNK002,15,14,OK
2025-01-02,B05,BEV002,14,19,OK
2025-01-02,B05,DES001,16,23,OK
2025-01-02,B05,BEV003,5,8,OK
2025-01-02,B05,SNK004,8,17,OK
2025-01-02,B05,DES002,28,35,OK
2025-01-02,B05,HOU003,5,14,OK
2025-01-02,B05,BEV001,12,21,OK
2025-01-02,B06,SNK002,26,31,LOW
2025-01-02,B06,BEV002,18,22,OK
2025-01-02,B06,DES001,3,9,OK
2025-01-02,B06,BEV003,17,26,LOW
2025-01-02,B06,SNK004,14,21,LOW
2025-01-02,B06,DES002,30,36,LOW
2025-01-02,B06,HOU003,15,22,OK
2025-01-02,B06,BEV001,16,17,LOW
2025-01-03,B01,SNK001,20,24,OK
2025-01-03,B01,HOU001,27,34,OK
2025-01-03,B01,DES003,25,29,OK
2025-01-03,B01,DES001,30,32,OK
2025-01-03,B01,SNK003,22,26,LOW
2025-01-03,B01,RTE003,13,22,OK
2025-01-03,B01,RTE001,12,15,OK
2025-01-03,B01,BEV001,4,10,LOW
2025-01-03,B02,SNK001,22,27,OK
2025-01-03,B02,HOU001,18,24,OK
2025-01-03,B02,DES003,8,13,OK
2025-01-03,B02,DES001,34,38,OK
2025-01-03,B02,SNK003,17,23,OK
2025-01-03,B02,RTE003,0,9,LOW
2025-01-03,B02,RTE001,19,25,OK
2025-01-03,B02,BEV001,9,10,LOW
2025-01-03,B03,SNK001,4,7,OK
2025-01-03,B03,HOU001,19,21,OK
2025-01-03,B03,DES003,10,13,LOW
2025-01-03,B03,DES001,17,25,OK
2025-01-03,B03,SNK003,18,24,LOW
2025-01-03,B03,RTE003,19,25,OK
2025-01-03,B03,RTE001,27,31,OK
2025-01-03,B03,BEV001,15,18,OK
2025-01-03,B04,SNK001,21,25,OK
2025-01-03,B04,HOU001,22,25,OK
2025-01-03,B04,DES003,19,23,OK
2025-01-03,B04,DES001,18,23,LOW
2025-01-03,B04,SNK003,28,32,OK
2025-01-03,B04,RTE003,6,15,OK
2025-01-03,B04,RTE001,6,7,LOW
2025-01-03,B04,BEV001,21,25,LOW
2025-01-03,B05,SNK001,16,18,OK
2025-01-03,B05,HOU001,15,21,OK
2025-01-03,B05,DES003,20,24,LOW
2025-01-03,B05,DES001,14,17,OK
2025-01-03,B05,SNK003,21,23,OK
2025-01-03,B05,RTE003,20,27,OK
2025-01-03,B05,RTE001,27,32,OK
2025-01-03,B05,BEV001,21,26,OK
2025-01-03,B06,SNK001,15,18,LOW
2025-01-03,B06,HOU001,22,27,LOW
2025-01-03,B06,DES003,14,27,LOW
2025-01-03,B06,DES001,10,21,OK
2025-01-03,B06,SNK003,17,15,OK
2025-01-03,B06,RTE003,4,12,OK
2025-01-03,B06,RTE001,13,15,OK
2025-01-03,B06,BEV001,18,23,OK
2025-01-04,B01,DES002,4,11,OK
2025-01-04,B01,SNK003,11,14,OK
2025-01-04,B01,HOU001,19,24,OK
2025-01-04,B01,DES003,6,5,OK
2025-01-04,B01,RTE003,1,2,OOS
2025-01-04,B01,HOU003,13,17,OK
2025-01-04,B01,HOU002,20,26,OK
2025-01-04,B01,BEV004,25,32,OK
2025-01-04,B02,DES002,13,23,OK
2025-01-04,B02,SNK003,27,31,OK
2025-01-04,B02,HOU001,9,11,OK
2025-01-04,B02,DES003,27,29,OK
2025-01-04,B02,RTE003,7,7,LOW
2025-01-04,B02,HOU003,5,13,OK
2025-01-04,B02,HOU002,20,26,OK
2025-01-04,B02,BEV004,22,26,OK
2025-01-04,B03,DES002,22,28,LOW
2025-01-04,B03,SNK003,20,23,LOW
2025-01-04,B03,HOU001,24,25,LOW
2025-01-04,B03,DES003,20,23,LOW
2025-01-04,B03,RTE003,3,9,OK
2025-01-04,B03,HOU003,13,15,OK
2025-01-04,B03,HOU002,7,13,OK
2025-01-04,B03,BEV004,12,16,OK
2025-01-04,B04,DES002,11,13,OK
2025-01-04,B04,SNK003,7,13,OK
2025-01-04,B04,HOU001,25,25,OK
2025-01-04,B04,DES003,21,26,OK
2025-01-04,B04,RTE003,8,17,LOW
2025-01-04,B04,HOU003,15,19,LOW
2025-01-04,B04,HOU002,30,39,OK
2025-01-04,B04,BEV004,19,20,OK
2025-01-04,B05,DES002,18,16,LOW
2025-01-04,B05,SNK003,22,26,OK
2025-01-04,B05,HOU001,30,34,OK
2025-01-04,B05,DES003,25,37,OK
2025-01-04,B05,RTE003,14,24,OK
2025-01-04,B05,HOU003,13,13,OK
2025-01-04,B05,HOU002,24,30,OK
2025-01-04,B05,BEV004,27,37,OK
2025-01-04,B06,DES002,25,28,OK
2025-01-04,B06,SNK003,0,4,OK
2025-01-04,B06,HOU001,8,10,OK
2025-01-04,B06,DES003,17,22,OK
2025-01-04,B06,RTE003,8,15,OK
2025-01-04,B06,HOU003,10,9,OK
2025-01-04,B06,HOU002,19,21,LOW
2025-01-04,B06,BEV004,33,39,OK
2025-01-05,B01,SNK003,8,11,OK
2025-01-05,B01,RTE003,17,25,OK
2025-01-05,B01,RTE004,17,19,OK
2025-01-05,B01,SNK004,28,32,OK
2025-01-05,B01,RTE001,16,22,OK
2025-01-05,B01,BEV002,23,32,OK
2025-01-05,B01,HOU002,15,23,OK
2025-01-05,B01,BEV004,3,1,LOW
2025-01-05,B02,SNK003,33,35,LOW
2025-01-05,B02,RTE003,20,25,OK
2025-01-05,B02,RTE004,15,24,OK
2025-01-05,B02,SNK004,1,5,OK
2025-01-05,B02,RTE001,7,12,OK
2025-01-05,B02,BEV002,18,23,OK
2025-01-05,B02,HOU002,14,22,LOW
2025-01-05,B02,BEV004,19,27,LOW
2025-01-05,B03,SNK003,23,30,OK
2025-01-05,B03,RTE003,18,23,OK
2025-01-05,B03,RTE004,15,16,OK
2025-01-05,B03,SNK004,7,7,OK
2025-01-05,B03,RTE001,12,18,OK
2025-01-05,B03,BEV002,31,37,OK
2025-01-05,B03,HOU002,9,11,LOW
2025-01-05,B03,BEV004,30,33,OK
2025-01-05,B04,SNK003,18,23,OK
2025-01-05,B04,RTE003,9,13,OK
2025-01-05,B04,RTE004,27,37,OK
2025-01-05,B04,SNK004,28,33,OK
2025-01-05,B04,RTE001,21,27,LOW
2025-01-05,B04,BEV002,10,11,OK
2025-01-05,B04,HOU002,19,22,OK
2025-01-05,B04,BEV004,28,34,LOW
2025-01-05,B05,SNK003,20,20,OK
2025-01-05,B05,RTE003,11,18,OK
2025-01-05,B05,RTE004,28,35,OK
2025-01-05,B05,SNK004,18,24,OK
2025-01-05,B05,RTE001,15,18,LOW
2025-01-05,B05,BEV002,35,36,OK
2025-01-05,B05,HOU002,16,18,LOW
2025-01-05,B05,BEV004,12,12,LOW
2025-01-05,B06,SNK003,24,28,OK
2025-01-05,B06,RTE003,26,32,OK
2025-01-05,B06,RTE004,17,24,LOW
2025-01-05,B06,SNK004,19,25,OK
2025-01-05,B06,RTE001,20,27,LOW
2025-01-05,B06,BEV002,19,30,LOW
2025-01-05,B06,HOU002,37,37,LOW
2025-01-05,B06,BEV004,2,8,OOS
2025-01-06,B01,DES001,19,24,LOW
2025-01-06,B01,HOU002,19,30,OK
2025-01-06,B01,SNK002,9,16,LOW
2025-01-06,B01,DES002,21,25,OK
2025-01-06,B01,SNK001,26,33,OK
2025-01-06,B01,BEV003,15,21,OK
2025-01-06,B01,HOU001,22,27,LOW
2025-01-06,B01,RTE001,9,10,LOW
2025-01-06,B02,DES001,33,39,OK
2025-01-06,B02,HOU002,24,36,LOW
2025-01-06,B02,SNK002,20,24,LOW
2025-01-06,B02,DES002,21,25,OK
2025-01-06,B02,SNK001,18,23,LOW
2025-01-06,B02,BEV003,29,36,LOW
2025-01-06,B02,HOU001,17,23,OK
2025-01-06,B02,RTE001,21,21,OK
2025-01-06,B03,DES001,14,21,OK
2025-01-06,B03,HOU002,7,17,OK
2025-01-06,B03,SNK002,16,18,OK
2025-01-06,B03,DES002,19,19,OK
2025-01-06,B03,SNK001,24,25,OK
2025-01-06,B03,BEV003,18,22,LOW
2025-01-06,B03,HOU001,19,21,LOW
2025-01-06,B03,RTE001,27,33,LOW
2025-01-06,B04,DES001,20,24,OK
2025-01-06,B04,HOU002,18,23,OK
2025-01-06,B04,SNK002,14,23,OK
2025-01-06,B04,DES002,27,32,OK
2025-01-06,B04,SNK001,12,11,OK
2025-01-06,B04,BEV003,1,1,OOS
2025-01-06,B04,HOU001,16,28,OK
2025-01-06,B04,RTE001,25,23,OK
2025-01-06,B05,DES001,14,19,LOW
2025-01-06,B05,HOU002,18,19,LOW
2025-01-06,B05,SNK002,14,18,OK
2025-01-06,B05,DES002,13,20,OK
2025-01-06,B05,SNK001,28,29,OK
2025-01-06,B05,BEV003,19,23,OK
2025-01-06,B05,HOU001,15,22,LOW
2025-01-06,B05,RTE001,10,14,LOW
2025-01-06,B06,DES001,18,26,LOW
2025-01-06,B06,HOU002,7,9,LOW
2025-01-06,B06,SNK002,13,15,OK
2025-01-06,B06,DES002,2,6,LOW
2025-01-06,B06,SNK001,11,11,OK
2025-01-06,B06,BEV003,6,12,OK
2025-01-06,B06,HOU001,14,18,OK
2025-01-06,B06,RTE001,10,11,LOW
2025-01-07,B01,RTE001,20,27,LOW
2025-01-07,B01,HOU001,23,24,LOW
2025-01-07,B01,SNK004,21,27,OK
2025-01-07,B01,RTE003,12,15,OK
2025-01-07,B01,SNK002,15,21,LOW
2025-01-07,B01,BEV004,22,26,LOW
2025-01-07,B01,BEV001,24,30,OK
2025-01-07,B01,BEV002,21,21,OK
2025-01-07,B02,RTE001,17,23,OK
2025-01-07,B02,HOU001,14,25,OK
2025-01-07,B02,SNK004,25,30,OK
2025-01-07,B02,RTE003,14,15,LOW
2025-01-07,B02,SNK002,17,22,OK
2025-01-07,B02,BEV004,11,14,LOW
2025-01-07,B02,BEV001,18,28,LOW
2025-01-07,B02,BEV002,6,8,OK
2025-01-07,B03,RTE001,24,25,LOW
2025-01-07,B03,HOU001,28,29,LOW
2025-01-07,B03,SNK004,13,16,OK
2025-01-07,B03,RTE003,12,14,OK
2025-01-07,B03,SNK002,17,26,OK
2025-01-07,B03,BEV004,18,26,LOW
2025-01-07,B03,BEV001,13,16,OK
2025-01-07,B03,BEV002,16,21,OK
2025-01-07,B04,RTE001,6,10,OK
2025-01-07,B04,HOU001,23,26,OK
2025-01-07,B04,SNK004,10,17,OK
2025-01-07,B04,RTE003,27,32,OK
2025-01-07,B04,SNK002,13,10,OK
2025-01-07,B04,BEV004,14,18,LOW
2025-01-07,B04,BEV001,12,17,OK
2025-01-07,B04,BEV002,6,10,OK
2025-01-07,B05,RTE001,9,13,OK
2025-01-07,B05,HOU001,21,30,OK
2025-01-07,B05,SNK004,0,4,OOS
2025-01-07,B05,RTE003,25,29,OK
2025-01-07,B05,SNK002,17,24,OK
2025-01-07,B05,BEV004,26,31,OK
2025-01-07,B05,BEV001,9,10,LOW
2025-01-07,B05,BEV002,17,24,LOW
2025-01-07,B06,RTE001,1,10,OK
2025-01-07,B06,HOU001,38,42,OK
2025-01-07,B06,SNK004,18,24,OK
2025-01-07,B06,RTE003,22,23,OK
2025-01-07,B06,SNK002,9,10,OK
2025-01-07,B06,BEV004,11,19,OK
2025-01-07,B06,BEV001,11,16,LOW
2025-01-07,B06,BEV002,9,9,OK
2025-01-08,B01,HOU003,8,17,OK
2025-01-08,B01,SNK001,14,14,OK
2025-01-08,B01,HOU002,14,15,LOW
2025-01-08,B01,BEV004,20,22,LOW
2025-01-08,B01,DES001,15,23,OK
2025-01-08,B01,SNK002,15,19,OK
2025-01-08,B01,RTE003,21,28,OK
2025-01-08,B01,RTE001,32,38,OK
2025-01-08,B02,HOU003,18,21,OK
2025-01-08,B02,SNK001,17,21,OK
2025-01-08,B02,HOU002,18,24,OK
2025-01-08,B02,BEV004,17,23,OK
2025-01-08,B02,DES001,21,24,OK
2025-01-08,B02,SNK002,15,21,OK
2025-01-08,B02,RTE003,19,22,LOW
2025-01-08,B02,RTE001,7,8,LOW
2025-01-08,B03,HOU003,26,28,LOW
2025-01-08,B03,SNK001,20,23,LOW
2025-01-08,B03,HOU002,18,24,OK
2025-01-08,B03,BEV004,16,19,OK
2025-01-08,B03,DES001,17,24,OK
2025-01-08,B03,SNK002,7,12,OK
2025-01-08,B03,RTE003,13,18,OK
2025-01-08,B03,RTE001,18,24,LOW
2025-01-08,B04,HOU003,18,22,OK
2025-01-08,B04,SNK001,7,12,LOW
2025-01-08,B04,HOU002,15,23,OK
2025-01-08,B04,BEV004,0,8,OK
2025-01-08,B04,DES001,21,28,LOW
2025-01-08,B04,SNK002,28,33,LOW
2025-01-08,B04,RTE003,15,8,OK
2025-01-08,B04,RTE001,8,12,OK
2025-01-08,B05,HOU003,30,36,LOW
2025-01-08,B05,SNK001,20,25,LOW
2025-01-08,B05,HOU002,11,18,LOW
2025-01-08,B05,BEV004,1,3,LOW
2025-01-08,B05,DES001,10,16,LOW
2025-01-08,B05,SNK002,24,29,OK
2025-01-08,B05,RTE003,21,23,LOW
2025-01-08,B05,RTE001,34,38,OK
2025-01-08,B06,HOU003,29,33,OK
2025-01-08,B06,SNK001,14,21,OK
2025-01-08,B06,HOU002,32,42,OK
2025-01-08,B06,BEV004,18,22,LOW
2025-01-08,B06,DES001,10,13,LOW
2025-01-08,B06,SNK002,24,29,OK
2025-01-08,B06,RTE003,32,38,OK
2025-01-08,B06,RTE001,8,10,LOW
2025-01-09,B01,DES003,27,29,LOW
2025-01-09,B01,RTE001,25,33,LOW
2025-01-09,B01,HOU002,8,10,OK
2025-01-09,B01,HOU003,28,34,LOW
2025-01-09,B01,DES001,18,21,OK
2025-01-09,B01,BEV004,23,25,OK
2025-01-09,B01,SNK003,28,30,OK
2025-01-09,B01,BEV002,21,24,OK
2025-01-09,B02,DES003,12,16,OK
2025-01-09,B02,RTE001,18,23,OK
2025-01-09,B02,HOU002,7,13,OK
2025-01-09,B02,HOU003,8,13,OK
2025-01-09,B02,DES001,19,20,LOW
2025-01-09,B02,BEV004,25,28,OK
2025-01-09,B02,SNK003,13,14,LOW
2025-01-09,B02,BEV002,27,31,OK
2025-01-09,B03,DES003,14,18,OK
2025-01-09,B03,RTE001,19,25,OK
2025-01-09,B03,HOU002,17,22,LOW
2025-01-09,B03,HOU003,33,43,OK
2025-01-09,B03,DES001,18,24,OK
2025-01-09,B03,BEV004,30,35,OK
2025-01-09,B03,SNK003,5,11,OK
2025-01-09,B03,BEV002,9,17,LOW
2025-01-09,B04,DES003,25,26,OK
2025-01-09,B04,RTE001,15,23,OK
2025-01-09,B04,HOU002,0,6,LOW
2025-01-09,B04,HOU003,20,24,OK
2025-01-09,B04,DES001,19,24,LOW
2025-01-09,B04,BEV004,13,14,OK
2025-01-09,B04,SNK003,13,22,OK
2025-01-09,B04,BEV002,32,35,LOW
2025-01-09,B05,DES003,25,31,LOW
2025-01-09,B05,RTE001,16,17,OK
2025-01-09,B05,HOU002,26,35,OK
2025-01-09,B05,HOU003,22,26,OK
2025-01-09,B05,DES001,4,9,OK
2025-01-09,B05,BEV004,31,34,LOW
2025-01-09,B05,SNK003,14,21,LOW
2025-01-09,B05,BEV002,30,34,LOW
2025-01-09,B06,DES003,12,20,OK
2025-01-09,B06,RTE001,23,24,OK
2025-01-09,B06,HOU002,0,0,OK
2025-01-09,B06,HOU003,9,17,LOW
2025-01-09,B06,DES001,18,20,OK
2025-01-09,B06,BEV004,17,22,OK
2025-01-09,B06,SNK003,17,23,OK
2025-01-09,B06,BEV002,16,22,LOW
2025-01-10,B01,RTE001,31,42,LOW
2025-01-10,B01,BEV001,10,8,OK
2025-01-10,B01,BEV004,8,12,OK
2025-01-10,B01,BEV002,19,22,LOW
2025-01-10,B01,DES003,23,27,LOW
2025-01-10,B01,SNK002,25,31,LOW
2025-01-10,B01,RTE003,19,26,OK
2025-01-10,B01,HOU002,20,21,OK
2025-01-10,B02,RTE001,10,14,OK
2025-01-10,B02,BEV001,19,27,OK
2025-01-10,B02,BEV004,25,27,OK
2025-01-10,B02,BEV002,12,16,OK
2025-01-10,B02,DES003,19,25,LOW
2025-01-10,B02,SNK002,15,23,OK
2025-01-10,B02,RTE003,10,17,OK
2025-01-10,B02,HOU002,18,29,OK
2025-01-10,B03,RTE001,15,21,LOW
2025-01-10,B03,BEV001,14,19,OK
2025-01-10,B03,BEV004,11,14,LOW
2025-01-10,B03,BEV002,15,19,OK
2025-01-10,B03,DES003,34,38,OK
2025-01-10,B03,SNK002,13,16,OK
2025-01-10,B03,RTE003,0,8,OOS
2025-01-10,B03,HOU002,26,23,OK
2025-01-10,B04,RTE001,22,24,OK
2025-01-10,B04,BEV001,16,21,OK
2025-01-10,B04,BEV004,2,4,LOW
2025-01-10,B04,BEV002,2,7,OK
2025-01-10,B04,DES003,25,26,OK
2025-01-10,B04,SNK002,17,20,OK
2025-01-10,B04,RTE003,7,10,LOW
2025-01-10,B04,HOU002,12,16,OK
2025-01-10,B05,RTE001,13,19,LOW
2025-01-10,B05,BEV001,18,23,OK
2025-01-10,B05,BEV004,20,24,LOW
2025-01-10,B05,BEV002,30,31,OK
2025-01-10,B05,DES003,17,25,LOW
2025-01-10,B05,SNK002,3,1,OK
2025-01-10,B05,RTE003,23,29,OK
2025-01-10,B05,HOU002,29,32,OK
2025-01-10,B06,RTE001,10,13,LOW
2025-01-10,B06,BEV001,23,29,OK
2025-01-10,B06,BEV004,12,18,OK
2025-01-10,B06,BEV002,20,26,OK
2025-01-10,B06,DES003,32,33,OK
2025-01-10,B06,SNK002,16,19,OK
2025-01-10,B06,RTE003,26,35,OK
2025-01-10,B06,HOU002,32,34,LOW
2025-01-11,B01,SNK004,23,30,OK
2025-01-11,B01,DES003,25,28,OK
2025-01-11,B01,BEV002,11,13,OK
2025-01-11,B01,HOU003,15,21,OK
2025-01-11,B01,DES002,14,17,OK
2025-01-11,B01,BEV001,17,20,OK
2025-01-11,B01,RTE003,13,17,OK
2025-01-11,B01,SNK001,17,25,OK
2025-01-11,B02,SNK004,28,33,OK
2025-01-11,B02,DES003,15,21,OK
2025-01-11,B02,BEV002,24,31,OK
2025-01-11,B02,HOU003,34,44,OK
2025-01-11,B02,DES002,8,9,OK
2025-01-11,B02,BEV001,3,5,OK
2025-01-11,B02,RTE003,17,24,OK
2025-01-11,B02,SNK001,12,17,OK
2025-01-11,B03,SNK004,21,25,OK
2025-01-11,B03,DES003,13,18,LOW
2025-01-11,B03,BEV002,22,26,LOW
2025-01-11,B03,HOU003,32,37,OK
2025-01-11,B03,DES002,9,13,LOW
2025-01-11,B03,BEV001,16,23,OK
2025-01-11,B03,RTE003,22,25,LOW
2025-01-11,B03,SNK001,24,34,LOW
2025-01-11,B04,SNK004,19,19,OK
2025-01-11,B04,DES003,5,6,LOW
2025-01-11,B04,BEV002,16,15,OK
2025-01-11,B04,HOU003,21,29,LOW
2025-01-11,B04,DES002,14,17,OK
2025-01-11,B04,BEV001,18,24,LOW
2025-01-11,B04,RTE003,2,6,OK
2025-01-11,B04,SNK001,10,14,OK
2025-01-11,B05,SNK004,26,25,OK
2025-01-11,B05,DES003,24,30,OK
2025-01-11,B05,BEV002,25,33,OK
2025-01-11,B05,HOU003,23,33,OK
2025-01-11,B05,DES002,30,36,LOW
2025-01-11,B05,BEV001,17,21,LOW
2025-01-11,B05,RTE003,37,38,OK
2025-01-11,B05,SNK001,27,35,OK
2025-01-11,B06,SNK004,20,19,LOW
2025-01-11,B06,DES003,18,21,OK
2025-01-11,B06,BEV002,26,30,LOW
2025-01-11,B06,HOU003,32,37,OK
2025-01-11,B06,DES002,38,44,OK
2025-01-11,B06,BEV001,14,17,OK
2025-01-11,B06,RTE003,17,27,OK
2025-01-11,B06,SNK001,36,41,LOW
2025-01-12,B01,DES003,18,23,LOW
2025-01-12,B01,HOU002,12,14,OK
2025-01-12,B01,BEV003,16,19,OK
2025-01-12,B01,SNK004,17,21,OK
2025-01-12,B01,RTE002,7,12,OK
2025-01-12,B01,SNK001,21,26,OK
2025-01-12,B01,SNK003,12,16,OK
2025-01-12,B01,DES002,24,32,LOW
2025-01-12,B02,DES003,2,11,OK
2025-01-12,B02,HOU002,25,28,OK
2025-01-12,B02,BEV003,9,11,OK
2025-01-12,B02,SNK004,2,11,LOW
2025-01-12,B02,RTE002,14,20,OK
2025-01-12,B02,SNK001,14,13,LOW
2025-01-12,B02,SNK003,23,21,OK
2025-01-12,B02,DES002,19,23,LOW
2025-01-12,B03,DES003,25,33,OK
2025-01-12,B03,HOU002,18,26,LOW
2025-01-12,B03,BEV003,21,26,OK
2025-01-12,B03,SNK004,25,31,LOW
2025-01-12,B03,RTE002,15,18,OK
2025-01-12,B03,SNK001,31,35,OK
2025-01-12,B03,SNK003,8,8,OK
2025-01-12,B03,DES002,29,34,OK
2025-01-12,B04,DES003,27,29,LOW
2025-01-12,B04,HOU002,0,3,OOS
2025-01-12,B04,BEV003,21,26,OK
2025-01-12,B04,SNK004,0,7,LOW
2025-01-12,B04,RTE002,23,29,OK
2025-01-12,B04,SNK001,25,32,LOW
2025-01-12,B04,SNK003,20,24,LOW
2025-01-12,B04,DES002,13,17,OK
2025-01-12,B05,DES003,1,5,LOW
2025-01-12,B05,HOU002,12,15,LOW
2025-01-12,B05,BEV003,26,32,OK
2025-01-12,B05,SNK004,9,11,LOW
2025-01-12,B05,RTE002,10,17,OK
2025-01-12,B05,SNK001,8,13,LOW
2025-01-12,B05,SNK003,3,8,OK
2025-01-12,B05,DES002,18,25,LOW
2025-01-12,B06,DES003,0,2,LOW
2025-01-12,B06,HOU002,25,30,OK
2025-01-12,B06,BEV003,14,21,OK
2025-01-12,B06,SNK004,12,25,OK
2025-01-12,B06,RTE002,19,24,LOW
2025-01-12,B06,SNK001,32,39,OK
2025-01-12,B06,SNK003,12,13,OK
2025-01-12,B06,DES002,9,18,LOW
2025-01-13,B01,HOU003,21,33,LOW
2025-01-13,B01,SNK002,25,28,LOW
2025-01-13,B01,RTE001,10,18,LOW
2025-01-13,B01,SNK004,13,16,LOW
2025-01-13,B01,DES003,31,39,OK
2025-01-13,B01,BEV001,16,25,LOW
2025-01-13,B01,DES002,21,25,OK
2025-01-13,B01,RTE004,31,36,LOW
2025-01-13,B02,HOU003,23,30,LOW
2025-01-13,B02,SNK002,27,36,OK
2025-01-13,B02,RTE001,25,27,OK
2025-01-13,B02,SNK004,25,26,OK
2025-01-13,B02,DES003,16,18,OK
2025-01-13,B02,BEV001,7,11,LOW
2025-01-13,B02,DES002,11,20,OK
2025-01-13,B02,RTE004,13,19,LOW
2025-01-13,B03,HOU003,16,22,LOW
2025-01-13,B03,SNK002,13,19,OK
2025-01-13,B03,RTE001,11,21,OK
2025-01-13,B03,SNK004,23,27,OK
2025-01-13,B03,DES003,33,33,OK
2025-01-13,B03,BEV001,27,33,OK
2025-01-13,B03,DES002,14,22,OK
2025-01-13,B03,RTE004,0,2,OOS
2025-01-13,B04,HOU003,23,23,OK
2025-01-13,B04,SNK002,12,18,LOW
2025-01-13,B04,RTE001,14,16,OK
2025-01-13,B04,SNK004,13,14,OK
2025-01-13,B04,DES003,10,16,LOW
2025-01-13,B04,BEV001,8,11,OK
2025-01-13,B04,DES002,27,31,OK
2025-01-13,B04,RTE004,19,17,LOW
2025-01-13,B05,HOU003,12,20,OK
2025-01-13,B05,SNK002,21,28,OK
2025-01-13,B05,RTE001,22,23,OK
2025-01-13,B05,SNK004,14,16,OK
2025-01-13,B05,DES003,28,24,OK
2025-01-13,B05,BEV001,11,13,LOW
2025-01-13,B05,DES002,22,33,OK
2025-01-13,B05,RTE004,22,30,LOW
2025-01-13,B06,HOU003,26,33,LOW
2025-01-13,B06,SNK002,16,20,OK
2025-01-13,B06,RTE001,18,23,LOW
2025-01-13,B06,SNK004,17,21,OK
2025-01-13,B06,DES003,15,20,OK
2025-01-13,B06,BEV001,15,18,OK
2025-01-13,B06,DES002,19,20,LOW
2025-01-13,B06,RTE004,25,27,OK
2025-01-14,B01,HOU002,10,13,OK
2025-01-14,B01,DES002,23,30,LOW
2025-01-14,B01,SNK002,20,25,OK
2025-01-14,B01,BEV002,26,29,OK
2025-01-14,B01,SNK001,7,8,OK
2025-01-14,B01,BEV004,10,11,LOW
2025-01-14,B01,HOU003,12,21,OK
2025-01-14,B01,BEV001,17,22,LOW
2025-01-14,B02,HOU002,32,40,LOW
2025-01-14,B02,DES002,22,27,LOW
2025-01-14,B02,SNK002,15,20,OK
2025-01-14,B02,BEV002,0,1,LOW
2025-01-14,B02,SNK001,23,28,OK
2025-01-14,B02,BEV004,35,41,OK
2025-01-14,B02,HOU003,11,21,OK
2025-01-14,B02,BEV001,14,22,OK
2025-01-14,B03,HOU002,20,24,LOW
2025-01-14,B03,DES002,8,16,OK
2025-01-14,B03,SNK002,11,17,LOW
2025-01-14,B03,BEV002,3,8,OK
2025-01-14,B03,SNK001,22,27,OK
2025-01-14,B03,BEV004,26,38,OK
2025-01-14,B03,HOU003,11,17,OK
2025-01-14,B03,BEV001,10,14,OK
2025-01-14,B04,HOU002,6,4,OK
2025-01-14,B04,DES002,21,23,OK
2025-01-14,B04,SNK002,11,18,OK
2025-01-14,B04,BEV002,18,23,LOW
2025-01-14,B04,SNK001,32,37,OK
2025-01-14,B04,BEV004,17,20,OK
2025-01-14,B04,HOU003,4,7,LOW
2025-01-14,B04,BEV001,3,9,OK
2025-01-14,B05,HOU002,22,29,LOW
2025-01-14,B05,DES002,8,15,LOW
2025-01-14,B05,SNK002,23,35,LOW
2025-01-14,B05,BEV002,22,32,LOW
2025-01-14,B05,SNK001,26,34,OK
2025-01-14,B05,BEV004,10,13,OK
2025-01-14,B05,HOU003,10,14,LOW
2025-01-14,B05,BEV001,21,31,OK
2025-01-14,B06,HOU002,16,19,OK
2025-01-14,B06,DES002,16,15,OK
2025-01-14,B06,SNK002,12,13,OK
2025-01-14,B06,BEV002,30,35,LOW
2025-01-14,B06,SNK001,24,34,OK
2025-01-14,B06,BEV004,24,34,OK
2025-01-14,B06,HOU003,10,13,LOW
2025-01-14,B06,BEV001,18,21,LOW
2025-01-15,B01,DES002,15,21,OK
2025-01-15,B01,HOU002,21,23,OK
2025-01-15,B01,BEV004,3,11,LOW
2025-01-15,B01,DES001,29,29,OK
2025-01-15,B01,BEV001,22,26,OK
2025-01-15,B01,RTE001,12,12,OK
2025-01-15,B01,DES003,19,23,LOW
2025-01-15,B01,SNK004,16,18,OK
2025-01-15,B02,DES002,11,19,OK
2025-01-15,B02,HOU002,16,23,LOW
2025-01-15,B02,BEV004,16,16,OK
2025-01-15,B02,DES001,8,15,OK
2025-01-15,B02,BEV001,20,27,OK
2025-01-15,B02,RTE001,17,18,LOW
2025-01-15,B02,DES003,14,17,OK
2025-01-15,B02,SNK004,6,8,OK
2025-01-15,B03,DES002,28,30,LOW
2025-01-15,B03,HOU002,17,22,LOW
2025-01-15,B03,BEV004,17,22,LOW
2025-01-15,B03,DES001,16,20,OK
2025-01-15,B03,BEV001,17,21,OK
2025-01-15,B03,RTE001,22,33,LOW
2025-01-15,B03,DES003,25,28,LOW
2025-01-15,B03,SNK004,7,15,OK
2025-01-15,B04,DES002,17,23,OK
2025-01-15,B04,HOU002,11,16,LOW
2025-01-15,B04,BEV004,16,15,LOW
2025-01-15,B04,DES001,11,13,LOW
2025-01-15,B04,BEV001,15,16,LOW
2025-01-15,B04,RTE001,25,25,OK
2025-01-15,B04,DES003,18,22,LOW
2025-01-15,B04,SNK004,22,23,OK
2025-01-15,B05,DES002,0,2,OOS
2025-01-15,B05,HOU002,18,25,OK
2025-01-15,B05,BEV004,21,28,OK
2025-01-15,B05,DES001,20,27,OK
2025-01-15,B05,BEV001,14,15,OK
2025-01-15,B05,RTE001,18,25,LOW
2025-01-15,B05,DES003,16,19,LOW
2025-01-15,B05,SNK004,13,20,LOW
2025-01-15,B06,DES002,24,32,OK
2025-01-15,B06,HOU002,15,18,OK
2025-01-15,B06,BEV004,18,21,LOW
2025-01-15,B06,DES001,30,41,OK
2025-01-15,B06,BEV001,19,22,OK
2025-01-15,B06,RTE001,27,32,OK
2025-01-15,B06,DES003,24,29,OK
2025-01-15,B06,SNK004,23,29,OK
2025-01-16,B01,HOU002,22,29,LOW
2025-01-16,B01,RTE002,14,20,OK
2025-01-16,B01,BEV001,26,31,OK
2025-01-16,B01,DES001,28,35,LOW
2025-01-16,B01,BEV002,14,18,OK
2025-01-16,B01,BEV003,26,30,LOW
2025-01-16,B01,SNK004,14,21,OK
2025-01-16,B01,SNK001,11,12,LOW
2025-01-16,B02,HOU002,14,17,OK
2025-01-16,B02,RTE002,29,36,OK
2025-01-16,B02,BEV001,20,19,OK
2025-01-16,B02,DES001,4,14,LOW
2025-01-16,B02,BEV002,28,27,OK
2025-01-16,B02,BEV003,28,35,OK
2025-01-16,B02,SNK004,17,19,OK
2025-01-16,B02,SNK001,13,15,OK
2025-01-16,B03,HOU002,11,18,OK
2025-01-16,B03,RTE002,21,24,OK
2025-01-16,B03,BEV001,28,33,LOW
2025-01-16,B03,DES001,48,46,OK
2025-01-16,B03,BEV002,33,33,OK
2025-01-16,B03,BEV003,6,13,OK
2025-01-16,B03,SNK004,9,11,OK
2025-01-16,B03,SNK001,16,19,OK
2025-01-16,B04,HOU002,12,14,OK
2025-01-16,B04,RTE002,23,25,OK
2025-01-16,B04,BEV001,17,21,LOW
2025-01-16,B04,DES001,26,26,OK
2025-01-16,B04,BEV002,19,24,OK
2025-01-16,B04,BEV003,9,13,OK
2025-01-16,B04,SNK004,18,23,OK
2025-01-16,B04,SNK001,21,24,OK
2025-01-16,B05,HOU002,32,37,LOW
2025-01-16,B05,RTE002,14,20,OK
2025-01-16,B05,BEV001,8,12,OK
2025-01-16,B05,DES001,35,38,OK
2025-01-16,B05,BEV002,38,41,LOW
2025-01-16,B05,BEV003,30,37,LOW
2025-01-16,B05,SNK004,13,14,OK
2025-01-16,B05,SNK001,10,13,OK
2025-01-16,B06,HOU002,6,11,OK
2025-01-16,B06,RTE002,24,26,LOW
2025-01-16,B06,BEV001,23,28,LOW
2025-01-16,B06,DES001,17,17,OK
2025-01-16,B06,BEV002,13,15,LOW
2025-01-16,B06,BEV003,25,29,OK
2025-01-16,B06,SNK004,10,13,OK
2025-01-16,B06,SNK001,20,32,OK
2025-01-17,B01,BEV003,14,18,OK
2025-01-17,B01,RTE001,14,17,LOW
2025-01-17,B01,RTE003,17,25,LOW
2025-01-17,B01,BEV001,8,13,LOW
2025-01-17,B01,DES002,25,32,LOW
2025-01-17,B01,DES001,3,5,LOW
2025-01-17,B01,RTE002,25,31,LOW
2025-01-17,B01,SNK003,5,8,OK
2025-01-17,B02,BEV003,3,2,LOW
2025-01-17,B02,RTE001,30,38,OK
2025-01-17,B02,RTE003,0,2,OK
2025-01-17,B02,BEV001,5,8,OK
2025-01-17,B02,DES002,10,17,OK
2025-01-17,B02,DES001,18,25,OK
2025-01-17,B02,RTE002,12,9,OK
2025-01-17,B02,SNK003,14,23,OK
2025-01-17,B03,BEV003,20,24,OK
2025-01-17,B03,RTE001,1,3,LOW
2025-01-17,B03,RTE003,24,33,OK
2025-01-17,B03,BEV001,22,22,OK
2025-01-17,B03,DES002,19,22,OK
2025-01-17,B03,DES001,8,12,OK
2025-01-17,B03,RTE002,17,21,LOW
2025-01-17,B03,SNK003,13,20,OK
2025-01-17,B04,BEV003,19,22,LOW
2025-01-17,B04,RTE001,18,25,LOW
2025-01-17,B04,RTE003,3,9,LOW
2025-01-17,B04,BEV001,4,10,OK
2025-01-17,B04,DES002,29,37,OK
2025-01-17,B04,DES001,28,38,LOW
2025-01-17,B04,RTE002,10,10,LOW
2025-01-17,B04,SNK003,25,27,LOW
2025-01-17,B05,BEV003,18,20,OK
2025-01-17,B05,RTE001,25,30,OK
2025-01-17,B05,RTE003,8,13,OK
2025-01-17,B05,BEV001,18,22,OK
2025-01-17,B05,DES002,9,11,LOW
2025-01-17,B05,DES001,10,17,OK
2025-01-17,B05,RTE002,14,15,OK
2025-01-17,B05,SNK003,25,27,OK
2025-01-17,B06,BEV003,11,18,OK
2025-01-17,B06,RTE001,26,28,OK
2025-01-17,B06,RTE003,21,31,LOW
2025-01-17,B06,BEV001,7,12,OK
2025-01-17,B06,DES002,24,28,OK
2025-01-17,B06,DES001,11,14,OK
2025-01-17,B06,RTE002,18,29,LOW
2025-01-17,B06,SNK003,22,27,LOW
2025-01-18,B01,SNK004,22,29,OK
2025-01-18,B01,BEV003,11,15,LOW
2025-01-18,B01,BEV001,8,11,OK
2025-01-18,B01,BEV004,20,24,LOW
2025-01-18,B01,DES003,20,24,OK
2025-01-18,B01,SNK002,19,19,LOW
2025-01-18,B01,BEV002,29,37,OK
2025-01-18,B01,RTE003,31,30,LOW
2025-01-18,B02,SNK004,36,44,OK
2025-01-18,B02,BEV003,17,18,LOW
2025-01-18,B02,BEV001,18,29,LOW
2025-01-18,B02,BEV004,15,20,OK
2025-01-18,B02,DES003,10,9,OK
2025-01-18,B02,SNK002,1,5,OK
2025-01-18,B02,BEV002,22,26,OK
2025-01-18,B02,RTE003,34,39,OK
2025-01-18,B03,SNK004,11,17,OK
2025-01-18,B03,BEV003,27,30,OK
2025-01-18,B03,BEV001,15,22,LOW
2025-01-18,B03,BEV004,7,10,OK
2025-01-18,B03,DES003,22,27,OK
2025-01-18,B03,SNK002,12,15,OK
2025-01-18,B03,BEV002,25,29,LOW
2025-01-18,B03,RTE003,3,10,OK
2025-01-18,B04,SNK004,21,23,OK
2025-01-18,B04,BEV003,17,24,OK
2025-01-18,B04,BEV001,18,18,OK
2025-01-18,B04,BEV004,16,18,OK
2025-01-18,B04,DES003,1,8,LOW
2025-01-18,B04,SNK002,25,26,OK
2025-01-18,B04,BEV002,18,24,OK
2025-01-18,B04,RTE003,15,19,LOW
2025-01-18,B05,SNK004,15,21,OK
2025-01-18,B05,BEV003,16,25,OK
2025-01-18,B05,BEV001,6,5,OK
2025-01-18,B05,BEV004,11,21,OK
2025-01-18,B05,DES003,13,15,LOW
2025-01-18,B05,SNK002,19,22,OK
2025-01-18,B05,BEV002,18,21,LOW
2025-01-18,B05,RTE003,13,21,LOW
2025-01-18,B06,SNK004,2,11,OK
2025-01-18,B06,BEV003,24,29,LOW
2025-01-18,B06,BEV001,20,24,LOW
2025-01-18,B06,BEV004,14,13,OK
2025-01-18,B06,DES003,21,26,OK
2025-01-18,B06,SNK002,2,5,LOW
2025-01-18,B06,BEV002,21,23,LOW
2025-01-18,B06,RTE003,11,10,OK
2025-01-19,B01,DES003,12,13,OK
2025-01-19,B01,BEV002,19,28,LOW
2025-01-19,B01,SNK004,15,20,LOW
2025-01-19,B01,HOU001,12,21,LOW
2025-01-19,B01,SNK002,11,16,LOW
2025-01-19,B01,RTE004,11,15,OK
2025-01-19,B01,DES001,27,32,LOW
2025-01-19,B01,SNK001,25,22,OK
2025-01-19,B02,DES003,23,27,OK
2025-01-19,B02,BEV002,28,31,OK
2025-01-19,B02,SNK004,26,32,LOW
2025-01-19,B02,HOU001,19,21,LOW
2025-01-19,B02,SNK002,14,20,OK
2025-01-19,B02,RTE004,28,28,OK
2025-01-19,B02,DES001,10,14,LOW
2025-01-19,B02,SNK001,19,32,OK
2025-01-19,B03,DES003,22,33,OK
2025-01-19,B03,BEV002,11,16,OK
2025-01-19,B03,SNK004,28,36,OK
2025-01-19,B03,HOU001,24,22,LOW
2025-01-19,B03,SNK002,19,23,LOW
2025-01-19,B03,RTE004,5,14,OK
2025-01-19,B03,DES001,28,31,OK
2025-01-19,B03,SNK001,19,24,LOW
2025-01-19,B04,DES003,12,17,OK
2025-01-19,B04,BEV002,14,21,OK
2025-01-19,B04,SNK004,10,24,OK
2025-01-19,B04,HOU001,32,36,OK
2025-01-19,B04,SNK002,28,28,OK
2025-01-19,B04,RTE004,22,26,OK
2025-01-19,B04,DES001,16,23,OK
2025-01-19,B04,SNK001,22,25,OK
2025-01-19,B05,DES003,13,14,OK
2025-01-19,B05,BEV002,18,23,OK
2025-01-19,B05,SNK004,25,26,OK
2025-01-19,B05,HOU001,20,19,OK
2025-01-19,B05,SNK002,13,18,OK
2025-01-19,B05,RTE004,12,12,OK
2025-01-19,B05,DES001,19,23,OK
2025-01-19,B05,SNK001,25,33,OK
2025-01-19,B06,DES003,18,19,OK
2025-01-19,B06,BEV002,24,30,LOW
2025-01-19,B06,SNK004,14,12,OK
2025-01-19,B06,HOU001,13,16,LOW
2025-01-19,B06,SNK002,17,21,LOW
2025-01-19,B06,RTE004,9,11,LOW
2025-01-19,B06,DES001,19,24,OK
2025-01-19,B06,SNK001,21,26,OK
2025-01-20,B01,SNK003,27,31,OK
2025-01-20,B01,BEV003,23,32,OK
2025-01-20,B01,RTE002,11,13,OK
2025-01-20,B01,BEV002,2,5,OK
2025-01-20,B01,RTE004,14,20,OK
2025-01-20,B01,DES001,17,19,OK
2025-01-20,B01,HOU002,24,29,OK
2025-01-20,B01,SNK004,18,23,LOW
2025-01-20,B02,SNK003,24,28,OK
2025-01-20,B02,BEV003,13,13,LOW
2025-01-20,B02,RTE002,16,23,OK
2025-01-20,B02,BEV002,34,38,LOW
2025-01-20,B02,RTE004,17,25,LOW
2025-01-20,B02,DES001,0,8,LOW
2025-01-20,B02,HOU002,19,17,OK
2025-01-20,B02,SNK004,27,29,OK
2025-01-20,B03,SNK003,3,3,OK
2025-01-20,B03,BEV003,13,13,OK
2025-01-20,B03,RTE002,23,24,OK
2025-01-20,B03,BEV002,25,25,LOW
2025-01-20,B03,RTE004,29,35,OK
2025-01-20,B03,DES001,14,16,LOW
2025-01-20,B03,HOU002,9,21,OK
2025-01-20,B03,SNK004,6,11,OK
2025-01-20,B04,SNK003,7,11,OK
2025-01-20,B04,BEV003,19,28,LOW
2025-01-20,B04,RTE002,23,25,OK
2025-01-20,B04,BEV002,10,17,LOW
2025-01-20,B04,RTE004,9,9,OK
2025-01-20,B04,DES001,11,13,OK
2025-01-20,B04,HOU002,30,32,OK
2025-01-20,B04,SNK004,25,28,LOW
2025-01-20,B05,SNK003,11,19,LOW
2025-01-20,B05,BEV003,18,24,LOW
2025-01-20,B05,RTE002,14,20,OK
2025-01-20,B05,BEV002,20,22,OK
2025-01-20,B05,RTE004,24,32,OK
2025-01-20,B05,DES001,8,8,LOW
2025-01-20,B05,HOU002,19,23,OK
2025-01-20,B05,SNK004,7,16,OK
2025-01-20,B06,SNK003,21,27,OK
2025-01-20,B06,BEV003,12,19,LOW
2025-01-20,B06,RTE002,21,22,OK
2025-01-20,B06,BEV002,14,16,OK
2025-01-20,B06,RTE004,30,34,OK
2025-01-20,B06,DES001,9,10,OK
2025-01-20,B06,HOU002,18,21,LOW
2025-01-20,B06,SNK004,24,31,LOW
2025-01-21,B01,BEV002,18,25,OK
2025-01-21,B01,RTE002,19,21,LOW
2025-01-21,B01,BEV004,21,29,OK
2025-01-21,B01,RTE003,12,15,LOW
2025-01-21,B01,DES002,16,23,OK
2025-01-21,B01,RTE004,17,25,LOW
2025-01-21,B01,BEV003,7,7,OK
2025-01-21,B01,HOU002,31,41,OK
2025-01-21,B02,BEV002,12,15,OK
2025-01-21,B02,RTE002,16,18,OK
2025-01-21,B02,BEV004,16,18,OK
2025-01-21,B02,RTE003,8,14,OK
2025-01-21,B02,DES002,13,20,LOW
2025-01-21,B02,RTE004,25,33,LOW
2025-01-21,B02,BEV003,15,19,OK
2025-01-21,B02,HOU002,16,22,OK
2025-01-21,B03,BEV002,10,17,OK
2025-01-21,B03,RTE002,28,31,OK
2025-01-21,B03,BEV004,26,33,OK
2025-01-21,B03,RTE003,15,16,OK
2025-01-21,B03,DES002,19,24,OK
2025-01-21,B03,RTE004,8,13,OK
2025-01-21,B03,BEV003,11,11,OK
2025-01-21,B03,HOU002,0,3,LOW
2025-01-21,B04,BEV002,5,8,OK
2025-01-21,B04,RTE002,22,28,OK
2025-01-21,B04,BEV004,16,20,OK
2025-01-21,B04,RTE003,29,36,LOW
2025-01-21,B04,DES002,3,9,OK
2025-01-21,B04,RTE004,15,16,OK
2025-01-21,B04,BEV003,5,8,LOW
2025-01-21,B04,HOU002,23,30,OK
2025-01-21,B05,BEV002,21,24,OK
2025-01-21,B05,RTE002,26,38,OK
2025-01-21,B05,BEV004,24,28,OK
2025-01-21,B05,RTE003,24,30,LOW
2025-01-21,B05,DES002,24,26,LOW
2025-01-21,B05,RTE004,27,29,OK
2025-01-21,B05,BEV003,12,22,OK
2025-01-21,B05,HOU002,21,24,OK
2025-01-21,B06,BEV002,21,27,LOW
2025-01-21,B06,RTE002,11,18,OK
2025-01-21,B06,BEV004,16,19,OK
2025-01-21,B06,RTE003,23,34,LOW
2025-01-21,B06,DES002,11,11,OK
2025-01-21,B06,RTE004,9,13,LOW
2025-01-21,B06,BEV003,18,22,OK
2025-01-21,B06,HOU002,19,21,LOW
2025-01-22,B01,HOU002,23,35,LOW
2025-01-22,B01,DES002,0,6,LOW
2025-01-22,B01,RTE002,19,25,OK
2025-01-22,B01,RTE001,7,13,OK
2025-01-22,B01,BEV001,28,37,LOW
2025-01-22,B01,SNK004,16,21,LOW
2025-01-22,B01,SNK002,4,6,OK
2025-01-22,B01,BEV004,20,29,LOW
2025-01-22,B02,HOU002,16,22,OK
2025-01-22,B02,DES002,28,38,OK
2025-01-22,B02,RTE002,9,13,OK
2025-01-22,B02,RTE001,22,19,OK
2025-01-22,B02,BEV001,20,30,LOW
2025-01-22,B02,SNK004,28,30,OK
2025-01-22,B02,SNK002,30,29,OK
2025-01-22,B02,BEV004,32,38,OK
2025-01-22,B03,HOU002,18,16,OK
2025-01-22,B03,DES002,14,14,OK
2025-01-22,B03,RTE002,24,27,OK
2025-01-22,B03,RTE001,26,35,OK
2025-01-22,B03,BEV001,16,21,OK
2025-01-22,B03,SNK004,21,28,LOW
2025-01-22,B03,SNK002,14,18,OK
2025-01-22,B03,BEV004,21,27,OK
2025-01-22,B04,HOU002,16,19,OK
2025-01-22,B04,DES002,31,40,LOW
2025-01-22,B04,RTE002,27,30,OK
2025-01-22,B04,RTE001,16,21,OK
2025-01-22,B04,BEV001,31,31,OK
2025-01-22,B04,SNK004,2,7,OOS
2025-01-22,B04,SNK002,6,8,OK
2025-01-22,B04,BEV004,22,28,OK
2025-01-22,B05,HOU002,12,15,LOW
2025-01-22,B05,DES002,0,0,LOW
2025-01-22,B05,RTE002,19,25,OK
2025-01-22,B05,RTE001,24,29,OK
2025-01-22,B05,BEV001,10,15,OK
2025-01-22,B05,SNK004,24,33,OK
2025-01-22,B05,SNK002,22,22,OK
2025-01-22,B05,BEV004,26,33,OK
2025-01-22,B06,HOU002,10,13,OK
2025-01-22,B06,DES002,28,33,OK
2025-01-22,B06,RTE002,15,18,LOW
2025-01-22,B06,RTE001,19,22,LOW
2025-01-22,B06,BEV001,15,18,OK
2025-01-22,B06,SNK004,16,19,OK
2025-01-22,B06,SNK002,26,25,OK
2025-01-22,B06,BEV004,15,22,OK
2025-01-23,B01,BEV001,20,23,OK
2025-01-23,B01,RTE004,16,24,OK
2025-01-23,B01,DES003,13,18,LOW
2025-01-23,B01,RTE001,23,28,OK
2025-01-23,B01,BEV002,15,23,OK
2025-01-23,B01,BEV004,28,30,LOW
2025-01-23,B01,SNK001,1,5,OK
2025-01-23,B01,HOU001,20,25,LOW
2025-01-23,B02,BEV001,6,9,OK
2025-01-23,B02,RTE004,22,27,OK
2025-01-23,B02,DES003,26,30,LOW
2025-01-23,B02,RTE001,11,15,OK
2025-01-23,B02,BEV002,27,33,OK
2025-01-23,B02,BEV004,18,28,LOW
2025-01-23,B02,SNK001,17,20,OK
2025-01-23,B02,HOU001,24,30,OK
2025-01-23,B03,BEV001,28,34,LOW
2025-01-23,B03,RTE004,21,28,OK
2025-01-23,B03,DES003,21,22,OK
2025-01-23,B03,RTE001,36,41,OK
2025-01-23,B03,BEV002,18,22,OK
2025-01-23,B03,BEV004,23,30,OK
2025-01-23,B03,SNK001,22,29,OK
2025-01-23,B03,HOU001,23,34,LOW
2025-01-23,B04,BEV001,7,19,OK
2025-01-23,B04,RTE004,20,21,OK
2025-01-23,B04,DES003,10,14,OK
2025-01-23,B04,RTE001,18,18,OK
2025-01-23,B04,BEV002,19,23,OK
2025-01-23,B04,BEV004,18,21,LOW
2025-01-23,B04,SNK001,28,32,OK
2025-01-23,B04,HOU001,11,11,OK
2025-01-23,B05,BEV001,17,26,OK
2025-01-23,B05,RTE004,28,30,LOW
2025-01-23,B05,DES003,10,13,LOW
2025-01-23,B05,RTE001,21,20,OK
2025-01-23,B05,BEV002,17,17,LOW
2025-01-23,B05,BEV004,21,25,OK
2025-01-23,B05,SNK001,18,17,OK
2025-01-23,B05,HOU001,20,28,OK
2025-01-23,B06,BEV001,25,27,LOW
2025-01-23,B06,RTE004,19,23,LOW
2025-01-23,B06,DES003,20,19,LOW
2025-01-23,B06,RTE001,19,21,OK
2025-01-23,B06,BEV002,15,20,LOW
2025-01-23,B06,BEV004,11,11,LOW
2025-01-23,B06,SNK001,5,6,OK
2025-01-23,B06,HOU001,27,32,OK
2025-01-24,B01,RTE001,33,36,OK
2025-01-24,B01,HOU001,8,14,OK
2025-01-24,B01,HOU003,24,31,OK
2025-01-24,B01,HOU002,8,17,LOW
2025-01-24,B01,DES002,25,30,OK
2025-01-24,B01,SNK002,24,34,OK
2025-01-24,B01,SNK004,10,10,OK
2025-01-24,B01,RTE004,20,29,OK
2025-01-24,B02,RTE001,20,23,OK
2025-01-24,B02,HOU001,15,21,OK
2025-01-24,B02,HOU003,20,31,LOW
2025-01-24,B02,HOU002,32,31,OK
2025-01-24,B02,DES002,0,5,OOS
2025-01-24,B02,SNK002,20,21,OK
2025-01-24,B02,SNK004,17,22,OK
2025-01-24,B02,RTE004,22,28,LOW
2025-01-24,B03,RTE001,20,22,OK
2025-01-24,B03,HOU001,7,4,LOW
2025-01-24,B03,HOU003,24,26,OK
2025-01-24,B03,HOU002,26,34,OK
2025-01-24,B03,DES002,16,19,LOW
2025-01-24,B03,SNK002,14,21,OK
2025-01-24,B03,SNK004,10,18,LOW
2025-01-24,B03,RTE004,10,8,LOW
2025-01-24,B04,RTE001,28,34,OK
2025-01-24,B04,HOU001,3,14,OK
2025-01-24,B04,HOU003,29,29,OK
2025-01-24,B04,HOU002,9,12,LOW
2025-01-24,B04,DES002,28,29,LOW
2025-01-24,B04,SNK002,0,6,LOW
2025-01-24,B04,SNK004,30,40,OK
2025-01-24,B04,RTE004,24,32,LOW
2025-01-24,B05,RTE001,0,4,OK
2025-01-24,B05,HOU001,17,17,OK
2025-01-24,B05,HOU003,13,16,LOW
2025-01-24,B05,HOU002,27,32,OK
2025-01-24,B05,DES002,9,9,LOW
2025-01-24,B05,SNK002,12,14,LOW
2025-01-24,B05,SNK004,6,15,OK
2025-01-24,B05,RTE004,23,31,OK
2025-01-24,B06,RTE001,20,22,OK
2025-01-24,B06,HOU001,22,32,OK
2025-01-24,B06,HOU003,24,33,OK
2025-01-24,B06,HOU002,10,9,LOW
2025-01-24,B06,DES002,15,22,OK
2025-01-24,B06,SNK002,23,27,OK
2025-01-24,B06,SNK004,25,27,LOW
2025-01-24,B06,RTE004,14,21,OK
2025-01-25,B01,RTE001,14,16,OK
2025-01-25,B01,BEV001,2,12,LOW
2025-01-25,B01,RTE003,31,40,LOW
2025-01-25,B01,SNK002,3,9,LOW
2025-01-25,B01,BEV004,27,37,OK
2025-01-25,B01,RTE002,25,34,OK
2025-01-25,B01,HOU002,9,9,OK
2025-01-25,B01,HOU003,18,20,OK
2025-01-25,B02,RTE001,16,18,OK
2025-01-25,B02,BEV001,20,23,OK
2025-01-25,B02,RTE003,18,22,LOW
2025-01-25,B02,SNK002,11,14,OK
2025-01-25,B02,BEV004,17,24,OK
2025-01-25,B02,RTE002,20,24,LOW
2025-01-25,B02,HOU002,14,16,LOW
2025-01-25,B02,HOU003,23,29,LOW
2025-01-25,B03,RTE001,23,32,LOW
2025-01-25,B03,BEV001,13,13,OK
2025-01-25,B03,RTE003,25,25,OK
2025-01-25,B03,SNK002,10,17,OK
2025-01-25,B03,BEV004,14,20,OK
2025-01-25,B03,RTE002,8,12,LOW
2025-01-25,B03,HOU002,23,26,OK
2025-01-25,B03,HOU003,16,21,OK
2025-01-25,B04,RTE001,18,23,LOW
2025-01-25,B04,BEV001,12,13,OK
2025-01-25,B04,RTE003,20,29,LOW
2025-01-25,B04,SNK002,21,20,OK
2025-01-25,B04,BEV004,20,30,OK
2025-01-25,B04,RTE002,0,4,OK
2025-01-25,B04,HOU002,17,16,LOW
2025-01-25,B04,HOU003,13,19,LOW
2025-01-25,B05,RTE001,14,14,LOW
2025-01-25,B05,BEV001,28,30,LOW
2025-01-25,B05,RTE003,10,12,LOW
2025-01-25,B05,SNK002,19,26,OK
2025-01-25,B05,BEV004,11,19,OK
2025-01-25,B05,RTE002,10,18,OK
2025-01-25,B05,HOU002,32,42,OK
2025-01-25,B05,HOU003,29,34,OK
2025-01-25,B06,RTE001,9,15,OK
2025-01-25,B06,BEV001,8,10,OK
2025-01-25,B06,RTE003,32,38,OK
2025-01-25,B06,SNK002,11,16,OK
2025-01-25,B06,BEV004,27,31,OK
2025-01-25,B06,RTE002,20,30,OK
2025-01-25,B06,HOU002,13,25,LOW
2025-01-25,B06,HOU003,16,20,OK
2025-01-26,B01,RTE004,27,32,OK
2025-01-26,B01,BEV004,3,13,OK
2025-01-26,B01,RTE001,16,17,OK
2025-01-26,B01,BEV002,2,11,LOW
2025-01-26,B01,DES002,20,30,OK
2025-01-26,B01,HOU002,24,21,OK
2025-01-26,B01,SNK003,14,17,LOW
2025-01-26,B01,DES001,13,18,OK
2025-01-26,B02,RTE004,34,37,LOW
2025-01-26,B02,BEV004,10,15,OK
2025-01-26,B02,RTE001,21,27,OK
2025-01-26,B02,BEV002,33,40,OK
2025-01-26,B02,DES002,13,18,LOW
2025-01-26,B02,HOU002,17,16,OK
2025-01-26,B02,SNK003,6,9,OK
2025-01-26,B02,DES001,17,14,LOW
2025-01-26,B03,RTE004,15,15,OK
2025-01-26,B03,BEV004,12,19,LOW
2025-01-26,B03,RTE001,16,16,OK
2025-01-26,B03,BEV002,7,10,LOW
2025-01-26,B03,DES002,1,0,LOW
2025-01-26,B03,HOU002,28,36,LOW
2025-01-26,B03,SNK003,7,17,LOW
2025-01-26,B03,DES001,14,19,OK
2025-01-26,B04,RTE004,22,24,OK
2025-01-26,B04,BEV004,14,19,OK
2025-01-26,B04,RTE001,20,21,OK
2025-01-26,B04,BEV002,23,25,OK
2025-01-26,B04,DES002,12,16,OK
2025-01-26,B04,HOU002,7,6,OK
2025-01-26,B04,SNK003,13,10,LOW
2025-01-26,B04,DES001,6,12,OK
2025-01-26,B05,RTE004,27,37,OK
2025-01-26,B05,BEV004,18,23,OK
2025-01-26,B05,RTE001,16,17,OK
2025-01-26,B05,BEV002,33,38,OK
2025-01-26,B05,DES002,15,20,LOW
2025-01-26,B05,HOU002,15,19,OK
2025-01-26,B05,SNK003,12,20,OK
2025-01-26,B05,DES001,6,11,OK
2025-01-26,B06,RTE004,23,28,OK
2025-01-26,B06,BEV004,15,20,LOW
2025-01-26,B06,RTE001,31,30,OK
2025-01-26,B06,BEV002,7,13,LOW
2025-01-26,B06,DES002,10,8,OK
2025-01-26,B06,HOU002,6,8,OK
2025-01-26,B06,SNK003,23,31,LOW
2025-01-26,B06,DES001,30,34,OK
2025-01-27,B01,RTE003,14,15,OK
2025-01-27,B01,BEV002,24,31,OK
2025-01-27,B01,SNK001,23,28,OK
2025-01-27,B01,HOU002,28,33,LOW
2025-01-27,B01,DES002,23,24,LOW
2025-01-27,B01,BEV003,14,17,OK
2025-01-27,B01,SNK002,18,22,OK
2025-01-27,B01,RTE001,2,11,OK
2025-01-27,B02,RTE003,18,22,LOW
2025-01-27,B02,BEV002,6,5,OK
2025-01-27,B02,SNK001,26,31,OK
2025-01-27,B02,HOU002,18,21,LOW
2025-01-27,B02,DES002,21,26,LOW
2025-01-27,B02,BEV003,22,30,OK
2025-01-27,B02,SNK002,0,4,LOW
2025-01-27,B02,RTE001,18,22,OK
2025-01-27,B03,RTE003,4,7,LOW
2025-01-27,B03,BEV002,7,10,LOW
2025-01-27,B03,SNK001,20,25,LOW
2025-01-27,B03,HOU002,11,13,LOW
2025-01-27,B03,DES002,31,36,OK
2025-01-27,B03,BEV003,21,29,OK
2025-01-27,B03,SNK002,21,30,LOW
2025-01-27,B03,RTE001,20,28,OK
2025-01-27,B04,RTE003,15,19,LOW
2025-01-27,B04,BEV002,15,21,LOW
2025-01-27,B04,SNK001,19,30,OK
2025-01-27,B04,HOU002,23,29,OK
2025-01-27,B04,DES002,18,21,LOW
2025-01-27,B04,BEV003,11,14,OK
2025-01-27,B04,SNK002,21,26,OK
2025-01-27,B04,RTE001,12,12,OK
2025-01-27,B05,RTE003,9,13,OK
2025-01-27,B05,BEV002,27,30,OK
2025-01-27,B05,SNK001,29,31,OK
2025-01-27,B05,HOU002,31,33,LOW
2025-01-27,B05,DES002,16,16,OK
2025-01-27,B05,BEV003,22,24,OK
2025-01-27,B05,SNK002,26,37,OK
2025-01-27,B05,RTE001,17,23,OK
2025-01-27,B06,RTE003,19,23,OK
2025-01-27,B06,BEV002,25,31,LOW
2025-01-27,B06,SNK001,12,14,LOW
2025-01-27,B06,HOU002,31,27,OK
2025-01-27,B06,DES002,17,24,OK
2025-01-27,B06,BEV003,10,14,LOW
2025-01-27,B06,SNK002,31,31,OK
2025-01-27,B06,RTE001,31,36,OK
2025-01-28,B01,SNK004,28,29,LOW
2025-01-28,B01,RTE001,19,24,OK
2025-01-28,B01,DES003,11,17,OK
2025-01-28,B01,BEV003,0,3,OK
2025-01-28,B01,HOU002,18,23,LOW
2025-01-28,B01,HOU001,0,3,LOW
2025-01-28,B01,DES001,26,29,LOW
2025-01-28,B01,BEV004,22,28,OK
2025-01-28,B02,SNK004,18,16,LOW
2025-01-28,B02,RTE001,17,26,OK
2025-01-28,B02,DES003,9,11,OK
2025-01-28,B02,BEV003,13,13,OK
2025-01-28,B02,HOU002,18,25,OK
2025-01-28,B02,HOU001,31,39,LOW
2025-01-28,B02,DES001,16,28,LOW
2025-01-28,B02,BEV004,17,20,OK
2025-01-28,B03,SNK004,7,9,OK
2025-01-28,B03,RTE001,29,36,LOW
2025-01-28,B03,DES003,25,30,OK
2025-01-28,B03,BEV003,6,9,LOW
2025-01-28,B03,HOU002,29,33,OK
2025-01-28,B03,HOU001,25,28,OK
2025-01-28,B03,DES001,17,25,LOW
2025-01-28,B03,BEV004,14,15,LOW
2025-01-28,B04,SNK004,29,29,OK
2025-01-28,B04,RTE001,9,18,OK
2025-01-28,B04,DES003,7,15,OK
2025-01-28,B04,BEV003,26,26,LOW
2025-01-28,B04,HOU002,12,20,OK
2025-01-28,B04,HOU001,21,26,LOW
2025-01-28,B04,DES001,14,16,OK
2025-01-28,B04,BEV004,19,25,OK
2025-01-28,B05,SNK004,19,23,OK
2025-01-28,B05,RTE001,12,13,OK
2025-01-28,B05,DES003,24,29,OK
2025-01-28,B05,BEV003,20,23,OK
2025-01-28,B05,HOU002,9,17,OK
2025-01-28,B05,HOU001,9,17,OK
2025-01-28,B05,DES001,11,18,OK
2025-01-28,B05,BEV004,30,30,OK
2025-01-28,B06,SNK004,16,23,OK
2025-01-28,B06,RTE001,18,24,OK
2025-01-28,B06,DES003,19,18,OK
2025-01-28,B06,BEV003,12,14,OK
2025-01-28,B06,HOU002,29,35,OK
2025-01-28,B06,HOU001,18,23,OK
2025-01-28,B06,DES001,14,19,LOW
2025-01-28,B06,BEV004,17,20,OK
2025-01-29,B01,SNK003,0,5,OK
2025-01-29,B01,SNK004,15,20,OK
2025-01-29,B01,BEV001,24,30,OK
2025-01-29,B01,RTE004,18,25,OK
2025-01-29,B01,RTE003,23,28,LOW
2025-01-29,B01,HOU001,20,29,OK
2025-01-29,B01,HOU003,32,41,LOW
2025-01-29,B01,SNK002,27,33,LOW
2025-01-29,B02,SNK003,21,24,OK
2025-01-29,B02,SNK004,9,14,OK
2025-01-29,B02,BEV001,18,21,OK
2025-01-29,B02,RTE004,15,19,OK
2025-01-29,B02,RTE003,14,16,OK
2025-01-29,B02,HOU001,15,16,OK
2025-01-29,B02,HOU003,18,23,LOW
2025-01-29,B02,SNK002,24,23,LOW
2025-01-29,B03,SNK003,5,10,LOW
2025-01-29,B03,SNK004,9,9,LOW
2025-01-29,B03,BEV001,8,10,OK
2025-01-29,B03,RTE004,5,14,OK
2025-01-29,B03,RTE003,17,16,OK
2025-01-29,B03,HOU001,11,12,LOW
2025-01-29,B03,HOU003,19,28,LOW
2025-01-29,B03,SNK002,22,28,OK
2025-01-29,B04,SNK003,13,25,OK
2025-01-29,B04,SNK004,15,22,OK
2025-01-29,B04,BEV001,25,28,LOW
2025-01-29,B04,RTE004,21,28,OK
2025-01-29,B04,RTE003,18,26,LOW
2025-01-29,B04,HOU001,25,26,LOW
2025-01-29,B04,HOU003,29,33,OK
2025-01-29,B04,SNK002,21,29,OK
2025-01-29,B05,SNK003,26,30,OK
2025-01-29,B05,SNK004,31,35,OK
2025-01-29,B05,BEV001,11,17,LOW
2025-01-29,B05,RTE004,15,16,OK
2025-01-29,B05,RTE003,19,29,OK
2025-01-29,B05,HOU001,13,16,OK
2025-01-29,B05,HOU003,8,13,OK
2025-01-29,B05,SNK002,21,27,OK
2025-01-29,B06,SNK003,16,24,OK
2025-01-29,B06,SNK004,22,26,OK
2025-01-29,B06,BEV001,20,24,OK
2025-01-29,B06,RTE004,15,20,OK
2025-01-29,B06,RTE003,19,21,LOW
2025-01-29,B06,HOU001,9,8,LOW
2025-01-29,B06,HOU003,15,27,OK
2025-01-29,B06,SNK002,25,31,OK
2025-01-30,B01,BEV001,34,37,OK
2025-01-30,B01,SNK004,12,24,OK
2025-01-30,B01,HOU001,9,15,OK
2025-01-30,B01,SNK003,22,22,LOW
2025-01-30,B01,RTE002,10,13,OK
2025-01-30,B01,DES003,12,13,OK
2025-01-30,B01,SNK002,34,34,OK
2025-01-30,B01,BEV002,8,14,OK
2025-01-30,B02,BEV001,13,17,LOW
2025-01-30,B02,SNK004,29,32,OK
2025-01-30,B02,HOU001,11,18,LOW
2025-01-30,B02,SNK003,23,23,OK
2025-01-30,B02,RTE002,11,13,LOW
2025-01-30,B02,DES003,9,19,OK
2025-01-30,B02,SNK002,6,11,LOW
2025-01-30,B02,BEV002,34,37,OK
2025-01-30,B03,BEV001,31,34,OK
2025-01-30,B03,SNK004,21,25,OK
2025-01-30,B03,HOU001,10,14,OK
2025-01-30,B03,SNK003,22,25,LOW
2025-01-30,B03,RTE002,15,17,OK
2025-01-30,B03,DES003,18,21,OK
2025-01-30,B03,SNK002,7,7,OK
2025-01-30,B03,BEV002,22,27,OK
2025-01-30,B04,BEV001,9,11,OK
2025-01-30,B04,SNK004,1,2,OOS
2025-01-30,B04,HOU001,10,14,OK
2025-01-30,B04,SNK003,12,22,LOW
2025-01-30,B04,RTE002,29,34,OK
2025-01-30,B04,DES003,14,19,LOW
2025-01-30,B04,SNK002,19,18,LOW
2025-01-30,B04,BEV002,19,26,LOW
2025-01-30,B05,BEV001,23,27,OK
2025-01-30,B05,SNK004,15,18,OK
2025-01-30,B05,HOU001,5,6,LOW
2025-01-30,B05,SNK003,34,40,LOW
2025-01-30,B05,RTE002,5,8,OK
2025-01-30,B05,DES003,32,37,OK
2025-01-30,B05,SNK002,23,29,OK
2025-01-30,B05,BEV002,18,25,LOW
2025-01-30,B06,BEV001,19,21,OK
2025-01-30,B06,SNK004,32,41,OK
2025-01-30,B06,HOU001,22,29,LOW
2025-01-30,B06,SNK003,14,21,LOW
2025-01-30,B06,RTE002,11,16,OK
2025-01-30,B06,DES003,23,26,OK
2025-01-30,B06,SNK002,27,34,LOW
2025-01-30,B06,BEV002,22,26,LOW
2025-01-31,B01,BEV003,13,21,OK
2025-01-31,B01,BEV001,24,35,LOW
2025-01-31,B01,HOU001,22,22,LOW
2025-01-31,B01,HOU003,12,18,OK
2025-01-31,B01,DES003,19,29,OK
2025-01-31,B01,BEV004,26,33,OK
2025-01-31,B01,SNK004,20,21,OK
2025-01-31,B01,DES002,19,21,OK
2025-01-31,B02,BEV003,22,23,OK
2025-01-31,B02,BEV001,21,27,LOW
2025-01-31,B02,HOU001,21,31,OK
2025-01-31,B02,HOU003,18,25,OK
2025-01-31,B02,DES003,10,14,OK
2025-01-31,B02,BEV004,30,35,OK
2025-01-31,B02,SNK004,12,16,LOW
2025-01-31,B02,DES002,14,15,OK
2025-01-31,B03,BEV003,19,26,LOW
2025-01-31,B03,BEV001,21,25,OK
2025-01-31,B03,HOU001,20,30,LOW
2025-01-31,B03,HOU003,13,10,OK
2025-01-31,B03,DES003,10,17,OK
2025-01-31,B03,BEV004,28,34,OK
2025-01-31,B03,SNK004,16,23,OK
2025-01-31,B03,DES002,28,38,OK
2025-01-31,B04,BEV003,12,17,OK
2025-01-31,B04,BEV001,20,20,OK
2025-01-31,B04,HOU001,14,15,OK
2025-01-31,B04,HOU003,18,21,OK
2025-01-31,B04,DES003,11,13,OK
2025-01-31,B04,BEV004,17,26,OK
2025-01-31,B04,SNK004,3,9,LOW
2025-01-31,B04,DES002,7,14,LOW
2025-01-31,B05,BEV003,0,7,LOW
2025-01-31,B05,BEV001,15,19,OK
2025-01-31,B05,HOU001,33,41,OK
2025-01-31,B05,HOU003,39,45,LOW
2025-01-31,B05,DES003,24,31,LOW
2025-01-31,B05,BEV004,29,34,LOW
2025-01-31,B05,SNK004,19,20,OK
2025-01-31,B05,DES002,25,33,LOW
2025-01-31,B06,BEV003,20,24,OK
2025-01-31,B06,BEV001,28,30,LOW
2025-01-31,B06,HOU001,20,25,OK
2025-01-31,B06,HOU003,22,23,OK
2025-01-31,B06,DES003,20,26,OK
2025-01-31,B06,BEV004,16,18,OK
2025-01-31,B06,SNK004,8,13,OK
2025-01-31,B06,DES002,17,26,LOW
2025-02-01,B01,BEV003,25,28,OK
2025-02-01,B01,DES003,12,15,OK
2025-02-01,B01,DES001,13,19,OK
2025-02-01,B01,RTE001,17,15,OK
2025-02-01,B01,RTE003,29,37,OK
2025-02-01,B01,RTE004,18,22,LOW
2025-02-01,B01,DES002,0,6,OK
2025-02-01,B01,SNK003,28,32,OK
2025-02-01,B02,BEV003,24,33,OK
2025-02-01,B02,DES003,13,13,OK
2025-02-01,B02,DES001,24,23,LOW
2025-02-01,B02,RTE001,10,19,OK
2025-02-01,B02,RTE003,4,5,OK
2025-02-01,B02,RTE004,18,25,OK
2025-02-01,B02,DES002,24,28,LOW
2025-02-01,B02,SNK003,13,20,OK
2025-02-01,B03,BEV003,19,23,LOW
2025-02-01,B03,DES003,8,15,LOW
2025-02-01,B03,DES001,18,20,LOW
2025-02-01,B03,RTE001,26,22,LOW
2025-02-01,B03,RTE003,20,26,OK
2025-02-01,B03,RTE004,17,26,OK
2025-02-01,B03,DES002,11,16,OK
2025-02-01,B03,SNK003,10,14,OK
2025-02-01,B04,BEV003,9,18,OK
2025-02-01,B04,DES003,21,24,LOW
2025-02-01,B04,DES001,24,26,OK
2025-02-01,B04,RTE001,22,21,OK
2025-02-01,B04,RTE003,26,29,OK
2025-02-01,B04,RTE004,21,20,OK
2025-02-01,B04,DES002,17,19,OK
2025-02-01,B04,SNK003,23,29,OK
2025-02-01,B05,BEV003,19,23,OK
2025-02-01,B05,DES003,20,25,LOW
2025-02-01,B05,DES001,33,39,LOW
2025-02-01,B05,RTE001,6,14,OK
2025-02-01,B05,RTE003,13,21,LOW
2025-02-01,B05,RTE004,1,7,OOS
2025-02-01,B05,DES002,24,24,OK
2025-02-01,B05,SNK003,14,18,LOW
2025-02-01,B06,BEV003,35,39,OK
2025-02-01,B06,DES003,9,14,LOW
2025-02-01,B06,DES001,18,25,LOW
2025-02-01,B06,RTE001,4,14,LOW
2025-02-01,B06,RTE003,25,26,LOW
2025-02-01,B06,RTE004,28,33,OK
2025-02-01,B06,DES002,22,27,OK
2025-02-01,B06,SNK003,20,27,LOW
2025-02-02,B01,BEV002,19,21,OK
2025-02-02,B01,DES003,20,21,OK
2025-02-02,B01,HOU002,21,32,LOW
2025-02-02,B01,SNK003,10,16,LOW
2025-02-02,B01,RTE003,25,31,OK
2025-02-02,B01,SNK004,15,22,LOW
2025-02-02,B01,RTE004,27,31,LOW
2025-02-02,B01,BEV001,34,39,LOW
2025-02-02,B02,BEV002,52,53,LOW
2025-02-02,B02,DES003,21,24,OK
2025-02-02,B02,HOU002,26,28,OK
2025-02-02,B02,SNK003,23,25,OK
2025-02-02,B02,RTE003,18,23,LOW
2025-02-02,B02,SNK004,25,26,LOW
2025-02-02,B02,RTE004,27,30,OK
2025-02-02,B02,BEV001,13,17,LOW
2025-02-02,B03,BEV002,16,21,OK
2025-02-02,B03,DES003,13,16,OK
2025-02-02,B03,HOU002,18,25,LOW
2025-02-02,B03,SNK003,14,19,OK
2025-02-02,B03,RTE003,23,21,OK
2025-02-02,B03,SNK004,17,19,OK
2025-02-02,B03,RTE004,19,29,OK
2025-02-02,B03,BEV001,4,5,OK
2025-02-02,B04,BEV002,30,34,OK
2025-02-02,B04,DES003,17,17,LOW
2025-02-02,B04,HOU002,21,31,OK
2025-02-02,B04,SNK003,20,24,OK
2025-02-02,B04,RTE003,14,19,OK
2025-02-02,B04,SNK004,26,28,OK
2025-02-02,B04,RTE004,23,30,LOW
2025-02-02,B04,BEV001,20,28,OK
2025-02-02,B05,BEV002,18,20,OK
2025-02-02,B05,DES003,20,30,OK
2025-02-02,B05,HOU002,12,15,OK
2025-02-02,B05,SNK003,12,14,OK
2025-02-02,B05,RTE003,20,27,LOW
2025-02-02,B05,SNK004,15,22,OK
2025-02-02,B05,RTE004,19,20,OK
2025-02-02,B05,BEV001,26,29,OK
2025-02-02,B06,BEV002,8,13,LOW
2025-02-02,B06,DES003,19,25,LOW
2025-02-02,B06,HOU002,15,20,OK
2025-02-02,B06,SNK003,12,19,OK
2025-02-02,B06,RTE003,13,12,LOW
2025-02-02,B06,SNK004,27,36,LOW
2025-02-02,B06,RTE004,15,19,LOW
2025-02-02,B06,BEV001,8,13,LOW
2025-02-03,B01,HOU001,25,28,OK
2025-02-03,B01,SNK004,14,17,LOW
2025-02-03,B01,RTE003,11,11,LOW
2025-02-03,B01,BEV004,22,29,OK
2025-02-03,B01,BEV003,20,21,LOW
2025-02-03,B01,BEV001,20,30,OK
2025-02-03,B01,HOU002,10,14,OK
2025-02-03,B01,RTE004,17,23,OK
2025-02-03,B02,HOU001,7,8,OK
2025-02-03,B02,SNK004,10,15,OK
2025-02-03,B02,RTE003,12,19,OK
2025-02-03,B02,BEV004,12,14,OK
2025-02-03,B02,BEV003,17,26,LOW
2025-02-03,B02,BEV001,19,21,OK
2025-02-03,B02,HOU002,18,21,LOW
2025-02-03,B02,RTE004,11,15,OK
2025-02-03,B03,HOU001,15,23,LOW
2025-02-03,B03,SNK004,15,20,OK
2025-02-03,B03,RTE003,31,37,OK
2025-02-03,B03,BEV004,15,21,OK
2025-02-03,B03,BEV003,16,25,LOW
2025-02-03,B03,BEV001,21,25,OK
2025-02-03,B03,HOU002,0,2,OK
2025-02-03,B03,RTE004,18,21,OK
2025-02-03,B04,HOU001,27,32,LOW
2025-02-03,B04,SNK004,15,20,LOW
2025-02-03,B04,RTE003,18,18,OK
2025-02-03,B04,BEV004,20,25,OK
2025-02-03,B04,BEV003,24,29,LOW
2025-02-03,B04,BEV001,15,18,OK
2025-02-03,B04,HOU002,22,28,OK
2025-02-03,B04,RTE004,8,5,OK
2025-02-03,B05,HOU001,29,38,OK
2025-02-03,B05,SNK004,13,19,OK
2025-02-03,B05,RTE003,16,21,LOW
2025-02-03,B05,BEV004,16,19,OK
2025-02-03,B05,BEV003,29,30,LOW
2025-02-03,B05,BEV001,17,20,LOW
2025-02-03,B05,HOU002,5,5,OK
2025-02-03,B05,RTE004,2,5,OK
2025-02-03,B06,HOU001,2,8,OOS
2025-02-03,B06,SNK004,10,11,LOW
2025-02-03,B06,RTE003,32,34,LOW
2025-02-03,B06,BEV004,8,12,LOW
2025-02-03,B06,BEV003,8,16,OK
2025-02-03,B06,BEV001,0,4,OOS
2025-02-03,B06,HOU002,17,21,OK
2025-02-03,B06,RTE004,7,14,LOW
2025-02-04,B01,SNK004,9,17,OK
2025-02-04,B01,DES003,37,40,LOW
2025-02-04,B01,SNK001,26,36,OK
2025-02-04,B01,HOU001,15,26,LOW
2025-02-04,B01,BEV001,21,20,LOW
2025-02-04,B01,RTE002,15,17,LOW
2025-02-04,B01,RTE004,17,26,OK
2025-02-04,B01,BEV004,9,12,OK
2025-02-04,B02,SNK004,33,31,OK
2025-02-04,B02,DES003,30,32,OK
2025-02-04,B02,SNK001,15,20,OK
2025-02-04,B02,HOU001,26,28,OK
2025-02-04,B02,BEV001,17,21,LOW
2025-02-04,B02,RTE002,18,21,OK
2025-02-04,B02,RTE004,25,27,OK
2025-02-04,B02,BEV004,5,11,OK
2025-02-04,B03,SNK004,25,31,OK
2025-02-04,B03,DES003,25,32,LOW
2025-02-04,B03,SNK001,17,23,OK
2025-02-04,B03,HOU001,16,23,LOW
2025-02-04,B03,BEV001,44,45,OK
2025-02-04,B03,RTE002,19,19,LOW
2025-02-04,B03,RTE004,18,19,OK
2025-02-04,B03,BEV004,2,11,LOW
2025-02-04,B04,SNK004,20,24,OK
2025-02-04,B04,DES003,20,22,LOW
2025-02-04,B04,SNK001,27,31,LOW
2025-02-04,B04,HOU001,24,27,OK
2025-02-04,B04,BEV001,21,24,LOW
2025-02-04,B04,RTE002,26,31,OK
2025-02-04,B04,RTE004,30,37,OK
2025-02-04,B04,BEV004,20,28,LOW
2025-02-04,B05,SNK004,23,29,LOW
2025-02-04,B05,DES003,19,25,OK
2025-02-04,B05,SNK001,8,8,OK
2025-02-04,B05,HOU001,15,21,OK
2025-02-04,B05,BEV001,4,9,OK
2025-02-04,B05,RTE002,17,23,OK
2025-02-04,B05,RTE004,27,29,OK
2025-02-04,B05,BEV004,11,13,OK
2025-02-04,B06,SNK004,19,27,OK
2025-02-04,B06,DES003,22,22,LOW
2025-02-04,B06,SNK001,9,16,OK
2025-02-04,B06,HOU001,27,25,OK
2025-02-04,B06,BEV001,24,32,LOW
2025-02-04,B06,RTE002,11,21,OK
2025-02-04,B06,RTE004,25,27,OK
2025-02-04,B06,BEV004,14,18,OK
2025-02-05,B01,BEV004,18,19,OK
2025-02-05,B01,BEV003,16,22,OK
2025-02-05,B01,RTE003,39,41,OK
2025-02-05,B01,SNK002,11,16,OK
2025-02-05,B01,DES001,10,17,OK
2025-02-05,B01,HOU001,18,20,OK
2025-02-05,B01,BEV002,22,28,LOW
2025-02-05,B01,HOU003,8,16,LOW
2025-02-05,B02,BEV004,14,15,LOW
2025-02-05,B02,BEV003,24,36,LOW
2025-02-05,B02,RTE003,14,16,LOW
2025-02-05,B02,SNK002,20,27,LOW
2025-02-05,B02,DES001,18,31,OK
2025-02-05,B02,HOU001,13,18,OK
2025-02-05,B02,BEV002,20,28,OK
2025-02-05,B02,HOU003,18,20,OK
2025-02-05,B03,BEV004,10,8,OK
2025-02-05,B03,BEV003,12,12,OK
2025-02-05,B03,RTE003,15,28,OK
2025-02-05,B03,SNK002,24,28,LOW
2025-02-05,B03,DES001,14,15,OK
2025-02-05,B03,HOU001,26,28,OK
2025-02-05,B03,BEV002,23,28,OK
2025-02-05,B03,HOU003,22,25,OK
2025-02-05,B04,BEV004,23,27,LOW
2025-02-05,B04,BEV003,10,14,OK
2025-02-05,B04,RTE003,7,14,OK
2025-02-05,B04,SNK002,7,9,OK
2025-02-05,B04,DES001,28,36,OK
2025-02-05,B04,HOU001,9,13,LOW
2025-02-05,B04,BEV002,19,24,OK
2025-02-05,B04,HOU003,29,33,LOW
2025-02-05,B05,BEV004,12,18,OK
2025-02-05,B05,BEV003,10,14,OK
2025-02-05,B05,RTE003,17,23,OK
2025-02-05,B05,SNK002,20,26,OK
2025-02-05,B05,DES001,23,30,LOW
2025-02-05,B05,HOU001,25,31,OK
2025-02-05,B05,BEV002,16,20,OK
2025-02-05,B05,HOU003,18,24,OK
2025-02-05,B06,BEV004,18,28,OK
2025-02-05,B06,BEV003,20,19,LOW
2025-02-05,B06,RTE003,12,18,OK
2025-02-05,B06,SNK002,20,29,OK
2025-02-05,B06,DES001,8,14,OK
2025-02-05,B06,HOU001,13,16,OK
2025-02-05,B06,BEV002,17,27,OK
2025-02-05,B06,HOU003,16,22,OK
2025-02-06,B01,BEV004,30,37,OK
2025-02-06,B01,HOU003,18,24,OK
2025-02-06,B01,HOU002,1,8,OK
2025-02-06,B01,RTE002,15,16,OK
2025-02-06,B01,HOU001,9,12,LOW
2025-02-06,B01,SNK001,15,18,LOW
2025-02-06,B01,BEV002,19,21,OK
2025-02-06,B01,SNK004,16,22,LOW
2025-02-06,B02,BEV004,17,20,OK
2025-02-06,B02,HOU003,23,31,OK
2025-02-06,B02,HOU002,17,25,OK
2025-02-06,B02,RTE002,18,22,OK
2025-02-06,B02,HOU001,16,19,OK
2025-02-06,B02,SNK001,28,35,OK
2025-02-06,B02,BEV002,14,21,LOW
2025-02-06,B02,SNK004,16,21,OK
2025-02-06,B03,BEV004,14,16,OK
2025-02-06,B03,HOU003,20,25,OK
2025-02-06,B03,HOU002,35,39,OK
2025-02-06,B03,RTE002,9,17,OK
2025-02-06,B03,HOU001,22,31,OK
2025-02-06,B03,SNK001,9,12,OK
2025-02-06,B03,BEV002,31,33,OK
2025-02-06,B03,SNK004,20,25,OK
2025-02-06,B04,BEV004,26,34,LOW
2025-02-06,B04,HOU003,27,39,LOW
2025-02-06,B04,HOU002,30,36,OK
2025-02-06,B04,RTE002,23,29,OK
2025-02-06,B04,HOU001,21,33,OK
2025-02-06,B04,SNK001,10,18,OK
2025-02-06,B04,BEV002,5,13,OK
2025-02-06,B04,SNK004,26,30,OK
2025-02-06,B05,BEV004,24,31,OK
2025-02-06,B05,HOU003,25,26,OK
2025-02-06,B05,HOU002,14,17,OK
2025-02-06,B05,RTE002,23,29,LOW
2025-02-06,B05,HOU001,18,24,OK
2025-02-06,B05,SNK001,23,29,LOW
2025-02-06,B05,BEV002,10,20,LOW
2025-02-06,B05,SNK004,25,27,LOW
2025-02-06,B06,BEV004,21,20,LOW
2025-02-06,B06,HOU003,21,29,OK
2025-02-06,B06,HOU002,17,20,OK
2025-02-06,B06,RTE002,7,11,OK
2025-02-06,B06,HOU001,9,10,OK
2025-02-06,B06,SNK001,9,13,LOW
2025-02-06,B06,BEV002,16,20,OK
2025-02-06,B06,SNK004,15,25,LOW
2025-02-07,B01,SNK003,10,15,OK
2025-02-07,B01,RTE003,18,29,LOW
2025-02-07,B01,BEV001,8,12,OK
2025-02-07,B01,RTE002,7,14,OK
2025-02-07,B01,DES002,5,10,OK
2025-02-07,B01,HOU001,15,14,LOW
2025-02-07,B01,DES001,15,22,OK
2025-02-07,B01,RTE001,17,19,OK
2025-02-07,B02,SNK003,26,30,LOW
2025-02-07,B02,RTE003,12,13,LOW
2025-02-07,B02,BEV001,28,33,OK
2025-02-07,B02,RTE002,16,21,LOW
2025-02-07,B02,DES002,6,10,OK
2025-02-07,B02,HOU001,19,21,OK
2025-02-07,B02,DES001,5,10,LOW
2025-02-07,B02,RTE001,17,18,OK
2025-02-07,B03,SNK003,23,34,OK
2025-02-07,B03,RTE003,13,11,OK
2025-02-07,B03,BEV001,23,25,OK
2025-02-07,B03,RTE002,20,26,LOW
2025-02-07,B03,DES002,19,25,OK
2025-02-07,B03,HOU001,29,35,OK
2025-02-07,B03,DES001,10,20,OK
2025-02-07,B03,RTE001,13,18,OK
2025-02-07,B04,SNK003,14,18,OK
2025-02-07,B04,RTE003,10,16,LOW
2025-02-07,B04,BEV001,41,45,OK
2025-02-07,B04,RTE002,11,17,OK
2025-02-07,B04,DES002,17,20,OK
2025-02-07,B04,HOU001,11,19,LOW
2025-02-07,B04,DES001,16,19,LOW
2025-02-07,B04,RTE001,12,13,OK
2025-02-07,B05,SNK003,28,35,OK
2025-02-07,B05,RTE003,19,27,LOW
2025-02-07,B05,BEV001,21,24,LOW
2025-02-07,B05,RTE002,12,20,LOW
2025-02-07,B05,DES002,25,31,OK
2025-02-07,B05,HOU001,19,26,OK
2025-02-07,B05,DES001,19,23,OK
2025-02-07,B05,RTE001,35,45,OK
2025-02-07,B06,SNK003,13,15,OK
2025-02-07,B06,RTE003,11,14,OK
2025-02-07,B06,BEV001,7,11,OK
2025-02-07,B06,RTE002,16,26,OK
2025-02-07,B06,DES002,16,21,LOW
2025-02-07,B06,HOU001,13,19,LOW
2025-02-07,B06,DES001,22,30,OK
2025-02-07,B06,RTE001,10,14,OK
2025-02-08,B01,HOU002,31,35,LOW
2025-02-08,B01,RTE001,0,8,OK
2025-02-08,B01,DES001,11,21,LOW
2025-02-08,B01,SNK002,21,26,OK
2025-02-08,B01,HOU003,18,23,OK
2025-02-08,B01,BEV004,11,15,LOW
2025-02-08,B01,DES003,13,20,LOW
2025-02-08,B01,BEV002,22,30,OK
2025-02-08,B02,HOU002,22,28,LOW
2025-02-08,B02,RTE001,22,32,OK
2025-02-08,B02,DES001,24,25,LOW
2025-02-08,B02,SNK002,11,15,OK
2025-02-08,B02,HOU003,8,9,OK
2025-02-08,B02,BEV004,2,13,OOS
2025-02-08,B02,DES003,14,21,OK
2025-02-08,B02,BEV002,13,20,OK
2025-02-08,B03,HOU002,18,23,LOW
2025-02-08,B03,RTE001,21,29,OK
2025-02-08,B03,DES001,13,19,LOW
2025-02-08,B03,SNK002,3,9,OK
2025-02-08,B03,HOU003,19,23,OK
2025-02-08,B03,BEV004,21,33,LOW
2025-02-08,B03,DES003,16,21,LOW
2025-02-08,B03,BEV002,12,17,OK
2025-02-08,B04,HOU002,22,27,OK
2025-02-08,B04,RTE001,17,26,OK
2025-02-08,B04,DES001,13,13,LOW
2025-02-08,B04,SNK002,11,15,LOW
2025-02-08,B04,HOU003,5,8,LOW
2025-02-08,B04,BEV004,14,17,OK
2025-02-08,B04,DES003,16,22,LOW
2025-02-08,B04,BEV002,22,20,OK
2025-02-08,B05,HOU002,11,11,OK
2025-02-08,B05,RTE001,5,7,OK
2025-02-08,B05,DES001,7,12,OK
2025-02-08,B05,SNK002,23,24,OK
2025-02-08,B05,HOU003,27,34,LOW
2025-02-08,B05,BEV004,37,38,LOW
2025-02-08,B05,DES003,26,35,OK
2025-02-08,B05,BEV002,24,34,LOW
2025-02-08,B06,HOU002,28,33,OK
2025-02-08,B06,RTE001,3,10,LOW
2025-02-08,B06,DES001,12,17,OK
2025-02-08,B06,SNK002,22,33,OK
2025-02-08,B06,HOU003,14,18,OK
2025-02-08,B06,BEV004,20,25,LOW
2025-02-08,B06,DES003,17,21,LOW
2025-02-08,B06,BEV002,16,23,LOW
2025-02-09,B01,RTE001,31,32,OK
2025-02-09,B01,BEV003,1,1,OOS
2025-02-09,B01,DES002,31,33,LOW
2025-02-09,B01,SNK004,16,23,LOW
2025-02-09,B01,BEV002,7,10,OK
2025-02-09,B01,SNK003,10,17,OK
2025-02-09,B01,BEV001,19,20,OK
2025-02-09,B01,DES001,23,27,OK
2025-02-09,B02,RTE001,17,16,OK
2025-02-09,B02,BEV003,22,28,OK
2025-02-09,B02,DES002,18,25,OK
2025-02-09,B02,SNK004,10,15,OK
2025-02-09,B02,BEV002,31,36,LOW
2025-02-09,B02,SNK003,21,21,OK
2025-02-09,B02,BEV001,19,26,LOW
2025-02-09,B02,DES001,33,34,OK
2025-02-09,B03,RTE001,13,17,OK
2025-02-09,B03,BEV003,8,13,OK
2025-02-09,B03,DES002,14,17,LOW
2025-02-09,B03,SNK004,19,22,OK
2025-02-09,B03,BEV002,15,21,OK
2025-02-09,B03,SNK003,10,17,OK
2025-02-09,B03,BEV001,12,21,OK
2025-02-09,B03,DES001,17,27,LOW
2025-02-09,B04,RTE001,8,11,OK
2025-02-09,B04,BEV003,16,19,LOW
2025-02-09,B04,DES002,27,27,LOW
2025-02-09,B04,SNK004,9,15,LOW
2025-02-09,B04,BEV002,16,17,OK
2025-02-09,B04,SNK003,20,26,OK
2025-02-09,B04,BEV001,13,21,OK
2025-02-09,B04,DES001,14,20,OK
2025-02-09,B05,RTE001,15,14,OK
2025-02-09,B05,BEV003,8,13,OK
2025-02-09,B05,DES002,12,14,OK
2025-02-09,B05,SNK004,36,41,OK
2025-02-09,B05,BEV002,2,9,OOS
2025-02-09,B05,SNK003,9,12,OK
2025-02-09,B05,BEV001,31,28,LOW
2025-02-09,B05,DES001,17,19,LOW
2025-02-09,B06,RTE001,21,28,OK
2025-02-09,B06,BEV003,15,20,LOW
2025-02-09,B06,DES002,21,28,OK
2025-02-09,B06,SNK004,5,8,OK
2025-02-09,B06,BEV002,27,33,OK
2025-02-09,B06,SNK003,19,25,OK
2025-02-09,B06,BEV001,17,23,OK
2025-02-09,B06,DES001,18,23,OK
2025-02-10,B01,SNK001,19,26,LOW
2025-02-10,B01,RTE002,6,13,OK
2025-02-10,B01,DES003,28,36,OK
2025-02-10,B01,SNK003,13,13,OK
2025-02-10,B01,RTE001,18,23,OK
2025-02-10,B01,SNK004,2,10,LOW
2025-02-10,B01,HOU003,19,27,LOW
2025-02-10,B01,HOU001,27,30,OK
2025-02-10,B02,SNK001,13,14,LOW
2025-02-10,B02,RTE002,22,24,OK
2025-02-10,B02,DES003,26,25,OK
2025-02-10,B02,SNK003,18,23,OK
2025-02-10,B02,RTE001,7,12,OK
2025-02-10,B02,SNK004,27,31,OK
2025-02-10,B02,HOU003,24,30,OK
2025-02-10,B02,HOU001,19,23,LOW
2025-02-10,B03,SNK001,13,18,OK
2025-02-10,B03,RTE002,13,18,OK
2025-02-10,B03,DES003,7,13,OK
2025-02-10,B03,SNK003,22,29,OK
2025-02-10,B03,RTE001,17,21,OK
2025-02-10,B03,SNK004,16,17,OK
2025-02-10,B03,HOU003,15,21,LOW
2025-02-10,B03,HOU001,20,25,OK
2025-02-10,B04,SNK001,14,22,OK
2025-02-10,B04,RTE002,27,35,OK
2025-02-10,B04,DES003,24,28,LOW
2025-02-10,B04,SNK003,28,30,LOW
2025-02-10,B04,RTE001,10,17,OK
2025-02-10,B04,SNK004,21,25,OK
2025-02-10,B04,HOU003,11,23,OK
2025-02-10,B04,HOU001,32,41,OK
2025-02-10,B05,SNK001,24,28,LOW
2025-02-10,B05,RTE002,16,18,LOW
2025-02-10,B05,DES003,18,20,OK
2025-02-10,B05,SNK003,8,10,OK
2025-02-10,B05,RTE001,21,24,OK
2025-02-10,B05,SNK004,9,16,OK
2025-02-10,B05,HOU003,23,30,OK
2025-02-10,B05,HOU001,21,27,OK
2025-02-10,B06,SNK001,19,24,OK
2025-02-10,B06,RTE002,26,31,OK
2025-02-10,B06,DES003,25,28,OK
2025-02-10,B06,SNK003,29,37,OK
2025-02-10,B06,RTE001,13,22,OK
2025-02-10,B06,SNK004,20,22,OK
2025-02-10,B06,HOU003,19,24,LOW
2025-02-10,B06,HOU001,18,24,OK
2025-02-11,B01,RTE004,7,10,OK
2025-02-11,B01,BEV002,27,36,OK
2025-02-11,B01,DES002,8,14,OK
2025-02-11,B01,HOU001,19,23,LOW
2025-02-11,B01,SNK004,27,31,LOW
2025-02-11,B01,SNK003,8,15,OK
2025-02-11,B01,SNK002,20,25,LOW
2025-02-11,B01,RTE001,21,31,OK
2025-02-11,B02,RTE004,15,17,LOW
2025-02-11,B02,BEV002,11,16,LOW
2025-02-11,B02,DES002,13,21,LOW
2025-02-11,B02,HOU001,15,19,LOW
2025-02-11,B02,SNK004,12,17,OK
2025-02-11,B02,SNK003,11,21,OK
2025-02-11,B02,SNK002,16,18,OK
2025-02-11,B02,RTE001,26,29,LOW
2025-02-11,B03,RTE004,34,38,OK
2025-02-11,B03,BEV002,23,27,LOW
2025-02-11,B03,DES002,19,22,LOW
2025-02-11,B03,HOU001,9,9,LOW
2025-02-11,B03,SNK004,24,29,LOW
2025-02-11,B03,SNK003,20,27,LOW
2025-02-11,B03,SNK002,25,28,OK
2025-02-11,B03,RTE001,17,20,LOW
2025-02-11,B04,RTE004,19,22,LOW
2025-02-11,B04,BEV002,10,11,OK
2025-02-11,B04,DES002,33,33,OK
2025-02-11,B04,HOU001,11,17,OK
2025-02-11,B04,SNK004,12,13,LOW
2025-02-11,B04,SNK003,15,24,OK
2025-02-11,B04,SNK002,12,16,OK
2025-02-11,B04,RTE001,31,34,LOW
2025-02-11,B05,RTE004,3,9,OK
2025-02-11,B05,BEV002,16,19,LOW
2025-02-11,B05,DES002,32,34,OK
2025-02-11,B05,HOU001,24,26,OK
2025-02-11,B05,SNK004,15,22,OK
2025-02-11,B05,SNK003,24,25,OK
2025-02-11,B05,SNK002,32,40,LOW
2025-02-11,B05,RTE001,19,26,OK
2025-02-11,B06,RTE004,13,17,LOW
2025-02-11,B06,BEV002,20,30,OK
2025-02-11,B06,DES002,24,28,OK
2025-02-11,B06,HOU001,17,24,OK
2025-02-11,B06,SNK004,23,27,OK
2025-02-11,B06,SNK003,33,38,OK
2025-02-11,B06,SNK002,18,21,OK
2025-02-11,B06,RTE001,13,19,LOW
2025-02-12,B01,RTE003,28,35,LOW
2025-02-12,B01,BEV004,16,19,OK
2025-02-12,B01,RTE001,13,25,OK
2025-02-12,B01,BEV003,16,20,OK
2025-02-12,B01,BEV002,18,19,LOW
2025-02-12,B01,HOU003,14,13,LOW
2025-02-12,B01,DES001,13,18,OK
2025-02-12,B01,HOU002,23,31,OK
2025-02-12,B02,RTE003,15,21,OK
2025-02-12,B02,BEV004,15,16,LOW
2025-02-12,B02,RTE001,10,12,OK
2025-02-12,B02,BEV003,21,22,OK
2025-02-12,B02,BEV002,27,33,LOW
2025-02-12,B02,HOU003,23,29,LOW
2025-02-12,B02,DES001,17,14,OK
2025-02-12,B02,HOU002,8,6,LOW
2025-02-12,B03,RTE003,9,15,LOW
2025-02-12,B03,BEV004,16,22,LOW
2025-02-12,B03,RTE001,19,25,LOW
2025-02-12,B03,BEV003,11,10,OK
2025-02-12,B03,BEV002,19,25,LOW
2025-02-12,B03,HOU003,8,19,LOW
2025-02-12,B03,DES001,4,10,LOW
2025-02-12,B03,HOU002,25,25,OK
2025-02-12,B04,RTE003,19,25,OK
2025-02-12,B04,BEV004,34,40,LOW
2025-02-12,B04,RTE001,1,9,LOW
2025-02-12,B04,BEV003,18,24,OK
2025-02-12,B04,BEV002,12,15,OK
2025-02-12,B04,HOU003,12,14,OK
2025-02-12,B04,DES001,12,14,OK
2025-02-12,B04,HOU002,31,37,OK
2025-02-12,B05,RTE003,20,27,OK
2025-02-12,B05,BEV004,33,38,OK
2025-02-12,B05,RTE001,23,25,OK
2025-02-12,B05,BEV003,32,35,LOW
2025-02-12,B05,BEV002,12,18,OK
2025-02-12,B05,HOU003,12,14,OK
2025-02-12,B05,DES001,8,13,OK
2025-02-12,B05,HOU002,9,14,OK
2025-02-12,B06,RTE003,9,14,LOW
2025-02-12,B06,BEV004,14,18,LOW
2025-02-12,B06,RTE001,4,9,OK
2025-02-12,B06,BEV003,33,39,LOW
2025-02-12,B06,BEV002,8,10,OK
2025-02-12,B06,HOU003,25,24,OK
2025-02-12,B06,DES001,12,19,OK
2025-02-12,B06,HOU002,14,23,LOW
2025-02-13,B01,DES002,24,29,OK
2025-02-13,B01,HOU001,27,30,LOW
2025-02-13,B01,HOU002,21,21,OK
2025-02-13,B01,BEV002,8,13,LOW
2025-02-13,B01,RTE001,14,18,LOW
2025-02-13,B01,DES003,6,11,LOW
2025-02-13,B01,RTE003,24,29,LOW
2025-02-13,B01,DES001,25,30,LOW
2025-02-13,B02,DES002,31,37,OK
2025-02-13,B02,HOU001,22,26,OK
2025-02-13,B02,HOU002,18,25,OK
2025-02-13,B02,BEV002,17,17,LOW
2025-02-13,B02,RTE001,19,19,OK
2025-02-13,B02,DES003,31,34,OK
2025-02-13,B02,RTE003,18,26,OK
2025-02-13,B02,DES001,22,26,OK
2025-02-13,B03,DES002,22,30,OK
2025-02-13,B03,HOU001,19,23,OK
2025-02-13,B03,HOU002,18,22,OK
2025-02-13,B03,BEV002,25,34,OK
2025-02-13,B03,RTE001,24,25,LOW
2025-02-13,B03,DES003,24,30,OK
2025-02-13,B03,RTE003,4,13,LOW
2025-02-13,B03,DES001,14,15,OK
2025-02-13,B04,DES002,23,25,OK
2025-02-13,B04,HOU001,2,7,OK
2025-02-13,B04,HOU002,21,32,OK
2025-02-13,B04,BEV002,18,23,OK
2025-02-13,B04,RTE001,29,36,OK
2025-02-13,B04,DES003,7,7,OK
2025-02-13,B04,RTE003,22,26,OK
2025-02-13,B04,DES001,13,22,LOW
2025-02-13,B05,DES002,25,33,OK
2025-02-13,B05,HOU001,17,24,LOW
2025-02-13,B05,HOU002,22,30,OK
2025-02-13,B05,BEV002,22,25,LOW
2025-02-13,B05,RTE001,34,39,OK
2025-02-13,B05,DES003,20,19,OK
2025-02-13,B05,RTE003,12,21,LOW
2025-02-13,B05,DES001,3,9,OK
2025-02-13,B06,DES002,14,19,OK
2025-02-13,B06,HOU001,21,24,OK
2025-02-13,B06,HOU002,18,22,LOW
2025-02-13,B06,BEV002,14,19,OK
2025-02-13,B06,RTE001,9,8,OK
2025-02-13,B06,DES003,15,18,OK
2025-02-13,B06,RTE003,14,20,OK
2025-02-13,B06,DES001,14,13,LOW
2025-02-14,B01,RTE002,7,16,OK
2025-02-14,B01,BEV002,25,31,OK
2025-02-14,B01,HOU002,17,19,OK
2025-02-14,B01,DES001,13,18,LOW
2025-02-14,B01,SNK003,19,21,LOW
2025-02-14,B01,SNK001,34,35,OK
2025-02-14,B01,RTE004,26,32,OK
2025-02-14,B01,RTE003,17,24,OK
2025-02-14,B02,RTE002,19,28,LOW
2025-02-14,B02,BEV002,22,29,OK
2025-02-14,B02,HOU002,10,15,OK
2025-02-14,B02,DES001,15,21,LOW
2025-02-14,B02,SNK003,17,20,OK
2025-02-14,B02,SNK001,14,16,LOW
2025-02-14,B02,RTE004,22,28,OK
2025-02-14,B02,RTE003,14,24,LOW
2025-02-14,B03,RTE002,0,6,OK
2025-02-14,B03,BEV002,20,27,LOW
2025-02-14,B03,HOU002,23,25,OK
2025-02-14,B03,DES001,16,24,OK
2025-02-14,B03,SNK003,7,16,OK
2025-02-14,B03,SNK001,16,21,OK
2025-02-14,B03,RTE004,16,16,LOW
2025-02-14,B03,RTE003,17,20,OK
2025-02-14,B04,RTE002,16,22,OK
2025-02-14,B04,BEV002,3,5,OK
2025-02-14,B04,HOU002,12,14,OK
2025-02-14,B04,DES001,19,26,OK
2025-02-14,B04,SNK003,10,13,OK
2025-02-14,B04,SNK001,12,13,LOW
2025-02-14,B04,RTE004,26,37,LOW
2025-02-14,B04,RTE003,0,4,LOW
2025-02-14,B05,RTE002,17,24,OK
2025-02-14,B05,BEV002,17,21,OK
2025-02-14,B05,HOU002,12,16,OK
2025-02-14,B05,DES001,19,23,OK
2025-02-14,B05,SNK003,21,19,OK
2025-02-14,B05,SNK001,11,16,LOW
2025-02-14,B05,RTE004,15,20,LOW
2025-02-14,B05,RTE003,28,34,LOW
2025-02-14,B06,RTE002,21,26,LOW
2025-02-14,B06,BEV002,20,22,OK
2025-02-14,B06,HOU002,22,29,OK
2025-02-14,B06,DES001,18,23,OK
2025-02-14,B06,SNK003,10,20,OK
2025-02-14,B06,SNK001,13,16,OK
2025-02-14,B06,RTE004,24,28,OK
2025-02-14,B06,RTE003,24,34,OK
2025-02-15,B01,HOU002,34,36,OK
2025-02-15,B01,SNK002,8,10,OK
2025-02-15,B01,DES002,18,21,OK
2025-02-15,B01,RTE001,29,33,LOW
2025-02-15,B01,SNK004,19,29,LOW
2025-02-15,B01,DES001,15,21,OK
2025-02-15,B01,SNK003,26,31,OK
2025-02-15,B01,HOU003,20,20,OK
2025-02-15,B02,HOU002,7,12,OK
2025-02-15,B02,SNK002,14,23,OK
2025-02-15,B02,DES002,9,12,OK
2025-02-15,B02,RTE001,27,23,OK
2025-02-15,B02,SNK004,31,38,LOW
2025-02-15,B02,DES001,19,23,LOW
2025-02-15,B02,SNK003,14,15,LOW
2025-02-15,B02,HOU003,15,21,LOW
2025-02-15,B03,HOU002,5,8,OK
2025-02-15,B03,SNK002,26,30,OK
2025-02-15,B03,DES002,11,20,LOW
2025-02-15,B03,RTE001,17,26,OK
2025-02-15,B03,SNK004,12,14,LOW
2025-02-15,B03,DES001,6,6,OK
2025-02-15,B03,SNK003,7,11,LOW
2025-02-15,B03,HOU003,37,37,OK
2025-02-15,B04,HOU002,16,22,OK
2025-02-15,B04,SNK002,22,26,OK
2025-02-15,B04,DES002,24,33,OK
2025-02-15,B04,RTE001,10,17,OK
2025-02-15,B04,SNK004,13,22,OK
2025-02-15,B04,DES001,15,26,OK
2025-02-15,B04,SNK003,19,19,LOW
2025-02-15,B04,HOU003,11,19,LOW
2025-02-15,B05,HOU002,25,30,OK
2025-02-15,B05,SNK002,20,19,OK
2025-02-15,B05,DES002,19,23,LOW
2025-02-15,B05,RTE001,17,22,OK
2025-02-15,B05,SNK004,22,29,LOW
2025-02-15,B05,DES001,15,21,OK
2025-02-15,B05,SNK003,14,19,OK
2025-02-15,B05,HOU003,10,15,LOW
2025-02-15,B06,HOU002,19,19,OK
2025-02-15,B06,SNK002,8,15,OK
2025-02-15,B06,DES002,9,12,OK
2025-02-15,B06,RTE001,23,26,OK
2025-02-15,B06,SNK004,15,19,OK
2025-02-15,B06,DES001,19,23,LOW
2025-02-15,B06,SNK003,13,17,LOW
2025-02-15,B06,HOU003,21,23,OK
2025-02-16,B01,SNK004,16,21,LOW
2025-02-16,B01,BEV001,12,14,OK
2025-02-16,B01,SNK002,22,31,OK
2025-02-16,B01,SNK003,24,30,OK
2025-02-16,B01,HOU001,23,30,OK
2025-02-16,B01,RTE001,28,31,LOW
2025-02-16,B01,SNK001,6,6,OK
2025-02-16,B01,DES001,14,22,OK
2025-02-16,B02,SNK004,0,6,LOW
2025-02-16,B02,BEV001,19,22,OK
2025-02-16,B02,SNK002,27,32,OK
2025-02-16,B02,SNK003,21,29,OK
2025-02-16,B02,HOU001,14,15,LOW
2025-02-16,B02,RTE001,20,30,OK
2025-02-16,B02,SNK001,21,25,LOW
2025-02-16,B02,DES001,16,18,LOW
2025-02-16,B03,SNK004,21,26,LOW
2025-02-16,B03,BEV001,35,41,OK
2025-02-16,B03,SNK002,21,22,OK
2025-02-16,B03,SNK003,20,22,LOW
2025-02-16,B03,HOU001,20,23,OK
2025-02-16,B03,RTE001,31,38,LOW
2025-02-16,B03,SNK001,13,17,LOW
2025-02-16,B03,DES001,36,38,OK
2025-02-16,B04,SNK004,2,5,OK
2025-02-16,B04,BEV001,16,20,OK
2025-02-16,B04,SNK002,8,14,OK
2025-02-16,B04,SNK003,17,22,LOW
2025-02-16,B04,HOU001,17,22,OK
2025-02-16,B04,RTE001,12,17,OK
2025-02-16,B04,SNK001,18,23,LOW
2025-02-16,B04,DES001,12,13,OK
2025-02-16,B05,SNK004,10,15,OK
2025-02-16,B05,BEV001,6,12,LOW
2025-02-16,B05,SNK002,21,25,LOW
2025-02-16,B05,SNK003,25,25,OK
2025-02-16,B05,HOU001,14,19,OK
2025-02-16,B05,RTE001,24,33,OK
2025-02-16,B05,SNK001,19,22,OK
2025-02-16,B05,DES001,17,23,OK
2025-02-16,B06,SNK004,6,12,LOW
2025-02-16,B06,BEV001,30,38,LOW
2025-02-16,B06,SNK002,0,4,OK
2025-02-16,B06,SNK003,20,26,OK
2025-02-16,B06,HOU001,16,22,OK
2025-02-16,B06,RTE001,19,25,OK
2025-02-16,B06,SNK001,1,6,OOS
2025-02-16,B06,DES001,21,24,OK
2025-02-17,B01,HOU003,13,22,OK
2025-02-17,B01,BEV001,25,33,OK
2025-02-17,B01,BEV002,18,21,OK
2025-02-17,B01,RTE001,12,16,OK
2025-02-17,B01,HOU002,21,25,OK
2025-02-17,B01,BEV003,14,19,LOW
2025-02-17,B01,SNK004,17,17,LOW
2025-02-17,B01,BEV004,14,18,LOW
2025-02-17,B02,HOU003,11,12,LOW
2025-02-17,B02,BEV001,28,33,OK
2025-02-17,B02,BEV002,14,18,OK
2025-02-17,B02,RTE001,15,19,OK
2025-02-17,B02,HOU002,10,13,OK
2025-02-17,B02,BEV003,21,27,OK
2025-02-17,B02,SNK004,21,25,OK
2025-02-17,B02,BEV004,16,22,OK
2025-02-17,B03,HOU003,7,13,OK
2025-02-17,B03,BEV001,28,33,OK
2025-02-17,B03,BEV002,31,30,OK
2025-02-17,B03,RTE001,26,27,OK
2025-02-17,B03,HOU002,22,25,LOW
2025-02-17,B03,BEV003,18,25,LOW
2025-02-17,B03,SNK004,30,30,OK
2025-02-17,B03,BEV004,13,19,OK
2025-02-17,B04,HOU003,26,33,LOW
2025-02-17,B04,BEV001,16,17,OK
2025-02-17,B04,BEV002,26,30,OK
2025-02-17,B04,RTE001,31,38,LOW
2025-02-17,B04,HOU002,5,7,LOW
2025-02-17,B04,BEV003,26,34,OK
2025-02-17,B04,SNK004,12,18,LOW
2025-02-17,B04,BEV004,17,20,OK
2025-02-17,B05,HOU003,12,17,OK
2025-02-17,B05,BEV001,27,34,OK
2025-02-17,B05,BEV002,16,17,LOW
2025-02-17,B05,RTE001,24,28,LOW
2025-02-17,B05,HOU002,24,29,LOW
2025-02-17,B05,BEV003,22,30,OK
2025-02-17,B05,SNK004,11,16,OK
2025-02-17,B05,BEV004,21,28,LOW
2025-02-17,B06,HOU003,31,42,OK
2025-02-17,B06,BEV001,17,25,OK
2025-02-17,B06,BEV002,5,11,OK
2025-02-17,B06,RTE001,17,25,LOW
2025-02-17,B06,HOU002,20,26,OK
2025-02-17,B06,BEV003,27,28,OK
2025-02-17,B06,SNK004,7,15,OK
2025-02-17,B06,BEV004,31,29,OK
2025-02-18,B01,BEV004,20,18,OK
2025-02-18,B01,RTE002,23,24,OK
2025-02-18,B01,SNK003,27,31,LOW
2025-02-18,B01,RTE003,24,37,OK
2025-02-18,B01,HOU003,30,39,LOW
2025-02-18,B01,SNK001,22,23,LOW
2025-02-18,B01,HOU002,19,25,OK
2025-02-18,B01,SNK002,31,35,OK
2025-02-18,B02,BEV004,30,35,OK
2025-02-18,B02,RTE002,25,37,OK
2025-02-18,B02,SNK003,21,31,LOW
2025-02-18,B02,RTE003,7,12,OK
2025-02-18,B02,HOU003,24,24,LOW
2025-02-18,B02,SNK001,21,20,LOW
2025-02-18,B02,HOU002,17,18,LOW
2025-02-18,B02,SNK002,19,24,OK
2025-02-18,B03,BEV004,3,5,OK
2025-02-18,B03,RTE002,22,23,OK
2025-02-18,B03,SNK003,21,29,LOW
2025-02-18,B03,RTE003,18,20,OK
2025-02-18,B03,HOU003,21,23,OK
2025-02-18,B03,SNK001,6,14,LOW
2025-02-18,B03,HOU002,16,22,OK
2025-02-18,B03,SNK002,32,35,LOW
2025-02-18,B04,BEV004,10,11,OK
2025-02-18,B04,RTE002,16,25,OK
2025-02-18,B04,SNK003,20,24,LOW
2025-02-18,B04,RTE003,10,17,LOW
2025-02-18,B04,HOU003,0,7,OK
2025-02-18,B04,SNK001,6,6,LOW
2025-02-18,B04,HOU002,11,15,LOW
2025-02-18,B04,SNK002,20,23,OK
2025-02-18,B05,BEV004,25,30,LOW
2025-02-18,B05,RTE002,7,12,LOW
2025-02-18,B05,SNK003,8,14,OK
2025-02-18,B05,RTE003,32,38,OK
2025-02-18,B05,HOU003,9,9,OK
2025-02-18,B05,SNK001,6,7,OK
2025-02-18,B05,HOU002,13,23,LOW
2025-02-18,B05,SNK002,27,31,OK
2025-02-18,B06,BEV004,20,22,OK
2025-02-18,B06,RTE002,11,15,OK
2025-02-18,B06,SNK003,21,27,OK
2025-02-18,B06,RTE003,20,27,OK
2025-02-18,B06,HOU003,8,11,OK
2025-02-18,B06,SNK001,8,16,LOW
2025-02-18,B06,HOU002,9,20,LOW
2025-02-18,B06,SNK002,29,31,LOW
2025-02-19,B01,BEV004,7,10,OK
2025-02-19,B01,SNK003,7,10,OK
2025-02-19,B01,RTE001,22,25,OK
2025-02-19,B01,BEV001,21,26,OK
2025-02-19,B01,DES003,14,13,OK
2025-02-19,B01,BEV002,16,22,OK
2025-02-19,B01,HOU003,15,17,OK
2025-02-19,B01,HOU002,7,6,OK
2025-02-19,B02,BEV004,3,9,OK
2025-02-19,B02,SNK003,13,22,OK
2025-02-19,B02,RTE001,17,15,OK
2025-02-19,B02,BEV001,15,16,LOW
2025-02-19,B02,DES003,26,27,LOW
2025-02-19,B02,BEV002,10,13,OK
2025-02-19,B02,HOU003,28,29,OK
2025-02-19,B02,HOU002,9,10,LOW
2025-02-19,B03,BEV004,20,24,LOW
2025-02-19,B03,SNK003,14,25,OK
2025-02-19,B03,RTE001,9,16,OK
2025-02-19,B03,BEV001,22,28,LOW
2025-02-19,B03,DES003,25,33,LOW
2025-02-19,B03,BEV002,7,8,OK
2025-02-19,B03,HOU003,20,24,OK
2025-02-19,B03,HOU002,15,15,OK
2025-02-19,B04,BEV004,6,15,OK
2025-02-19,B04,SNK003,23,31,LOW
2025-02-19,B04,RTE001,0,1,LOW
2025-02-19,B04,BEV001,33,38,OK
2025-02-19,B04,DES003,15,17,LOW
2025-02-19,B04,BEV002,21,19,OK
2025-02-19,B04,HOU003,7,16,LOW
2025-02-19,B04,HOU002,14,17,LOW
2025-02-19,B05,BEV004,21,22,LOW
2025-02-19,B05,SNK003,35,40,LOW
2025-02-19,B05,RTE001,15,16,LOW
2025-02-19,B05,BEV001,22,29,LOW
2025-02-19,B05,DES003,21,23,LOW
2025-02-19,B05,BEV002,29,33,OK
2025-02-19,B05,HOU003,25,28,OK
2025-02-19,B05,HOU002,11,14,OK
2025-02-19,B06,BEV004,11,12,OK
2025-02-19,B06,SNK003,30,31,LOW
2025-02-19,B06,RTE001,27,30,LOW
2025-02-19,B06,BEV001,12,15,LOW
2025-02-19,B06,DES003,19,27,OK
2025-02-19,B06,BEV002,23,29,OK
2025-02-19,B06,HOU003,0,3,OOS
2025-02-19,B06,HOU002,28,26,OK
2025-02-20,B01,DES001,18,25,OK
2025-02-20,B01,RTE003,17,23,LOW
2025-02-20,B01,SNK004,2,10,OOS
2025-02-20,B01,BEV001,8,16,LOW
2025-02-20,B01,BEV002,7,10,OK
2025-02-20,B01,SNK002,9,14,OK
2025-02-20,B01,BEV004,15,20,LOW
2025-02-20,B01,DES003,12,20,LOW
2025-02-20,B02,DES001,29,29,OK
2025-02-20,B02,RTE003,21,24,OK
2025-02-20,B02,SNK004,16,12,OK
2025-02-20,B02,BEV001,12,20,OK
2025-02-20,B02,BEV002,7,15,OK
2025-02-20,B02,SNK002,11,20,OK
2025-02-20,B02,BEV004,26,35,OK
2025-02-20,B02,DES003,5,7,OK
2025-02-20,B03,DES001,0,7,LOW
2025-02-20,B03,RTE003,36,40,OK
2025-02-20,B03,SNK004,23,28,OK
2025-02-20,B03,BEV001,0,3,LOW
2025-02-20,B03,BEV002,14,18,LOW
2025-02-20,B03,SNK002,17,25,OK
2025-02-20,B03,BEV004,27,33,LOW
2025-02-20,B03,DES003,33,35,OK
2025-02-20,B04,DES001,29,31,OK
2025-02-20,B04,RTE003,1,9,LOW
2025-02-20,B04,SNK004,20,25,OK
2025-02-20,B04,BEV001,19,28,LOW
2025-02-20,B04,BEV002,7,13,OK
2025-02-20,B04,SNK002,29,36,OK
2025-02-20,B04,BEV004,34,43,LOW
2025-02-20,B04,DES003,32,36,OK
2025-02-20,B05,DES001,12,17,OK
2025-02-20,B05,RTE003,26,29,OK
2025-02-20,B05,SNK004,24,27,LOW
2025-02-20,B05,BEV001,4,9,OK
2025-02-20,B05,BEV002,9,16,OK
2025-02-20,B05,SNK002,37,46,LOW
2025-02-20,B05,BEV004,7,11,OK
2025-02-20,B05,DES003,22,21,OK
2025-02-20,B06,DES001,21,28,LOW
2025-02-20,B06,RTE003,16,22,LOW
2025-02-20,B06,SNK004,28,35,OK
2025-02-20,B06,BEV001,24,31,LOW
2025-02-20,B06,BEV002,28,28,OK
2025-02-20,B06,SNK002,12,8,OK
2025-02-20,B06,BEV004,11,14,OK
2025-02-20,B06,DES003,23,28,OK
2025-02-21,B01,SNK002,0,0,OK
2025-02-21,B01,RTE004,28,31,OK
2025-02-21,B01,HOU003,22,28,OK
2025-02-21,B01,DES002,14,18,OK
2025-02-21,B01,DES003,14,22,OK
2025-02-21,B01,SNK001,20,21,OK
2025-02-21,B01,HOU001,11,20,OK
2025-02-21,B01,RTE003,6,10,OK
2025-02-21,B02,SNK002,0,6,OK
2025-02-21,B02,RTE004,23,28,OK
2025-02-21,B02,HOU003,20,23,LOW
2025-02-21,B02,DES002,18,19,OK
2025-02-21,B02,DES003,14,20,OK
2025-02-21,B02,SNK001,0,5,LOW
2025-02-21,B02,HOU001,1,4,OOS
2025-02-21,B02,RTE003,22,29,LOW
2025-02-21,B03,SNK002,9,10,OK
2025-02-21,B03,RTE004,4,10,OK
2025-02-21,B03,HOU003,8,12,LOW
2025-02-21,B03,DES002,8,8,OK
2025-02-21,B03,DES003,20,30,OK
2025-02-21,B03,SNK001,24,30,OK
2025-02-21,B03,HOU001,21,29,LOW
2025-02-21,B03,RTE003,10,15,LOW
2025-02-21,B04,SNK002,26,31,OK
2025-02-21,B04,RTE004,36,40,OK
2025-02-21,B04,HOU003,22,32,OK
2025-02-21,B04,DES002,15,21,LOW
2025-02-21,B04,DES003,10,12,OK
2025-02-21,B04,SNK001,23,34,OK
2025-02-21,B04,HOU001,30,33,LOW
2025-02-21,B04,RTE003,29,35,OK
2025-02-21,B05,SNK002,6,7,OK
2025-02-21,B05,RTE004,38,44,LOW
2025-02-21,B05,HOU003,24,24,OK
2025-02-21,B05,DES002,35,39,LOW
2025-02-21,B05,DES003,16,16,OK
2025-02-21,B05,SNK001,14,18,LOW
2025-02-21,B05,HOU001,16,17,LOW
2025-02-21,B05,RTE003,16,27,LOW
2025-02-21,B06,SNK002,11,16,OK
2025-02-21,B06,RTE004,31,36,OK
2025-02-21,B06,HOU003,30,31,OK
2025-02-21,B06,DES002,2,6,OOS
2025-02-21,B06,DES003,2,7,OK
2025-02-21,B06,SNK001,19,22,OK
2025-02-21,B06,HOU001,5,13,LOW
2025-02-21,B06,RTE003,22,23,OK
2025-02-22,B01,RTE003,13,19,LOW
2025-02-22,B01,SNK002,17,22,LOW
2025-02-22,B01,HOU001,6,13,LOW
2025-02-22,B01,BEV004,0,0,OOS
2025-02-22,B01,RTE004,36,37,OK
2025-02-22,B01,SNK001,20,26,OK
2025-02-22,B01,HOU002,14,21,OK
2025-02-22,B01,BEV001,11,19,LOW
2025-02-22,B02,RTE003,27,31,LOW
2025-02-22,B02,SNK002,17,22,OK
2025-02-22,B02,HOU001,13,20,LOW
2025-02-22,B02,BEV004,0,7,OK
2025-02-22,B02,RTE004,12,22,LOW
2025-02-22,B02,SNK001,13,19,LOW
2025-02-22,B02,HOU002,15,20,OK
2025-02-22,B02,BEV001,16,22,OK
2025-02-22,B03,RTE003,20,24,LOW
2025-02-22,B03,SNK002,13,16,LOW
2025-02-22,B03,HOU001,29,38,LOW
2025-02-22,B03,BEV004,19,27,OK
2025-02-22,B03,RTE004,18,25,LOW
2025-02-22,B03,SNK001,25,26,OK
2025-02-22,B03,HOU002,0,7,LOW
2025-02-22,B03,BEV001,24,29,LOW
2025-02-22,B04,RTE003,18,25,LOW
2025-02-22,B04,SNK002,12,13,LOW
2025-02-22,B04,HOU001,17,22,LOW
2025-02-22,B04,BEV004,19,22,OK
2025-02-22,B04,RTE004,31,35,LOW
2025-02-22,B04,SNK001,19,24,OK
2025-02-22,B04,HOU002,23,31,OK
2025-02-22,B04,BEV001,13,19,OK
2025-02-22,B05,RTE003,22,22,OK
2025-02-22,B05,SNK002,22,28,OK
2025-02-22,B05,HOU001,17,22,OK
2025-02-22,B05,BEV004,17,18,OK
2025-02-22,B05,RTE004,16,20,OK
2025-02-22,B05,SNK001,12,17,OK
2025-02-22,B05,HOU002,21,25,LOW
2025-02-22,B05,BEV001,0,7,OK
2025-02-22,B06,RTE003,13,21,LOW
2025-02-22,B06,SNK002,22,30,OK
2025-02-22,B06,HOU001,6,10,OK
2025-02-22,B06,BEV004,26,25,OK
2025-02-22,B06,RTE004,30,37,OK
2025-02-22,B06,SNK001,14,19,LOW
2025-02-22,B06,HOU002,27,27,OK
2025-02-22,B06,BEV001,17,23,OK
2025-02-23,B01,DES003,7,9,OK
2025-02-23,B01,DES002,17,25,OK
2025-02-23,B01,RTE001,19,22,OK
2025-02-23,B01,RTE002,20,23,LOW
2025-02-23,B01,BEV001,11,13,LOW
2025-02-23,B01,SNK001,18,20,LOW
2025-02-23,B01,SNK004,23,27,OK
2025-02-23,B01,RTE004,19,24,OK
2025-02-23,B02,DES003,15,17,LOW
2025-02-23,B02,DES002,22,28,LOW
2025-02-23,B02,RTE001,19,23,LOW
2025-02-23,B02,RTE002,26,33,LOW
2025-02-23,B02,BEV001,18,21,OK
2025-02-23,B02,SNK001,18,26,LOW
2025-02-23,B02,SNK004,25,29,LOW
2025-02-23,B02,RTE004,11,17,LOW
2025-02-23,B03,DES003,30,34,OK
2025-02-23,B03,DES002,19,20,LOW
2025-02-23,B03,RTE001,23,21,OK
2025-02-23,B03,RTE002,31,35,OK
2025-02-23,B03,BEV001,22,29,OK
2025-02-23,B03,SNK001,9,15,LOW
2025-02-23,B03,SNK004,15,16,OK
2025-02-23,B03,RTE004,12,18,OK
2025-02-23,B04,DES003,47,51,LOW
2025-02-23,B04,DES002,16,25,OK
2025-02-23,B04,RTE001,17,21,OK
2025-02-23,B04,RTE002,16,21,OK
2025-02-23,B04,BEV001,25,34,OK
2025-02-23,B04,SNK001,25,32,OK
2025-02-23,B04,SNK004,24,26,OK
2025-02-23,B04,RTE004,11,16,OK
2025-02-23,B05,DES003,14,20,OK
2025-02-23,B05,DES002,15,19,OK
2025-02-23,B05,RTE001,16,23,OK
2025-02-23,B05,RTE002,14,21,LOW
2025-02-23,B05,BEV001,18,22,OK
2025-02-23,B05,SNK001,34,37,OK
2025-02-23,B05,SNK004,11,17,LOW
2025-02-23,B05,RTE004,8,14,OK
2025-02-23,B06,DES003,11,12,OK
2025-02-23,B06,DES002,16,21,OK
2025-02-23,B06,RTE001,7,11,OK
2025-02-23,B06,RTE002,23,26,OK
2025-02-23,B06,BEV001,13,16,LOW
2025-02-23,B06,SNK001,13,19,OK
2025-02-23,B06,SNK004,19,26,OK
2025-02-23,B06,RTE004,17,18,OK
2025-02-24,B01,BEV003,2,8,LOW
2025-02-24,B01,SNK001,5,9,OK
2025-02-24,B01,SNK002,19,22,OK
2025-02-24,B01,RTE004,8,17,OK
2025-02-24,B01,HOU001,32,39,OK
2025-02-24,B01,DES001,17,23,OK
2025-02-24,B01,RTE002,28,37,LOW
2025-02-24,B01,HOU002,25,27,LOW
2025-02-24,B02,BEV003,23,30,OK
2025-02-24,B02,SNK001,26,31,LOW
2025-02-24,B02,SNK002,29,31,LOW
2025-02-24,B02,RTE004,21,23,OK
2025-02-24,B02,HOU001,28,31,OK
2025-02-24,B02,DES001,17,26,OK
2025-02-24,B02,RTE002,11,12,LOW
2025-02-24,B02,HOU002,22,26,OK
2025-02-24,B03,BEV003,26,34,LOW
2025-02-24,B03,SNK001,14,21,OK
2025-02-24,B03,SNK002,38,38,OK
2025-02-24,B03,RTE004,18,25,OK
2025-02-24,B03,HOU001,17,26,OK
2025-02-24,B03,DES001,24,31,OK
2025-02-24,B03,RTE002,24,26,OK
2025-02-24,B03,HOU002,15,22,OK
2025-02-24,B04,BEV003,19,22,OK
2025-02-24,B04,SNK001,25,29,LOW
2025-02-24,B04,SNK002,15,20,OK
2025-02-24,B04,RTE004,1,9,OK
2025-02-24,B04,HOU001,17,20,OK
2025-02-24,B04,DES001,21,26,OK
2025-02-24,B04,RTE002,20,17,LOW
2025-02-24,B04,HOU002,10,18,OK
2025-02-24,B05,BEV003,19,22,LOW
2025-02-24,B05,SNK001,26,33,OK
2025-02-24,B05,SNK002,19,22,OK
2025-02-24,B05,RTE004,16,19,OK
2025-02-24,B05,HOU001,14,20,LOW
2025-02-24,B05,DES001,4,3,OK
2025-02-24,B05,RTE002,20,23,OK
2025-02-24,B05,HOU002,23,27,OK
2025-02-24,B06,BEV003,22,28,OK
2025-02-24,B06,SNK001,22,27,LOW
2025-02-24,B06,SNK002,19,24,OK
2025-02-24,B06,RTE004,17,24,OK
2025-02-24,B06,HOU001,24,30,OK
2025-02-24,B06,DES001,7,10,OK
2025-02-24,B06,RTE002,20,26,OK
2025-02-24,B06,HOU002,19,20,OK
2025-02-25,B01,BEV002,22,28,OK
2025-02-25,B01,SNK002,21,26,OK
2025-02-25,B01,HOU003,17,19,OK
2025-02-25,B01,RTE004,5,16,LOW
2025-02-25,B01,HOU002,20,24,OK
2025-02-25,B01,BEV003,22,24,OK
2025-02-25,B01,RTE003,10,15,LOW
2025-02-25,B01,HOU001,14,17,LOW
2025-02-25,B02,BEV002,23,24,OK
2025-02-25,B02,SNK002,17,21,LOW
2025-02-25,B02,HOU003,17,25,OK
2025-02-25,B02,RTE004,21,22,LOW
2025-02-25,B02,HOU002,21,26,OK
2025-02-25,B02,BEV003,8,12,OK
2025-02-25,B02,RTE003,7,15,OK
2025-02-25,B02,HOU001,14,20,OK
2025-02-25,B03,BEV002,33,33,OK
2025-02-25,B03,SNK002,14,22,LOW
2025-02-25,B03,HOU003,33,38,LOW
2025-02-25,B03,RTE004,14,22,OK
2025-02-25,B03,HOU002,16,19,OK
2025-02-25,B03,BEV003,18,24,OK
2025-02-25,B03,RTE003,14,18,OK
2025-02-25,B03,HOU001,2,6,LOW
2025-02-25,B04,BEV002,11,12,OK
2025-02-25,B04,SNK002,1,3,LOW
2025-02-25,B04,HOU003,25,30,OK
2025-02-25,B04,RTE004,0,6,LOW
2025-02-25,B04,HOU002,12,18,OK
2025-02-25,B04,BEV003,19,24,LOW
2025-02-25,B04,RTE003,0,6,OK
2025-02-25,B04,HOU001,19,24,LOW
2025-02-25,B05,BEV002,15,20,LOW
2025-02-25,B05,SNK002,15,19,OK
2025-02-25,B05,HOU003,16,20,OK
2025-02-25,B05,RTE004,21,26,OK
2025-02-25,B05,HOU002,13,17,LOW
2025-02-25,B05,BEV003,34,29,LOW
2025-02-25,B05,RTE003,38,41,OK
2025-02-25,B05,HOU001,3,9,OK
2025-02-25,B06,BEV002,15,18,LOW
2025-02-25,B06,SNK002,17,21,OK
2025-02-25,B06,HOU003,32,34,LOW
2025-02-25,B06,RTE004,0,7,OOS
2025-02-25,B06,HOU002,13,17,OK
2025-02-25,B06,BEV003,32,33,LOW
2025-02-25,B06,RTE003,29,35,LOW
2025-02-25,B06,HOU001,18,24,OK
2025-02-26,B01,SNK003,32,39,LOW
2025-02-26,B01,BEV003,12,18,OK
2025-02-26,B01,RTE002,10,20,LOW
2025-02-26,B01,SNK002,17,20,LOW
2025-02-26,B01,DES003,12,20,LOW
2025-02-26,B01,DES002,19,27,OK
2025-02-26,B01,HOU002,14,22,OK
2025-02-26,B01,HOU003,23,30,LOW
2025-02-26,B02,SNK003,8,16,OK
2025-02-26,B02,BEV003,24,28,LOW
2025-02-26,B02,RTE002,16,22,OK
2025-02-26,B02,SNK002,34,47,OK
2025-02-26,B02,DES003,29,35,LOW
2025-02-26,B02,DES002,5,12,OK
2025-02-26,B02,HOU002,12,16,LOW
2025-02-26,B02,HOU003,6,11,OK
2025-02-26,B03,SNK003,24,25,LOW
2025-02-26,B03,BEV003,22,24,OK
2025-02-26,B03,RTE002,10,17,OK
2025-02-26,B03,SNK002,14,16,OK
2025-02-26,B03,DES003,35,39,LOW
2025-02-26,B03,DES002,11,18,OK
2025-02-26,B03,HOU002,15,25,LOW
2025-02-26,B03,HOU003,30,42,LOW
2025-02-26,B04,SNK003,16,26,LOW
2025-02-26,B04,BEV003,25,24,OK
2025-02-26,B04,RTE002,17,25,OK
2025-02-26,B04,SNK002,5,8,LOW
2025-02-26,B04,DES003,14,15,LOW
2025-02-26,B04,DES002,9,13,OK
2025-02-26,B04,HOU002,10,18,LOW
2025-02-26,B04,HOU003,29,35,OK
2025-02-26,B05,SNK003,18,21,OK
2025-02-26,B05,BEV003,33,35,OK
2025-02-26,B05,RTE002,16,24,OK
2025-02-26,B05,SNK002,23,29,LOW
2025-02-26,B05,DES003,0,4,OK
2025-02-26,B05,DES002,13,19,OK
2025-02-26,B05,HOU002,15,16,OK
2025-02-26,B05,HOU003,35,43,LOW
2025-02-26,B06,SNK003,23,36,OK
2025-02-26,B06,BEV003,10,12,OK
2025-02-26,B06,RTE002,23,26,OK
2025-02-26,B06,SNK002,20,21,LOW
2025-02-26,B06,DES003,16,20,OK
2025-02-26,B06,DES002,22,31,LOW
2025-02-26,B06,HOU002,0,6,OK
2025-02-26,B06,HOU003,13,17,OK
2025-02-27,B01,DES003,5,8,OK
2025-02-27,B01,DES002,28,37,OK
2025-02-27,B01,BEV002,24,24,OK
2025-02-27,B01,RTE002,15,16,LOW
2025-02-27,B01,BEV004,20,21,OK
2025-02-27,B01,HOU002,26,32,LOW
2025-02-27,B01,SNK002,19,21,LOW
2025-02-27,B01,RTE003,20,25,OK
2025-02-27,B02,DES003,16,17,OK
2025-02-27,B02,DES002,12,19,OK
2025-02-27,B02,BEV002,6,10,OK
2025-02-27,B02,RTE002,3,6,LOW
2025-02-27,B02,BEV004,16,24,OK
2025-02-27,B02,HOU002,23,27,LOW
2025-02-27,B02,SNK002,3,7,OK
2025-02-27,B02,RTE003,25,30,OK
2025-02-27,B03,DES003,25,26,LOW
2025-02-27,B03,DES002,3,6,LOW
2025-02-27,B03,BEV002,6,13,OK
2025-02-27,B03,RTE002,16,18,LOW
2025-02-27,B03,BEV004,19,23,LOW
2025-02-27,B03,HOU002,19,25,LOW
2025-02-27,B03,SNK002,22,26,OK
2025-02-27,B03,RTE003,29,35,OK
2025-02-27,B04,DES003,25,36,OK
2025-02-27,B04,DES002,20,28,OK
2025-02-27,B04,BEV002,15,24,OK
2025-02-27,B04,RTE002,13,15,OK
2025-02-27,B04,BEV004,8,14,LOW
2025-02-27,B04,HOU002,1,0,LOW
2025-02-27,B04,SNK002,21,26,OK
2025-02-27,B04,RTE003,11,19,LOW
2025-02-27,B05,DES003,18,20,OK
2025-02-27,B05,DES002,22,21,OK
2025-02-27,B05,BEV002,25,33,LOW
2025-02-27,B05,RTE002,18,21,OK
2025-02-27,B05,BEV004,14,16,LOW
2025-02-27,B05,HOU002,18,19,LOW
2025-02-27,B05,SNK002,24,30,OK
2025-02-27,B05,RTE003,20,25,OK
2025-02-27,B06,DES003,20,19,OK
2025-02-27,B06,DES002,8,21,OK
2025-02-27,B06,BEV002,33,38,OK
2025-02-27,B06,RTE002,14,15,OK
2025-02-27,B06,BEV004,33,36,OK
2025-02-27,B06,HOU002,18,22,OK
2025-02-27,B06,SNK002,20,27,OK
2025-02-27,B06,RTE003,9,11,OK
2025-02-28,B01,SNK001,24,32,LOW
2025-02-28,B01,BEV003,11,15,OK
2025-02-28,B01,HOU003,16,24,LOW
2025-02-28,B01,SNK002,22,25,LOW
2025-02-28,B01,RTE003,16,20,OK
2025-02-28,B01,SNK003,20,29,LOW
2025-02-28,B01,DES003,18,21,OK
2025-02-28,B01,BEV001,8,13,LOW
2025-02-28,B02,SNK001,19,25,OK
2025-02-28,B02,BEV003,18,23,OK
2025-02-28,B02,HOU003,16,20,OK
2025-02-28,B02,SNK002,27,31,OK
2025-02-28,B02,RTE003,24,31,OK
2025-02-28,B02,SNK003,17,21,LOW
2025-02-28,B02,DES003,15,19,LOW
2025-02-28,B02,BEV001,11,14,OK
2025-02-28,B03,SNK001,30,33,LOW
2025-02-28,B03,BEV003,22,24,LOW
2025-02-28,B03,HOU003,29,35,LOW
2025-02-28,B03,SNK002,30,36,OK
2025-02-28,B03,RTE003,27,31,OK
2025-02-28,B03,SNK003,22,27,LOW
2025-02-28,B03,DES003,21,25,LOW
2025-02-28,B03,BEV001,12,13,OK
2025-02-28,B04,SNK001,6,13,OK
2025-02-28,B04,BEV003,22,34,OK
2025-02-28,B04,HOU003,19,26,OK
2025-02-28,B04,SNK002,10,13,OK
2025-02-28,B04,RTE003,16,19,LOW
2025-02-28,B04,SNK003,14,19,OK
2025-02-28,B04,DES003,24,28,LOW
2025-02-28,B04,BEV001,25,30,LOW
2025-02-28,B05,SNK001,24,24,LOW
2025-02-28,B05,BEV003,18,26,OK
2025-02-28,B05,HOU003,37,40,OK
2025-02-28,B05,SNK002,16,20,OK
2025-02-28,B05,RTE003,25,25,OK
2025-02-28,B05,SNK003,24,27,OK
2025-02-28,B05,DES003,12,13,OK
2025-02-28,B05,BEV001,19,24,OK
2025-02-28,B06,SNK001,10,12,OK
2025-02-28,B06,BEV003,32,40,OK
2025-02-28,B06,HOU003,24,30,LOW
2025-02-28,B06,SNK002,30,32,OK
2025-02-28,B06,RTE003,0,2,OOS
2025-02-28,B06,SNK003,24,30,OK
2025-02-28,B06,DES003,7,14,OK
2025-02-28,B06,BEV001,19,20,LOW
2025-03-01,B01,SNK002,18,19,OK
2025-03-01,B01,HOU001,10,17,LOW
2025-03-01,B01,BEV002,2,5,OOS
2025-03-01,B01,DES002,23,32,OK
2025-03-01,B01,SNK004,2,7,OK
2025-03-01,B01,RTE003,20,28,LOW
2025-03-01,B01,HOU002,18,26,OK
2025-03-01,B01,BEV003,11,17,OK
2025-03-01,B02,SNK002,24,26,OK
2025-03-01,B02,HOU001,10,18,OK
2025-03-01,B02,BEV002,18,20,OK
2025-03-01,B02,DES002,15,23,OK
2025-03-01,B02,SNK004,18,24,OK
2025-03-01,B02,RTE003,6,16,OK
2025-03-01,B02,HOU002,15,19,OK
2025-03-01,B02,BEV003,24,27,LOW
2025-03-01,B03,SNK002,11,22,OK
2025-03-01,B03,HOU001,3,5,OK
2025-03-01,B03,BEV002,25,32,LOW
2025-03-01,B03,DES002,6,7,OK
2025-03-01,B03,SNK004,13,22,LOW
2025-03-01,B03,RTE003,23,32,LOW
2025-03-01,B03,HOU002,20,26,LOW
2025-03-01,B03,BEV003,17,20,LOW
2025-03-01,B04,SNK002,12,18,OK
2025-03-01,B04,HOU001,18,19,LOW
2025-03-01,B04,BEV002,27,32,OK
2025-03-01,B04,DES002,12,15,OK
2025-03-01,B04,SNK004,29,36,OK
2025-03-01,B04,RTE003,25,34,OK
2025-03-01,B04,HOU002,30,35,LOW
2025-03-01,B04,BEV003,25,29,LOW
2025-03-01,B05,SNK002,37,43,OK
2025-03-01,B05,HOU001,29,36,OK
2025-03-01,B05,BEV002,25,34,OK
2025-03-01,B05,DES002,16,19,OK
2025-03-01,B05,SNK004,25,31,OK
2025-03-01,B05,RTE003,14,19,LOW
2025-03-01,B05,HOU002,20,23,OK
2025-03-01,B05,BEV003,26,28,LOW
2025-03-01,B06,SNK002,21,27,OK
2025-03-01,B06,HOU001,18,24,LOW
2025-03-01,B06,BEV002,20,25,OK
2025-03-01,B06,DES002,4,6,OK
2025-03-01,B06,SNK004,13,19,OK
2025-03-01,B06,RTE003,14,17,LOW
2025-03-01,B06,HOU002,27,30,LOW
2025-03-01,B06,BEV003,17,24,OK
2025-03-02,B01,DES001,26,35,OK
2025-03-02,B01,SNK001,16,18,OK
2025-03-02,B01,HOU002,7,11,OK
2025-03-02,B01,BEV003,22,26,LOW
2025-03-02,B01,HOU003,15,16,OK
2025-03-02,B01,RTE004,19,30,OK
2025-03-02,B01,RTE003,17,21,OK
2025-03-02,B01,SNK003,16,25,LOW
2025-03-02,B02,DES001,15,18,LOW
2025-03-02,B02,SNK001,26,30,OK
2025-03-02,B02,HOU002,7,11,OK
2025-03-02,B02,BEV003,31,38,OK
2025-03-02,B02,HOU003,13,22,OK
2025-03-02,B02,RTE004,20,24,OK
2025-03-02,B02,RTE003,18,28,LOW
2025-03-02,B02,SNK003,20,27,OK
2025-03-02,B03,DES001,6,8,LOW
2025-03-02,B03,SNK001,28,32,LOW
2025-03-02,B03,HOU002,12,16,OK
2025-03-02,B03,BEV003,13,18,OK
2025-03-02,B03,HOU003,14,14,LOW
2025-03-02,B03,RTE004,14,17,LOW
2025-03-02,B03,RTE003,26,31,OK
2025-03-02,B03,SNK003,20,28,OK
2025-03-02,B04,DES001,16,24,OK
2025-03-02,B04,SNK001,32,38,OK
2025-03-02,B04,HOU002,22,25,OK
2025-03-02,B04,BEV003,11,18,LOW
2025-03-02,B04,HOU003,17,22,OK
2025-03-02,B04,RTE004,24,29,OK
2025-03-02,B04,RTE003,30,37,LOW
2025-03-02,B04,SNK003,29,32,OK
2025-03-02,B05,DES001,18,18,LOW
2025-03-02,B05,SNK001,28,30,OK
2025-03-02,B05,HOU002,20,21,LOW
2025-03-02,B05,BEV003,21,24,OK
2025-03-02,B05,HOU003,20,21,OK
2025-03-02,B05,RTE004,21,27,OK
2025-03-02,B05,RTE003,26,32,OK
2025-03-02,B05,SNK003,13,18,LOW
2025-03-02,B06,DES001,27,35,OK
2025-03-02,B06,SNK001,18,19,OK
2025-03-02,B06,HOU002,12,15,LOW
2025-03-02,B06,BEV003,16,28,OK
2025-03-02,B06,HOU003,9,9,LOW
2025-03-02,B06,RTE004,28,29,OK
2025-03-02,B06,RTE003,28,41,LOW
2025-03-02,B06,SNK003,0,0,OK
2025-03-03,B01,SNK001,16,23,LOW
2025-03-03,B01,DES003,19,19,OK
2025-03-03,B01,RTE002,30,38,LOW
2025-03-03,B01,BEV004,11,14,OK
2025-03-03,B01,HOU002,27,36,LOW
2025-03-03,B01,HOU003,23,26,OK
2025-03-03,B01,SNK004,27,29,LOW
2025-03-03,B01,RTE004,28,27,OK
2025-03-03,B02,SNK001,17,21,LOW
2025-03-03,B02,DES003,42,45,OK
2025-03-03,B02,RTE002,2,7,OK
2025-03-03,B02,BEV004,16,20,OK
2025-03-03,B02,HOU002,23,24,OK
2025-03-03,B02,HOU003,22,23,OK
2025-03-03,B02,SNK004,26,34,LOW
2025-03-03,B02,RTE004,31,37,OK
2025-03-03,B03,SNK001,14,16,OK
2025-03-03,B03,DES003,20,25,OK
2025-03-03,B03,RTE002,21,32,LOW
2025-03-03,B03,BEV004,21,26,LOW
2025-03-03,B03,HOU002,21,21,OK
2025-03-03,B03,HOU003,15,18,OK
2025-03-03,B03,SNK004,25,29,LOW
2025-03-03,B03,RTE004,9,9,OK
2025-03-03,B04,SNK001,33,40,LOW
2025-03-03,B04,DES003,20,28,LOW
2025-03-03,B04,RTE002,18,19,OK
2025-03-03,B04,BEV004,20,30,OK
2025-03-03,B04,HOU002,27,32,LOW
2025-03-03,B04,HOU003,23,30,LOW
2025-03-03,B04,SNK004,8,11,OK
2025-03-03,B04,RTE004,34,34,OK
2025-03-03,B05,SNK001,25,27,OK
2025-03-03,B05,DES003,16,19,OK
2025-03-03,B05,RTE002,12,18,OK
2025-03-03,B05,BEV004,11,16,OK
2025-03-03,B05,HOU002,17,19,LOW
2025-03-03,B05,HOU003,11,15,LOW
2025-03-03,B05,SNK004,14,24,LOW
2025-03-03,B05,RTE004,28,29,OK
2025-03-03,B06,SNK001,14,15,LOW
2025-03-03,B06,DES003,11,17,OK
2025-03-03,B06,RTE002,18,19,OK
2025-03-03,B06,BEV004,29,31,OK
2025-03-03,B06,HOU002,21,25,OK
2025-03-03,B06,HOU003,20,27,OK
2025-03-03,B06,SNK004,13,14,LOW
2025-03-03,B06,RTE004,13,15,OK
2025-03-04,B01,DES002,17,22,OK
2025-03-04,B01,BEV002,33,38,LOW
2025-03-04,B01,HOU002,22,25,OK
2025-03-04,B01,SNK003,18,26,OK
2025-03-04,B01,HOU003,29,33,LOW
2025-03-04,B01,RTE001,18,24,OK
2025-03-04,B01,BEV003,9,10,LOW
2025-03-04,B01,BEV004,15,19,OK
2025-03-04,B02,DES002,17,16,LOW
2025-03-04,B02,BEV002,21,27,OK
2025-03-04,B02,HOU002,27,32,OK
2025-03-04,B02,SNK003,21,31,OK
2025-03-04,B02,HOU003,30,32,OK
2025-03-04,B02,RTE001,19,24,LOW
2025-03-04,B02,BEV003,22,29,OK
2025-03-04,B02,BEV004,29,37,LOW
2025-03-04,B03,DES002,14,25,LOW
2025-03-04,B03,BEV002,21,26,LOW
2025-03-04,B03,HOU002,27,35,OK
2025-03-04,B03,SNK003,9,17,LOW
2025-03-04,B03,HOU003,16,19,LOW
2025-03-04,B03,RTE001,19,20,LOW
2025-03-04,B03,BEV003,17,27,LOW
2025-03-04,B03,BEV004,19,23,OK
2025-03-04,B04,DES002,29,35,LOW
2025-03-04,B04,BEV002,13,18,LOW
2025-03-04,B04,HOU002,11,18,LOW
2025-03-04,B04,SNK003,0,9,OOS
2025-03-04,B04,HOU003,4,8,OK
2025-03-04,B04,RTE001,23,27,OK
2025-03-04,B04,BEV003,11,17,OK
2025-03-04,B04,BEV004,33,39,LOW
2025-03-04,B05,DES002,20,29,OK
2025-03-04,B05,BEV002,20,23,LOW
2025-03-04,B05,HOU002,18,24,OK
2025-03-04,B05,SNK003,0,6,OOS
2025-03-04,B05,HOU003,8,10,OK
2025-03-04,B05,RTE001,19,23,OK
2025-03-04,B05,BEV003,4,12,LOW
2025-03-04,B05,BEV004,24,32,LOW
2025-03-04,B06,DES002,18,21,OK
2025-03-04,B06,BEV002,8,11,OK
2025-03-04,B06,HOU002,23,27,LOW
2025-03-04,B06,SNK003,19,19,OK
2025-03-04,B06,HOU003,24,28,OK
2025-03-04,B06,RTE001,20,24,OK
2025-03-04,B06,BEV003,29,34,LOW
2025-03-04,B06,BEV004,23,26,LOW
2025-03-05,B01,DES002,10,9,OK
2025-03-05,B01,SNK001,26,28,OK
2025-03-05,B01,SNK004,9,10,LOW
2025-03-05,B01,RTE004,14,20,OK
2025-03-05,B01,RTE003,25,35,OK
2025-03-05,B01,SNK002,12,10,LOW
2025-03-05,B01,RTE001,21,28,LOW
2025-03-05,B01,BEV004,17,21,OK
2025-03-05,B02,DES002,21,26,OK
2025-03-05,B02,SNK001,23,29,LOW
2025-03-05,B02,SNK004,15,21,LOW
2025-03-05,B02,RTE004,27,34,OK
2025-03-05,B02,RTE003,28,34,LOW
2025-03-05,B02,SNK002,0,13,OK
2025-03-05,B02,RTE001,15,19,LOW
2025-03-05,B02,BEV004,0,2,LOW
2025-03-05,B03,DES002,25,32,OK
2025-03-05,B03,SNK001,23,27,OK
2025-03-05,B03,SNK004,13,16,OK
2025-03-05,B03,RTE004,14,22,OK
2025-03-05,B03,RTE003,14,18,OK
2025-03-05,B03,SNK002,20,26,LOW
2025-03-05,B03,RTE001,12,15,OK
2025-03-05,B03,BEV004,17,19,LOW
2025-03-05,B04,DES002,17,19,OK
2025-03-05,B04,SNK001,23,28,OK
2025-03-05,B04,SNK004,11,22,OK
2025-03-05,B04,RTE004,34,39,OK
2025-03-05,B04,RTE003,24,30,LOW
2025-03-05,B04,SNK002,20,24,LOW
2025-03-05,B04,RTE001,3,9,OK
2025-03-05,B04,BEV004,22,31,OK
2025-03-05,B05,DES002,18,21,OK
2025-03-05,B05,SNK001,26,31,LOW
2025-03-05,B05,SNK004,16,19,LOW
2025-03-05,B05,RTE004,14,20,OK
2025-03-05,B05,RTE003,26,24,LOW
2025-03-05,B05,SNK002,33,33,OK
2025-03-05,B05,RTE001,13,16,LOW
2025-03-05,B05,BEV004,17,23,OK
2025-03-05,B06,DES002,7,16,LOW
2025-03-05,B06,SNK001,14,13,LOW
2025-03-05,B06,SNK004,24,26,OK
2025-03-05,B06,RTE004,11,14,OK
2025-03-05,B06,RTE003,1,10,LOW
2025-03-05,B06,SNK002,9,15,LOW
2025-03-05,B06,RTE001,5,15,OK
2025-03-05,B06,BEV004,7,11,OK
2025-03-06,B01,RTE001,31,34,OK
2025-03-06,B01,DES001,19,17,LOW
2025-03-06,B01,RTE004,16,21,OK
2025-03-06,B01,SNK004,24,31,OK
2025-03-06,B01,HOU003,33,41,OK
2025-03-06,B01,BEV003,14,13,OK
2025-03-06,B01,SNK003,28,34,OK
2025-03-06,B01,BEV002,13,16,OK
2025-03-06,B02,RTE001,19,23,LOW
2025-03-06,B02,DES001,19,22,OK
2025-03-06,B02,RTE004,11,20,OK
2025-03-06,B02,SNK004,10,14,OK
2025-03-06,B02,HOU003,16,19,OK
2025-03-06,B02,BEV003,20,21,OK
2025-03-06,B02,SNK003,34,38,OK
2025-03-06,B02,BEV002,18,23,OK
2025-03-06,B03,RTE001,26,33,LOW
2025-03-06,B03,DES001,25,28,OK
2025-03-06,B03,RTE004,29,36,OK
2025-03-06,B03,SNK004,13,17,OK
2025-03-06,B03,HOU003,12,17,OK
2025-03-06,B03,BEV003,22,26,OK
2025-03-06,B03,SNK003,19,21,LOW
2025-03-06,B03,BEV002,19,23,OK
2025-03-06,B04,RTE001,28,35,OK
2025-03-06,B04,DES001,27,34,OK
2025-03-06,B04,RTE004,18,22,OK
2025-03-06,B04,SNK004,13,18,OK
2025-03-06,B04,HOU003,18,27,LOW
2025-03-06,B04,BEV003,14,18,OK
2025-03-06,B04,SNK003,34,41,OK
2025-03-06,B04,BEV002,22,27,OK
2025-03-06,B05,RTE001,19,26,OK
2025-03-06,B05,DES001,15,23,LOW
2025-03-06,B05,RTE004,21,24,OK
2025-03-06,B05,SNK004,13,22,OK
2025-03-06,B05,HOU003,26,32,OK
2025-03-06,B05,BEV003,14,17,OK
2025-03-06,B05,SNK003,24,25,OK
2025-03-06,B05,BEV002,8,11,OK
2025-03-06,B06,RTE001,14,20,OK
2025-03-06,B06,DES001,34,41,OK
2025-03-06,B06,RTE004,7,5,LOW
2025-03-06,B06,SNK004,18,24,OK
2025-03-06,B06,HOU003,18,24,LOW
2025-03-06,B06,BEV003,15,23,OK
2025-03-06,B06,SNK003,12,16,OK
2025-03-06,B06,BEV002,13,20,LOW
2025-03-07,B01,DES003,17,16,OK
2025-03-07,B01,HOU002,17,26,OK
2025-03-07,B01,SNK002,9,18,OK
2025-03-07,B01,RTE002,14,23,OK
2025-03-07,B01,RTE001,19,25,OK
2025-03-07,B01,SNK001,19,21,OK
2025-03-07,B01,HOU001,16,18,LOW
2025-03-07,B01,BEV003,20,23,OK
2025-03-07,B02,DES003,12,17,OK
2025-03-07,B02,HOU002,15,18,LOW
2025-03-07,B02,SNK002,17,23,LOW
2025-03-07,B02,RTE002,1,3,OK
2025-03-07,B02,RTE001,5,13,OK
2025-03-07,B02,SNK001,30,40,OK
2025-03-07,B02,HOU001,8,11,OK
2025-03-07,B02,BEV003,26,30,OK
2025-03-07,B03,DES003,37,43,OK
2025-03-07,B03,HOU002,9,16,OK
2025-03-07,B03,SNK002,3,6,LOW
2025-03-07,B03,RTE002,19,22,OK
2025-03-07,B03,RTE001,29,37,OK
2025-03-07,B03,SNK001,17,25,LOW
2025-03-07,B03,HOU001,18,20,LOW
2025-03-07,B03,BEV003,19,28,OK
2025-03-07,B04,DES003,7,11,LOW
2025-03-07,B04,HOU002,24,25,LOW
2025-03-07,B04,SNK002,17,19,LOW
2025-03-07,B04,RTE002,17,21,OK
2025-03-07,B04,RTE001,8,12,OK
2025-03-07,B04,SNK001,18,19,LOW
2025-03-07,B04,HOU001,15,18,OK
2025-03-07,B04,BEV003,5,9,OK
2025-03-07,B05,DES003,23,27,LOW
2025-03-07,B05,HOU002,14,18,OK
2025-03-07,B05,SNK002,10,13,OK
2025-03-07,B05,RTE002,29,35,LOW
2025-03-07,B05,RTE001,21,27,OK
2025-03-07,B05,SNK001,16,24,LOW
2025-03-07,B05,HOU001,16,22,OK
2025-03-07,B05,BEV003,15,19,LOW
2025-03-07,B06,DES003,15,16,OK
2025-03-07,B06,HOU002,24,27,OK
2025-03-07,B06,SNK002,19,28,OK
2025-03-07,B06,RTE002,13,18,LOW
2025-03-07,B06,RTE001,8,13,OK
2025-03-07,B06,SNK001,24,31,OK
2025-03-07,B06,HOU001,16,20,OK
2025-03-07,B06,BEV003,9,16,OK
2025-03-08,B01,DES003,15,23,OK
2025-03-08,B01,DES001,14,18,OK
2025-03-08,B01,BEV002,21,27,OK
2025-03-08,B01,BEV004,2,6,OOS
2025-03-08,B01,RTE004,10,9,OK
2025-03-08,B01,BEV003,17,21,OK
2025-03-08,B01,BEV001,16,22,OK
2025-03-08,B01,HOU003,19,27,LOW
2025-03-08,B02,DES003,39,42,OK
2025-03-08,B02,DES001,12,10,OK
2025-03-08,B02,BEV002,5,6,OK
2025-03-08,B02,BEV004,21,27,LOW
2025-03-08,B02,RTE004,33,39,LOW
2025-03-08,B02,BEV003,16,20,LOW
2025-03-08,B02,BEV001,11,23,OK
2025-03-08,B02,HOU003,30,35,LOW
2025-03-08,B03,DES003,12,15,OK
2025-03-08,B03,DES001,20,30,OK
2025-03-08,B03,BEV002,14,20,LOW
2025-03-08,B03,BEV004,10,16,OK
2025-03-08,B03,RTE004,19,22,OK
2025-03-08,B03,BEV003,18,24,OK
2025-03-08,B03,BEV001,5,12,OK
2025-03-08,B03,HOU003,18,18,OK
2025-03-08,B04,DES003,35,36,LOW
2025-03-08,B04,DES001,22,26,OK
2025-03-08,B04,BEV002,10,14,OK
2025-03-08,B04,BEV004,19,24,OK
2025-03-08,B04,RTE004,19,23,OK
2025-03-08,B04,BEV003,18,22,LOW
2025-03-08,B04,BEV001,10,19,OK
2025-03-08,B04,HOU003,24,24,OK
2025-03-08,B05,DES003,18,21,OK
2025-03-08,B05,DES001,8,13,OK
2025-03-08,B05,BEV002,10,9,OK
2025-03-08,B05,BEV004,10,19,OK
2025-03-08,B05,RTE004,11,10,OK
2025-03-08,B05,BEV003,33,33,OK
2025-03-08,B05,BEV001,12,18,OK
2025-03-08,B05,HOU003,26,28,LOW
2025-03-08,B06,DES003,15,23,LOW
2025-03-08,B06,DES001,19,26,OK
2025-03-08,B06,BEV002,15,15,OK
2025-03-08,B06,BEV004,14,17,LOW
2025-03-08,B06,RTE004,27,28,OK
2025-03-08,B06,BEV003,11,13,OK
2025-03-08,B06,BEV001,21,20,OK
2025-03-08,B06,HOU003,29,33,LOW
2025-03-09,B01,RTE002,22,25,OK
2025-03-09,B01,SNK003,10,17,LOW
2025-03-09,B01,DES002,13,15,LOW
2025-03-09,B01,RTE003,14,16,OK
2025-03-09,B01,BEV003,6,8,OK
2025-03-09,B01,HOU001,17,22,OK
2025-03-09,B01,HOU002,6,10,LOW
2025-03-09,B01,SNK001,0,10,LOW
2025-03-09,B02,RTE002,0,7,OK
2025-03-09,B02,SNK003,12,19,OK
2025-03-09,B02,DES002,22,26,OK
2025-03-09,B02,RTE003,19,23,OK
2025-03-09,B02,BEV003,20,21,LOW
2025-03-09,B02,HOU001,0,2,OK
2025-03-09,B02,HOU002,23,25,OK
2025-03-09,B02,SNK001,21,21,OK
2025-03-09,B03,RTE002,24,25,OK
2025-03-09,B03,SNK003,16,16,OK
2025-03-09,B03,DES002,18,18,OK
2025-03-09,B03,RTE003,21,29,OK
2025-03-09,B03,BEV003,16,16,OK
2025-03-09,B03,HOU001,22,26,LOW
2025-03-09,B03,HOU002,16,21,OK
2025-03-09,B03,SNK001,8,11,LOW
2025-03-09,B04,RTE002,19,19,OK
2025-03-09,B04,SNK003,39,44,LOW
2025-03-09,B04,DES002,11,14,OK
2025-03-09,B04,RTE003,26,28,OK
2025-03-09,B04,BEV003,20,23,LOW
2025-03-09,B04,HOU001,21,20,OK
2025-03-09,B04,HOU002,21,23,OK
2025-03-09,B04,SNK001,29,37,OK
2025-03-09,B05,RTE002,16,24,LOW
2025-03-09,B05,SNK003,21,28,OK
2025-03-09,B05,DES002,24,30,LOW
2025-03-09,B05,RTE003,11,15,OK
2025-03-09,B05,BEV003,6,8,OK
2025-03-09,B05,HOU001,21,23,OK
2025-03-09,B05,HOU002,34,41,LOW
2025-03-09,B05,SNK001,24,30,LOW
2025-03-09,B06,RTE002,21,26,OK
2025-03-09,B06,SNK003,19,23,LOW
2025-03-09,B06,DES002,11,16,LOW
2025-03-09,B06,RTE003,12,14,OK
2025-03-09,B06,BEV003,30,32,OK
2025-03-09,B06,HOU001,8,11,OK
2025-03-09,B06,HOU002,13,20,OK
2025-03-09,B06,SNK001,20,24,LOW
2025-03-10,B01,RTE002,21,29,OK
2025-03-10,B01,HOU003,26,33,OK
2025-03-10,B01,BEV003,24,31,OK
2025-03-10,B01,RTE003,18,27,OK
2025-03-10,B01,SNK003,7,12,OK
2025-03-10,B01,HOU001,32,35,OK
2025-03-10,B01,DES003,11,18,OK
2025-03-10,B01,HOU002,16,16,OK
2025-03-10,B02,RTE002,24,30,OK
2025-03-10,B02,HOU003,19,19,LOW
2025-03-10,B02,BEV003,15,20,LOW
2025-03-10,B02,RTE003,12,14,LOW
2025-03-10,B02,SNK003,1,6,LOW
2025-03-10,B02,HOU001,17,26,OK
2025-03-10,B02,DES003,37,40,OK
2025-03-10,B02,HOU002,10,15,OK
2025-03-10,B03,RTE002,33,36,OK
2025-03-10,B03,HOU003,20,25,LOW
2025-03-10,B03,BEV003,30,33,OK
2025-03-10,B03,RTE003,0,9,OOS
2025-03-10,B03,SNK003,13,21,LOW
2025-03-10,B03,HOU001,31,39,LOW
2025-03-10,B03,DES003,27,34,OK
2025-03-10,B03,HOU002,7,11,LOW
2025-03-10,B04,RTE002,21,24,OK
2025-03-10,B04,HOU003,13,18,OK
2025-03-10,B04,BEV003,5,8,LOW
2025-03-10,B04,RTE003,20,29,LOW
2025-03-10,B04,SNK003,24,29,OK
2025-03-10,B04,HOU001,14,16,OK
2025-03-10,B04,DES003,30,38,LOW
2025-03-10,B04,HOU002,15,22,LOW
2025-03-10,B05,RTE002,27,32,OK
2025-03-10,B05,HOU003,8,17,OK
2025-03-10,B05,BEV003,22,29,OK
2025-03-10,B05,RTE003,32,36,OK
2025-03-10,B05,SNK003,16,14,OK
2025-03-10,B05,HOU001,4,4,OK
2025-03-10,B05,DES003,27,36,LOW
2025-03-10,B05,HOU002,1,6,OK
2025-03-10,B06,RTE002,9,11,OK
2025-03-10,B06,HOU003,30,31,OK
2025-03-10,B06,BEV003,27,32,OK
2025-03-10,B06,RTE003,13,19,OK
2025-03-10,B06,SNK003,17,25,OK
2025-03-10,B06,HOU001,15,22,OK
2025-03-10,B06,DES003,14,16,OK
2025-03-10,B06,HOU002,17,19,OK
2025-03-11,B01,HOU003,0,8,LOW
2025-03-11,B01,BEV004,8,10,OK
2025-03-11,B01,HOU001,30,37,LOW
2025-03-11,B01,RTE003,25,30,OK
2025-03-11,B01,SNK003,23,29,OK
2025-03-11,B01,SNK002,35,37,OK
2025-03-11,B01,BEV002,14,18,OK
2025-03-11,B01,DES003,17,21,LOW
2025-03-11,B02,HOU003,14,20,OK
2025-03-11,B02,BEV004,12,18,OK
2025-03-11,B02,HOU001,14,21,OK
2025-03-11,B02,RTE003,31,35,OK
2025-03-11,B02,SNK003,35,40,LOW
2025-03-11,B02,SNK002,11,15,LOW
2025-03-11,B02,BEV002,17,22,LOW
2025-03-11,B02,DES003,17,22,LOW
2025-03-11,B03,HOU003,22,21,LOW
2025-03-11,B03,BEV004,23,26,LOW
2025-03-11,B03,HOU001,29,32,OK
2025-03-11,B03,RTE003,11,21,OK
2025-03-11,B03,SNK003,11,22,OK
2025-03-11,B03,SNK002,8,15,OK
2025-03-11,B03,BEV002,24,28,LOW
2025-03-11,B03,DES003,0,5,LOW
2025-03-11,B04,HOU003,27,28,LOW
2025-03-11,B04,BEV004,29,28,OK
2025-03-11,B04,HOU001,15,18,LOW
2025-03-11,B04,RTE003,22,26,OK
2025-03-11,B04,SNK003,24,23,LOW
2025-03-11,B04,SNK002,26,32,OK
2025-03-11,B04,BEV002,36,40,LOW
2025-03-11,B04,DES003,25,27,OK
2025-03-11,B05,HOU003,16,16,OK
2025-03-11,B05,BEV004,22,31,LOW
2025-03-11,B05,HOU001,21,27,LOW
2025-03-11,B05,RTE003,5,2,OK
2025-03-11,B05,SNK003,3,8,OK
2025-03-11,B05,SNK002,16,19,OK
2025-03-11,B05,BEV002,14,19,OK
2025-03-11,B05,DES003,22,29,OK
2025-03-11,B06,HOU003,8,11,OK
2025-03-11,B06,BEV004,17,19,LOW
2025-03-11,B06,HOU001,26,33,LOW
2025-03-11,B06,RTE003,22,31,LOW
2025-03-11,B06,SNK003,7,10,OK
2025-03-11,B06,SNK002,12,14,LOW
2025-03-11,B06,BEV002,11,11,OK
2025-03-11,B06,DES003,19,23,OK
2025-03-12,B01,RTE004,0,3,OK
2025-03-12,B01,BEV004,28,31,OK
2025-03-12,B01,RTE002,16,18,OK
2025-03-12,B01,DES003,21,26,OK
2025-03-12,B01,HOU001,18,21,OK
2025-03-12,B01,BEV001,21,27,OK
2025-03-12,B01,DES001,4,8,LOW
2025-03-12,B01,DES002,20,27,LOW
2025-03-12,B02,RTE004,15,19,OK
2025-03-12,B02,BEV004,15,16,OK
2025-03-12,B02,RTE002,20,24,OK
2025-03-12,B02,DES003,18,20,OK
2025-03-12,B02,HOU001,7,10,OK
2025-03-12,B02,BEV001,21,26,OK
2025-03-12,B02,DES001,16,15,LOW
2025-03-12,B02,DES002,32,40,OK
2025-03-12,B03,RTE004,21,28,LOW
2025-03-12,B03,BEV004,28,30,OK
2025-03-12,B03,RTE002,14,15,LOW
2025-03-12,B03,DES003,38,38,LOW
2025-03-12,B03,HOU001,10,16,LOW
2025-03-12,B03,BEV001,16,17,OK
2025-03-12,B03,DES001,19,17,LOW
2025-03-12,B03,DES002,5,8,OK
2025-03-12,B04,RTE004,18,27,OK
2025-03-12,B04,BEV004,16,15,LOW
2025-03-12,B04,RTE002,28,31,LOW
2025-03-12,B04,DES003,28,29,OK
2025-03-12,B04,HOU001,17,24,OK
2025-03-12,B04,BEV001,20,22,OK
2025-03-12,B04,DES001,20,28,OK
2025-03-12,B04,DES002,22,26,OK
2025-03-12,B05,RTE004,27,33,LOW
2025-03-12,B05,BEV004,6,11,LOW
2025-03-12,B05,RTE002,6,9,OK
2025-03-12,B05,DES003,0,6,OK
2025-03-12,B05,HOU001,10,14,OK
2025-03-12,B05,BEV001,11,14,LOW
2025-03-12,B05,DES001,1,6,OK
2025-03-12,B05,DES002,38,41,OK
2025-03-12,B06,RTE004,12,19,OK
2025-03-12,B06,BEV004,16,23,LOW
2025-03-12,B06,RTE002,11,15,OK
2025-03-12,B06,DES003,27,29,LOW
2025-03-12,B06,HOU001,29,34,LOW
2025-03-12,B06,BEV001,7,14,OK
2025-03-12,B06,DES001,30,38,LOW
2025-03-12,B06,DES002,19,24,OK
2025-03-13,B01,SNK004,23,33,OK
2025-03-13,B01,BEV001,30,37,OK
2025-03-13,B01,SNK002,8,14,OK
2025-03-13,B01,DES003,24,32,OK
2025-03-13,B01,BEV002,27,28,OK
2025-03-13,B01,BEV003,13,18,LOW
2025-03-13,B01,HOU002,16,18,OK
2025-03-13,B01,RTE004,6,12,OK
2025-03-13,B02,SNK004,16,25,OK
2025-03-13,B02,BEV001,24,29,LOW
2025-03-13,B02,SNK002,32,38,OK
2025-03-13,B02,DES003,10,13,OK
2025-03-13,B02,BEV002,16,19,OK
2025-03-13,B02,BEV003,20,24,LOW
2025-03-13,B02,HOU002,23,27,LOW
2025-03-13,B02,RTE004,21,30,OK
2025-03-13,B03,SNK004,16,22,LOW
2025-03-13,B03,BEV001,13,15,OK
2025-03-13,B03,SNK002,12,21,LOW
2025-03-13,B03,DES003,18,25,OK
2025-03-13,B03,BEV002,11,19,LOW
2025-03-13,B03,BEV003,4,10,OK
2025-03-13,B03,HOU002,23,23,OK
2025-03-13,B03,RTE004,15,17,OK
2025-03-13,B04,SNK004,9,15,OK
2025-03-13,B04,BEV001,13,11,OK
2025-03-13,B04,SNK002,14,16,OK
2025-03-13,B04,DES003,17,26,OK
2025-03-13,B04,BEV002,3,10,OK
2025-03-13,B04,BEV003,26,31,OK
2025-03-13,B04,HOU002,28,29,LOW
2025-03-13,B04,RTE004,7,11,OK
2025-03-13,B05,SNK004,9,16,OK
2025-03-13,B05,BEV001,22,27,OK
2025-03-13,B05,SNK002,12,15,OK
2025-03-13,B05,DES003,17,16,OK
2025-03-13,B05,BEV002,23,31,LOW
2025-03-13,B05,BEV003,18,22,OK
2025-03-13,B05,HOU002,22,28,OK
2025-03-13,B05,RTE004,31,36,OK
2025-03-13,B06,SNK004,26,33,LOW
2025-03-13,B06,BEV001,22,23,OK
2025-03-13,B06,SNK002,2,9,OK
2025-03-13,B06,DES003,14,19,OK
2025-03-13,B06,BEV002,19,26,OK
2025-03-13,B06,BEV003,17,20,LOW
2025-03-13,B06,HOU002,26,34,OK
2025-03-13,B06,RTE004,4,11,OK
2025-03-14,B01,SNK002,25,30,LOW
2025-03-14,B01,BEV002,10,14,OK
2025-03-14,B01,DES001,19,28,OK
2025-03-14,B01,HOU001,13,20,OK
2025-03-14,B01,BEV001,5,9,LOW
2025-03-14,B01,DES003,15,18,LOW
2025-03-14,B01,RTE004,0,8,LOW
2025-03-14,B01,HOU002,13,17,OK
2025-03-14,B02,SNK002,12,20,LOW
2025-03-14,B02,BEV002,18,25,OK
2025-03-14,B02,DES001,14,17,LOW
2025-03-14,B02,HOU001,10,11,OK
2025-03-14,B02,BEV001,12,17,LOW
2025-03-14,B02,DES003,7,20,LOW
2025-03-14,B02,RTE004,27,35,OK
2025-03-14,B02,HOU002,3,12,OK
2025-03-14,B03,SNK002,13,15,LOW
2025-03-14,B03,BEV002,15,22,OK
2025-03-14,B03,DES001,23,24,OK
2025-03-14,B03,HOU001,14,19,OK
2025-03-14,B03,BEV001,13,19,LOW
2025-03-14,B03,DES003,13,16,LOW
2025-03-14,B03,RTE004,24,27,OK
2025-03-14,B03,HOU002,24,31,OK
2025-03-14,B04,SNK002,9,14,OK
2025-03-14,B04,BEV002,29,31,OK
2025-03-14,B04,DES001,19,23,OK
2025-03-14,B04,HOU001,17,20,LOW
2025-03-14,B04,BEV001,19,28,LOW
2025-03-14,B04,DES003,18,26,OK
2025-03-14,B04,RTE004,17,18,OK
2025-03-14,B04,HOU002,18,23,OK
2025-03-14,B05,SNK002,15,24,OK
2025-03-14,B05,BEV002,18,22,LOW
2025-03-14,B05,DES001,26,32,LOW
2025-03-14,B05,HOU001,14,18,OK
2025-03-14,B05,BEV001,10,14,OK
2025-03-14,B05,DES003,19,19,LOW
2025-03-14,B05,RTE004,25,31,OK
2025-03-14,B05,HOU002,26,31,OK
2025-03-14,B06,SNK002,24,31,LOW
2025-03-14,B06,BEV002,21,23,OK
2025-03-14,B06,DES001,30,35,OK
2025-03-14,B06,HOU001,19,23,OK
2025-03-14,B06,BEV001,17,20,OK
2025-03-14,B06,DES003,17,15,OK
2025-03-14,B06,RTE004,24,26,OK
2025-03-14,B06,HOU002,14,14,OK
2025-03-15,B01,RTE001,24,24,OK
2025-03-15,B01,DES001,5,10,OK
2025-03-15,B01,BEV003,17,19,LOW
2025-03-15,B01,BEV002,21,24,OK
2025-03-15,B01,BEV001,19,20,OK
2025-03-15,B01,SNK001,13,18,LOW
2025-03-15,B01,DES002,13,13,OK
2025-03-15,B01,SNK002,19,24,LOW
2025-03-15,B02,RTE001,15,18,OK
2025-03-15,B02,DES001,0,2,LOW
2025-03-15,B02,BEV003,9,9,LOW
2025-03-15,B02,BEV002,18,26,OK
2025-03-15,B02,BEV001,14,14,LOW
2025-03-15,B02,SNK001,16,19,OK
2025-03-15,B02,DES002,24,27,OK
2025-03-15,B02,SNK002,22,18,LOW
2025-03-15,B03,RTE001,36,35,OK
2025-03-15,B03,DES001,6,10,OK
2025-03-15,B03,BEV003,10,15,OK
2025-03-15,B03,BEV002,17,29,OK
2025-03-15,B03,BEV001,20,28,LOW
2025-03-15,B03,SNK001,19,28,OK
2025-03-15,B03,DES002,10,14,OK
2025-03-15,B03,SNK002,12,21,OK
2025-03-15,B04,RTE001,22,26,OK
2025-03-15,B04,DES001,13,14,LOW
2025-03-15,B04,BEV003,21,22,OK
2025-03-15,B04,BEV002,15,17,OK
2025-03-15,B04,BEV001,19,30,OK
2025-03-15,B04,SNK001,18,20,OK
2025-03-15,B04,DES002,26,30,LOW
2025-03-15,B04,SNK002,28,32,OK
2025-03-15,B05,RTE001,19,29,OK
2025-03-15,B05,DES001,4,8,OK
2025-03-15,B05,BEV003,15,23,OK
2025-03-15,B05,BEV002,14,22,LOW
2025-03-15,B05,BEV001,17,20,OK
2025-03-15,B05,SNK001,4,11,LOW
2025-03-15,B05,DES002,8,16,LOW
2025-03-15,B05,SNK002,15,17,OK
2025-03-15,B06,RTE001,14,21,LOW
2025-03-15,B06,DES001,31,36,LOW
2025-03-15,B06,BEV003,23,27,OK
2025-03-15,B06,BEV002,21,26,LOW
2025-03-15,B06,BEV001,5,8,OK
2025-03-15,B06,SNK001,0,4,OK
2025-03-15,B06,DES002,11,17,OK
2025-03-15,B06,SNK002,14,20,LOW
2025-03-16,B01,HOU003,13,8,LOW
2025-03-16,B01,RTE003,13,20,LOW
2025-03-16,B01,BEV002,7,12,OK
2025-03-16,B01,RTE002,0,7,OOS
2025-03-16,B01,BEV003,12,13,LOW
2025-03-16,B01,DES001,1,3,OK
2025-03-16,B01,DES002,18,20,LOW
2025-03-16,B01,BEV004,16,18,LOW
2025-03-16,B02,HOU003,4,8,OK
2025-03-16,B02,RTE003,23,24,OK
2025-03-16,B02,BEV002,12,22,OK
2025-03-16,B02,RTE002,17,20,OK
2025-03-16,B02,BEV003,24,34,OK
2025-03-16,B02,DES001,6,13,LOW
2025-03-16,B02,DES002,18,18,OK
2025-03-16,B02,BEV004,24,32,LOW
2025-03-16,B03,HOU003,13,22,OK
2025-03-16,B03,RTE003,31,42,LOW
2025-03-16,B03,BEV002,23,30,OK
2025-03-16,B03,RTE002,20,29,LOW
2025-03-16,B03,BEV003,20,23,LOW
2025-03-16,B03,DES001,15,18,OK
2025-03-16,B03,DES002,1,8,OOS
2025-03-16,B03,BEV004,15,21,OK
2025-03-16,B04,HOU003,21,28,OK
2025-03-16,B04,RTE003,19,28,OK
2025-03-16,B04,BEV002,12,17,LOW
2025-03-16,B04,RTE002,11,17,OK
2025-03-16,B04,BEV003,18,23,OK
2025-03-16,B04,DES001,13,19,OK
2025-03-16,B04,DES002,11,18,OK
2025-03-16,B04,BEV004,31,38,LOW
2025-03-16,B05,HOU003,24,24,OK
2025-03-16,B05,RTE003,20,27,OK
2025-03-16,B05,BEV002,12,13,OK
2025-03-16,B05,RTE002,18,23,LOW
2025-03-16,B05,BEV003,11,14,OK
2025-03-16,B05,DES001,14,17,LOW
2025-03-16,B05,DES002,22,22,OK
2025-03-16,B05,BEV004,20,24,LOW
2025-03-16,B06,HOU003,25,33,OK
2025-03-16,B06,RTE003,20,25,OK
2025-03-16,B06,BEV002,14,19,OK
2025-03-16,B06,RTE002,13,18,OK
2025-03-16,B06,BEV003,14,20,LOW
2025-03-16,B06,DES001,13,18,OK
2025-03-16,B06,DES002,29,31,OK
2025-03-16,B06,BEV004,10,16,OK
2025-03-17,B01,HOU001,23,31,OK
2025-03-17,B01,BEV004,14,25,LOW
2025-03-17,B01,RTE002,21,25,OK
2025-03-17,B01,HOU003,23,32,OK
2025-03-17,B01,SNK001,18,23,LOW
2025-03-17,B01,SNK002,17,20,OK
2025-03-17,B01,HOU002,17,26,OK
2025-03-17,B01,DES002,26,32,OK
2025-03-17,B02,HOU001,14,19,LOW
2025-03-17,B02,BEV004,14,14,OK
2025-03-17,B02,RTE002,15,16,OK
2025-03-17,B02,HOU003,6,12,OK
2025-03-17,B02,SNK001,24,27,LOW
2025-03-17,B02,SNK002,6,4,LOW
2025-03-17,B02,HOU002,29,35,OK
2025-03-17,B02,DES002,15,19,OK
2025-03-17,B03,HOU001,6,15,LOW
2025-03-17,B03,BEV004,7,10,LOW
2025-03-17,B03,RTE002,16,23,OK
2025-03-17,B03,HOU003,30,39,LOW
2025-03-17,B03,SNK001,5,6,LOW
2025-03-17,B03,SNK002,13,22,LOW
2025-03-17,B03,HOU002,5,10,OK
2025-03-17,B03,DES002,25,27,OK
2025-03-17,B04,HOU001,16,21,OK
2025-03-17,B04,BEV004,11,13,OK
2025-03-17,B04,RTE002,9,13,LOW
2025-03-17,B04,HOU003,23,33,LOW
2025-03-17,B04,SNK001,14,21,LOW
2025-03-17,B04,SNK002,18,20,OK
2025-03-17,B04,HOU002,22,27,LOW
2025-03-17,B04,DES002,18,20,OK
2025-03-17,B05,HOU001,22,26,OK
2025-03-17,B05,BEV004,10,19,LOW
2025-03-17,B05,RTE002,11,17,OK
2025-03-17,B05,HOU003,15,24,LOW
2025-03-17,B05,SNK001,6,16,OK
2025-03-17,B05,SNK002,17,24,OK
2025-03-17,B05,HOU002,1,8,OK
2025-03-17,B05,DES002,15,21,LOW
2025-03-17,B06,HOU001,5,9,OK
2025-03-17,B06,BEV004,17,21,OK
2025-03-17,B06,RTE002,14,21,LOW
2025-03-17,B06,HOU003,22,28,OK
2025-03-17,B06,SNK001,15,20,OK
2025-03-17,B06,SNK002,32,40,OK
2025-03-17,B06,HOU002,28,30,OK
2025-03-17,B06,DES002,14,12,OK
2025-03-18,B01,BEV003,18,27,OK
2025-03-18,B01,BEV004,15,25,OK
2025-03-18,B01,HOU001,26,30,LOW
2025-03-18,B01,RTE004,4,16,OK
2025-03-18,B01,BEV001,13,18,OK
2025-03-18,B01,HOU002,12,15,OK
2025-03-18,B01,DES001,29,30,LOW
2025-03-18,B01,SNK002,11,17,LOW
2025-03-18,B02,BEV003,29,37,OK
2025-03-18,B02,BEV004,24,28,OK
2025-03-18,B02,HOU001,6,10,OK
2025-03-18,B02,RTE004,23,23,OK
2025-03-18,B02,BEV001,16,18,OK
2025-03-18,B02,HOU002,17,23,LOW
2025-03-18,B02,DES001,2,11,LOW
2025-03-18,B02,SNK002,4,7,LOW
2025-03-18,B03,BEV003,16,20,LOW
2025-03-18,B03,BEV004,13,18,OK
2025-03-18,B03,HOU001,10,12,OK
2025-03-18,B03,RTE004,9,14,OK
2025-03-18,B03,BEV001,25,23,OK
2025-03-18,B03,HOU002,11,18,OK
2025-03-18,B03,DES001,18,21,LOW
2025-03-18,B03,SNK002,19,27,LOW
2025-03-18,B04,BEV003,23,33,OK
2025-03-18,B04,BEV004,25,30,LOW
2025-03-18,B04,HOU001,25,32,LOW
2025-03-18,B04,RTE004,23,27,LOW
2025-03-18,B04,BEV001,2,2,OOS
2025-03-18,B04,HOU002,5,12,OK
2025-03-18,B04,DES001,16,16,LOW
2025-03-18,B04,SNK002,19,25,OK
2025-03-18,B05,BEV003,14,20,OK
2025-03-18,B05,BEV004,20,25,OK
2025-03-18,B05,HOU001,16,23,OK
2025-03-18,B05,RTE004,4,7,OK
2025-03-18,B05,BEV001,8,12,OK
2025-03-18,B05,HOU002,27,32,LOW
2025-03-18,B05,DES001,8,12,OK
2025-03-18,B05,SNK002,28,35,OK
2025-03-18,B06,BEV003,23,29,OK
2025-03-18,B06,BEV004,14,18,OK
2025-03-18,B06,HOU001,18,26,OK
2025-03-18,B06,RTE004,11,13,OK
2025-03-18,B06,BEV001,16,19,LOW
2025-03-18,B06,HOU002,18,21,OK
2025-03-18,B06,DES001,14,20,OK
2025-03-18,B06,SNK002,13,15,OK
2025-03-19,B01,BEV002,14,16,OK
2025-03-19,B01,DES002,15,22,LOW
2025-03-19,B01,RTE001,22,19,OK
2025-03-19,B01,SNK004,18,20,OK
2025-03-19,B01,RTE002,24,29,LOW
2025-03-19,B01,BEV004,20,26,OK
2025-03-19,B01,HOU002,16,27,LOW
2025-03-19,B01,DES001,9,15,OK
2025-03-19,B02,BEV002,23,28,LOW
2025-03-19,B02,DES002,5,7,LOW
2025-03-19,B02,RTE001,18,22,OK
2025-03-19,B02,SNK004,28,33,OK
2025-03-19,B02,RTE002,16,16,OK
2025-03-19,B02,BEV004,18,24,OK
2025-03-19,B02,HOU002,0,6,OOS
2025-03-19,B02,DES001,26,32,OK
2025-03-19,B03,BEV002,8,13,LOW
2025-03-19,B03,DES002,19,21,OK
2025-03-19,B03,RTE001,10,18,OK
2025-03-19,B03,SNK004,11,15,OK
2025-03-19,B03,RTE002,6,5,OK
2025-03-19,B03,BEV004,12,17,OK
2025-03-19,B03,HOU002,14,18,LOW
2025-03-19,B03,DES001,21,21,OK
2025-03-19,B04,BEV002,22,27,OK
2025-03-19,B04,DES002,14,16,LOW
2025-03-19,B04,RTE001,35,43,OK
2025-03-19,B04,SNK004,26,32,OK
2025-03-19,B04,RTE002,15,16,OK
2025-03-19,B04,BEV004,12,20,LOW
2025-03-19,B04,HOU002,18,20,OK
2025-03-19,B04,DES001,15,21,OK
2025-03-19,B05,BEV002,19,20,OK
2025-03-19,B05,DES002,16,21,OK
2025-03-19,B05,RTE001,10,17,OK
2025-03-19,B05,SNK004,23,29,OK
2025-03-19,B05,RTE002,23,26,OK
2025-03-19,B05,BEV004,26,29,OK
2025-03-19,B05,HOU002,20,26,LOW
2025-03-19,B05,DES001,29,32,LOW
2025-03-19,B06,BEV002,26,27,OK
2025-03-19,B06,DES002,20,26,LOW
2025-03-19,B06,RTE001,13,19,OK
2025-03-19,B06,SNK004,21,28,LOW
2025-03-19,B06,RTE002,15,23,OK
2025-03-19,B06,BEV004,22,27,LOW
2025-03-19,B06,HOU002,29,30,OK
2025-03-19,B06,DES001,10,17,OK
2025-03-20,B01,BEV003,3,12,OK
2025-03-20,B01,BEV001,43,46,LOW
2025-03-20,B01,HOU002,6,11,OK
2025-03-20,B01,RTE004,22,28,OK
2025-03-20,B01,RTE002,0,4,OK
2025-03-20,B01,SNK001,20,30,OK
2025-03-20,B01,BEV004,31,40,LOW
2025-03-20,B01,HOU001,22,23,LOW
2025-03-20,B02,BEV003,7,7,OK
2025-03-20,B02,BEV001,13,17,OK
2025-03-20,B02,HOU002,22,26,LOW
2025-03-20,B02,RTE004,16,22,OK
2025-03-20,B02,RTE002,27,28,OK
2025-03-20,B02,SNK001,18,21,OK
2025-03-20,B02,BEV004,20,23,OK
2025-03-20,B02,HOU001,19,27,LOW
2025-03-20,B03,BEV003,25,27,OK
2025-03-20,B03,BEV001,17,17,OK
2025-03-20,B03,HOU002,17,23,OK
2025-03-20,B03,RTE004,18,23,OK
2025-03-20,B03,RTE002,19,20,OK
2025-03-20,B03,SNK001,23,23,OK
2025-03-20,B03,BEV004,20,24,OK
2025-03-20,B03,HOU001,27,30,LOW
2025-03-20,B04,BEV003,26,33,OK
2025-03-20,B04,BEV001,17,19,OK
2025-03-20,B04,HOU002,13,19,LOW
2025-03-20,B04,RTE004,13,16,LOW
2025-03-20,B04,RTE002,23,23,LOW
2025-03-20,B04,SNK001,7,8,LOW
2025-03-20,B04,BEV004,16,24,LOW
2025-03-20,B04,HOU001,7,12,LOW
2025-03-20,B05,BEV003,20,23,LOW
2025-03-20,B05,BEV001,22,21,OK
2025-03-20,B05,HOU002,14,15,OK
2025-03-20,B05,RTE004,20,19,OK
2025-03-20,B05,RTE002,30,33,OK
2025-03-20,B05,SNK001,6,6,OK
2025-03-20,B05,BEV004,10,16,OK
2025-03-20,B05,HOU001,0,3,OK
2025-03-20,B06,BEV003,15,24,LOW
2025-03-20,B06,BEV001,14,20,OK
2025-03-20,B06,HOU002,13,14,LOW
2025-03-20,B06,RTE004,12,17,OK
2025-03-20,B06,RTE002,12,15,LOW
2025-03-20,B06,SNK001,14,19,OK
2025-03-20,B06,BEV004,1,0,OOS
2025-03-20,B06,HOU001,12,17,OK
2025-03-21,B01,BEV004,11,14,OK
2025-03-21,B01,RTE004,10,13,OK
2025-03-21,B01,BEV003,15,17,OK
2025-03-21,B01,SNK001,8,10,OK
2025-03-21,B01,SNK003,25,29,OK
2025-03-21,B01,HOU003,13,15,OK
2025-03-21,B01,HOU001,10,15,OK
2025-03-21,B01,DES002,13,15,OK
2025-03-21,B02,BEV004,15,18,OK
2025-03-21,B02,RTE004,25,32,LOW
2025-03-21,B02,BEV003,11,19,LOW
2025-03-21,B02,SNK001,11,17,OK
2025-03-21,B02,SNK003,0,7,LOW
2025-03-21,B02,HOU003,19,22,OK
2025-03-21,B02,HOU001,24,27,LOW
2025-03-21,B02,DES002,12,13,LOW
2025-03-21,B03,BEV004,9,17,OK
2025-03-21,B03,RTE004,11,14,OK
2025-03-21,B03,BEV003,24,31,OK
2025-03-21,B03,SNK001,15,19,LOW
2025-03-21,B03,SNK003,15,16,OK
2025-03-21,B03,HOU003,7,12,OK
2025-03-21,B03,HOU001,19,28,LOW
2025-03-21,B03,DES002,10,14,OK
2025-03-21,B04,BEV004,14,20,OK
2025-03-21,B04,RTE004,22,25,LOW
2025-03-21,B04,BEV003,17,22,LOW
2025-03-21,B04,SNK001,16,17,OK
2025-03-21,B04,SNK003,32,33,OK
2025-03-21,B04,HOU003,14,21,OK
2025-03-21,B04,HOU001,27,34,OK
2025-03-21,B04,DES002,12,18,LOW
2025-03-21,B05,BEV004,31,39,LOW
2025-03-21,B05,RTE004,21,30,LOW
2025-03-21,B05,BEV003,19,28,OK
2025-03-21,B05,SNK001,26,32,OK
2025-03-21,B05,SNK003,12,19,OK
2025-03-21,B05,HOU003,15,22,LOW
2025-03-21,B05,HOU001,4,6,LOW
2025-03-21,B05,DES002,2,2,OOS
2025-03-21,B06,BEV004,31,33,OK
2025-03-21,B06,RTE004,14,17,LOW
2025-03-21,B06,BEV003,25,30,LOW
2025-03-21,B06,SNK001,25,33,OK
2025-03-21,B06,SNK003,29,26,OK
2025-03-21,B06,HOU003,12,20,OK
2025-03-21,B06,HOU001,26,32,OK
2025-03-21,B06,DES002,5,2,OK
2025-03-22,B01,SNK003,19,21,OK
2025-03-22,B01,HOU003,0,1,LOW
2025-03-22,B01,BEV004,24,29,OK
2025-03-22,B01,BEV003,22,28,LOW
2025-03-22,B01,RTE003,29,30,OK
2025-03-22,B01,SNK002,14,22,LOW
2025-03-22,B01,DES003,25,31,LOW
2025-03-22,B01,BEV001,0,9,OOS
2025-03-22,B02,SNK003,21,24,OK
2025-03-22,B02,HOU003,20,26,OK
2025-03-22,B02,BEV004,12,15,OK
2025-03-22,B02,BEV003,15,23,OK
2025-03-22,B02,RTE003,20,28,LOW
2025-03-22,B02,SNK002,31,33,OK
2025-03-22,B02,DES003,13,19,LOW
2025-03-22,B02,BEV001,12,17,LOW
2025-03-22,B03,SNK003,18,24,LOW
2025-03-22,B03,HOU003,26,30,LOW
2025-03-22,B03,BEV004,9,15,LOW
2025-03-22,B03,BEV003,1,9,OOS
2025-03-22,B03,RTE003,17,19,LOW
2025-03-22,B03,SNK002,6,12,OK
2025-03-22,B03,DES003,11,16,OK
2025-03-22,B03,BEV001,9,9,OK
2025-03-22,B04,SNK003,20,24,OK
2025-03-22,B04,HOU003,20,24,LOW
2025-03-22,B04,BEV004,22,26,OK
2025-03-22,B04,BEV003,11,14,OK
2025-03-22,B04,RTE003,26,32,LOW
2025-03-22,B04,SNK002,12,21,LOW
2025-03-22,B04,DES003,16,19,OK
2025-03-22,B04,BEV001,19,29,OK
2025-03-22,B05,SNK003,18,21,LOW
2025-03-22,B05,HOU003,24,30,LOW
2025-03-22,B05,BEV004,28,31,LOW
2025-03-22,B05,BEV003,13,13,OK
2025-03-22,B05,RTE003,20,24,OK
2025-03-22,B05,SNK002,24,30,LOW
2025-03-22,B05,DES003,3,12,OK
2025-03-22,B05,BEV001,15,18,LOW
2025-03-22,B06,SNK003,16,17,OK
2025-03-22,B06,HOU003,30,36,OK
2025-03-22,B06,BEV004,16,18,OK
2025-03-22,B06,BEV003,33,40,OK
2025-03-22,B06,RTE003,22,27,LOW
2025-03-22,B06,SNK002,20,22,OK
2025-03-22,B06,DES003,12,15,LOW
2025-03-22,B06,BEV001,23,27,OK
2025-03-23,B01,RTE002,25,26,OK
2025-03-23,B01,HOU003,19,25,OK
2025-03-23,B01,RTE004,13,19,LOW
2025-03-23,B01,DES002,17,19,LOW
2025-03-23,B01,SNK001,17,25,LOW
2025-03-23,B01,RTE003,19,23,LOW
2025-03-23,B01,RTE001,33,39,LOW
2025-03-23,B01,SNK002,24,31,OK
2025-03-23,B02,RTE002,25,29,LOW
2025-03-23,B02,HOU003,5,4,OK
2025-03-23,B02,RTE004,14,27,OK
2025-03-23,B02,DES002,35,39,LOW
2025-03-23,B02,SNK001,12,16,OK
2025-03-23,B02,RTE003,0,3,LOW
2025-03-23,B02,RTE001,1,4,OK
2025-03-23,B02,SNK002,20,28,OK
2025-03-23,B03,RTE002,13,20,LOW
2025-03-23,B03,HOU003,17,24,LOW
2025-03-23,B03,RTE004,18,27,OK
2025-03-23,B03,DES002,18,19,OK
2025-03-23,B03,SNK001,13,19,OK
2025-03-23,B03,RTE003,25,25,LOW
2025-03-23,B03,RTE001,27,28,OK
2025-03-23,B03,SNK002,18,22,OK
2025-03-23,B04,RTE002,12,15,OK
2025-03-23,B04,HOU003,16,25,OK
2025-03-23,B04,RTE004,15,21,OK
2025-03-23,B04,DES002,19,25,LOW
2025-03-23,B04,SNK001,22,29,OK
2025-03-23,B04,RTE003,23,29,LOW
2025-03-23,B04,RTE001,18,23,OK
2025-03-23,B04,SNK002,23,24,OK
2025-03-23,B05,RTE002,10,12,OK
2025-03-23,B05,HOU003,18,23,LOW
2025-03-23,B05,RTE004,11,17,LOW
2025-03-23,B05,DES002,30,39,OK
2025-03-23,B05,SNK001,18,24,OK
2025-03-23,B05,RTE003,18,24,OK
2025-03-23,B05,RTE001,23,23,OK
2025-03-23,B05,SNK002,28,35,OK
2025-03-23,B06,RTE002,12,21,LOW
2025-03-23,B06,HOU003,10,10,OK
2025-03-23,B06,RTE004,20,25,OK
2025-03-23,B06,DES002,7,10,OK
2025-03-23,B06,SNK001,5,4,OK
2025-03-23,B06,RTE003,16,15,OK
2025-03-23,B06,RTE001,21,30,LOW
2025-03-23,B06,SNK002,0,4,OOS
2025-03-24,B01,RTE003,15,21,LOW
2025-03-24,B01,DES003,8,12,LOW
2025-03-24,B01,RTE004,16,23,LOW
2025-03-24,B01,BEV002,22,26,OK
2025-03-24,B01,BEV001,33,40,LOW
2025-03-24,B01,BEV003,24,29,LOW
2025-03-24,B01,SNK003,20,24,LOW
2025-03-24,B01,HOU003,31,40,OK
2025-03-24,B02,RTE003,14,13,OK
2025-03-24,B02,DES003,37,43,OK
2025-03-24,B02,RTE004,25,25,OK
2025-03-24,B02,BEV002,27,34,OK
2025-03-24,B02,BEV001,17,19,OK
2025-03-24,B02,BEV003,13,19,OK
2025-03-24,B02,SNK003,10,16,LOW
2025-03-24,B02,HOU003,26,31,OK
2025-03-24,B03,RTE003,1,7,OOS
2025-03-24,B03,DES003,33,37,OK
2025-03-24,B03,RTE004,32,37,OK
2025-03-24,B03,BEV002,26,27,LOW
2025-03-24,B03,BEV001,17,16,OK
2025-03-24,B03,BEV003,0,0,OK
2025-03-24,B03,SNK003,17,19,OK
2025-03-24,B03,HOU003,22,31,OK
2025-03-24,B04,RTE003,9,16,OK
2025-03-24,B04,DES003,22,29,LOW
2025-03-24,B04,RTE004,23,26,LOW
2025-03-24,B04,BEV002,13,15,OK
2025-03-24,B04,BEV001,13,12,LOW
2025-03-24,B04,BEV003,25,25,LOW
2025-03-24,B04,SNK003,15,22,OK
2025-03-24,B04,HOU003,24,29,OK
2025-03-24,B05,RTE003,14,12,OK
2025-03-24,B05,DES003,18,21,OK
2025-03-24,B05,RTE004,18,20,LOW
2025-03-24,B05,BEV002,12,15,OK
2025-03-24,B05,BEV001,28,34,OK
2025-03-24,B05,BEV003,34,36,LOW
2025-03-24,B05,SNK003,17,21,LOW
2025-03-24,B05,HOU003,6,6,LOW
2025-03-24,B06,RTE003,12,13,OK
2025-03-24,B06,DES003,14,20,LOW
2025-03-24,B06,RTE004,23,28,LOW
2025-03-24,B06,BEV002,4,12,OK
2025-03-24,B06,BEV001,22,27,LOW
2025-03-24,B06,BEV003,13,17,OK
2025-03-24,B06,SNK003,15,25,LOW
2025-03-24,B06,HOU003,22,30,OK
2025-03-25,B01,SNK001,27,36,LOW
2025-03-25,B01,SNK002,12,16,OK
2025-03-25,B01,RTE001,19,28,OK
2025-03-25,B01,SNK003,15,22,LOW
2025-03-25,B01,BEV003,30,34,LOW
2025-03-25,B01,DES001,19,21,OK
2025-03-25,B01,SNK004,11,17,LOW
2025-03-25,B01,BEV001,18,20,OK
2025-03-25,B02,SNK001,16,20,LOW
2025-03-25,B02,SNK002,11,15,LOW
2025-03-25,B02,RTE001,19,23,LOW
2025-03-25,B02,SNK003,21,31,OK
2025-03-25,B02,BEV003,28,30,OK
2025-03-25,B02,DES001,14,18,OK
2025-03-25,B02,SNK004,40,48,LOW
2025-03-25,B02,BEV001,23,27,OK
2025-03-25,B03,SNK001,13,18,OK
2025-03-25,B03,SNK002,12,20,OK
2025-03-25,B03,RTE001,22,27,OK
2025-03-25,B03,SNK003,15,19,OK
2025-03-25,B03,BEV003,13,11,LOW
2025-03-25,B03,DES001,19,19,LOW
2025-03-25,B03,SNK004,20,23,OK
2025-03-25,B03,BEV001,17,17,LOW
2025-03-25,B04,SNK001,12,15,OK
2025-03-25,B04,SNK002,20,28,LOW
2025-03-25,B04,RTE001,29,34,LOW
2025-03-25,B04,SNK003,15,20,OK
2025-03-25,B04,BEV003,20,26,OK
2025-03-25,B04,DES001,11,10,LOW
2025-03-25,B04,SNK004,24,28,LOW
2025-03-25,B04,BEV001,9,11,OK
2025-03-25,B05,SNK001,13,21,LOW
2025-03-25,B05,SNK002,24,30,OK
2025-03-25,B05,RTE001,26,30,OK
2025-03-25,B05,SNK003,15,26,OK
2025-03-25,B05,BEV003,21,29,OK
2025-03-25,B05,DES001,11,16,OK
2025-03-25,B05,SNK004,12,14,LOW
2025-03-25,B05,BEV001,23,22,LOW
2025-03-25,B06,SNK001,19,24,OK
2025-03-25,B06,SNK002,12,18,LOW
2025-03-25,B06,RTE001,18,24,OK
2025-03-25,B06,SNK003,20,26,LOW
2025-03-25,B06,BEV003,18,30,OK
2025-03-25,B06,DES001,19,27,OK
2025-03-25,B06,SNK004,24,29,OK
2025-03-25,B06,BEV001,17,23,OK
2025-03-26,B01,BEV001,27,39,LOW
2025-03-26,B01,SNK004,3,6,LOW
2025-03-26,B01,SNK002,17,21,OK
2025-03-26,B01,RTE004,23,17,OK
2025-03-26,B01,BEV004,25,27,LOW
2025-03-26,B01,BEV003,23,24,LOW
2025-03-26,B01,HOU002,21,24,LOW
2025-03-26,B01,DES003,15,21,OK
2025-03-26,B02,BEV001,29,32,LOW
2025-03-26,B02,SNK004,28,32,OK
2025-03-26,B02,SNK002,8,14,OK
2025-03-26,B02,RTE004,15,18,LOW
2025-03-26,B02,BEV004,7,14,OK
2025-03-26,B02,BEV003,9,14,LOW
2025-03-26,B02,HOU002,13,18,OK
2025-03-26,B02,DES003,35,42,OK
2025-03-26,B03,BEV001,19,21,LOW
2025-03-26,B03,SNK004,17,20,OK
2025-03-26,B03,SNK002,19,19,LOW
2025-03-26,B03,RTE004,20,23,OK
2025-03-26,B03,BEV004,24,24,LOW
2025-03-26,B03,BEV003,12,8,OK
2025-03-26,B03,HOU002,32,38,OK
2025-03-26,B03,DES003,17,23,LOW
2025-03-26,B04,BEV001,17,19,OK
2025-03-26,B04,SNK004,23,26,OK
2025-03-26,B04,SNK002,12,14,OK
2025-03-26,B04,RTE004,34,43,LOW
2025-03-26,B04,BEV004,21,27,OK
2025-03-26,B04,BEV003,23,26,OK
2025-03-26,B04,HOU002,16,18,OK
2025-03-26,B04,DES003,11,15,LOW
2025-03-26,B05,BEV001,17,27,OK
2025-03-26,B05,SNK004,24,31,OK
2025-03-26,B05,SNK002,33,34,OK
2025-03-26,B05,RTE004,0,2,OK
2025-03-26,B05,BEV004,9,10,LOW
2025-03-26,B05,BEV003,14,18,OK
2025-03-26,B05,HOU002,26,29,OK
2025-03-26,B05,DES003,13,18,LOW
2025-03-26,B06,BEV001,5,13,OK
2025-03-26,B06,SNK004,17,21,OK
2025-03-26,B06,SNK002,18,25,OK
2025-03-26,B06,RTE004,18,20,OK
2025-03-26,B06,BEV004,20,23,LOW
2025-03-26,B06,BEV003,4,11,OK
2025-03-26,B06,HOU002,16,19,LOW
2025-03-26,B06,DES003,9,10,LOW
2025-03-27,B01,HOU001,24,30,OK
2025-03-27,B01,RTE004,16,13,OK
2025-03-27,B01,HOU003,23,25,OK
2025-03-27,B01,DES002,26,25,OK
2025-03-27,B01,BEV004,18,28,OK
2025-03-27,B01,HOU002,21,27,OK
2025-03-27,B01,SNK003,15,22,OK
2025-03-27,B01,SNK001,25,23,OK
2025-03-27,B02,HOU001,16,22,OK
2025-03-27,B02,RTE004,0,5,OOS
2025-03-27,B02,HOU003,34,36,OK
2025-03-27,B02,DES002,16,21,OK
2025-03-27,B02,BEV004,14,16,OK
2025-03-27,B02,HOU002,16,24,LOW
2025-03-27,B02,SNK003,9,13,OK
2025-03-27,B02,SNK001,14,17,LOW
2025-03-27,B03,HOU001,13,11,OK
2025-03-27,B03,RTE004,4,9,OK
2025-03-27,B03,HOU003,22,20,OK
2025-03-27,B03,DES002,15,20,OK
2025-03-27,B03,BEV004,21,26,LOW
2025-03-27,B03,HOU002,25,30,OK
2025-03-27,B03,SNK003,27,27,LOW
2025-03-27,B03,SNK001,12,20,OK
2025-03-27,B04,HOU001,29,32,OK
2025-03-27,B04,RTE004,19,22,LOW
2025-03-27,B04,HOU003,14,16,OK
2025-03-27,B04,DES002,12,18,OK
2025-03-27,B04,BEV004,18,29,OK
2025-03-27,B04,HOU002,19,25,LOW
2025-03-27,B04,SNK003,0,3,OK
2025-03-27,B04,SNK001,7,10,OK
2025-03-27,B05,HOU001,19,27,OK
2025-03-27,B05,RTE004,13,18,OK
2025-03-27,B05,HOU003,17,25,OK
2025-03-27,B05,DES002,13,20,OK
2025-03-27,B05,BEV004,29,34,OK
2025-03-27,B05,HOU002,16,22,LOW
2025-03-27,B05,SNK003,17,16,LOW
2025-03-27,B05,SNK001,11,17,OK
2025-03-27,B06,HOU001,15,21,LOW
2025-03-27,B06,RTE004,19,26,OK
2025-03-27,B06,HOU003,22,26,OK
2025-03-27,B06,DES002,5,9,OK
2025-03-27,B06,BEV004,13,14,OK
2025-03-27,B06,HOU002,12,17,OK
2025-03-27,B06,SNK003,22,29,LOW
2025-03-27,B06,SNK001,17,23,OK
2025-03-28,B01,RTE003,13,16,OK
2025-03-28,B01,BEV003,26,26,OK
2025-03-28,B01,SNK001,20,26,OK
2025-03-28,B01,SNK003,31,37,OK
2025-03-28,B01,HOU003,17,23,OK
2025-03-28,B01,RTE001,29,28,LOW
2025-03-28,B01,HOU001,15,24,OK
2025-03-28,B01,RTE004,35,40,LOW
2025-03-28,B02,RTE003,14,17,OK
2025-03-28,B02,BEV003,14,16,OK
2025-03-28,B02,SNK001,13,16,LOW
2025-03-28,B02,SNK003,24,27,OK
2025-03-28,B02,HOU003,13,18,OK
2025-03-28,B02,RTE001,24,27,OK
2025-03-28,B02,HOU001,17,18,OK
2025-03-28,B02,RTE004,5,6,OK
2025-03-28,B03,RTE003,17,19,OK
2025-03-28,B03,BEV003,5,7,OK
2025-03-28,B03,SNK001,6,12,LOW
2025-03-28,B03,SNK003,8,13,LOW
2025-03-28,B03,HOU003,24,23,OK
2025-03-28,B03,RTE001,9,17,LOW
2025-03-28,B03,HOU001,28,30,OK
2025-03-28,B03,RTE004,11,16,OK
2025-03-28,B04,RTE003,17,21,OK
2025-03-28,B04,BEV003,19,18,OK
2025-03-28,B04,SNK001,19,21,OK
2025-03-28,B04,SNK003,12,19,OK
2025-03-28,B04,HOU003,12,18,OK
2025-03-28,B04,RTE001,13,22,LOW
2025-03-28,B04,HOU001,8,16,LOW
2025-03-28,B04,RTE004,24,28,LOW
2025-03-28,B05,RTE003,26,31,LOW
2025-03-28,B05,BEV003,21,27,OK
2025-03-28,B05,SNK001,18,23,LOW
2025-03-28,B05,SNK003,26,29,LOW
2025-03-28,B05,HOU003,22,29,OK
2025-03-28,B05,RTE001,20,24,LOW
2025-03-28,B05,HOU001,29,33,LOW
2025-03-28,B05,RTE004,26,28,LOW
2025-03-28,B06,RTE003,4,13,OK
2025-03-28,B06,BEV003,18,22,LOW
2025-03-28,B06,SNK001,13,23,OK
2025-03-28,B06,SNK003,20,25,OK
2025-03-28,B06,HOU003,21,28,LOW
2025-03-28,B06,RTE001,19,21,LOW
2025-03-28,B06,HOU001,8,15,LOW
2025-03-28,B06,RTE004,8,15,LOW
2025-03-29,B01,BEV004,10,8,LOW
2025-03-29,B01,SNK004,23,27,LOW
2025-03-29,B01,HOU002,32,42,LOW
2025-03-29,B01,SNK003,7,18,OK
2025-03-29,B01,BEV003,31,36,OK
2025-03-29,B01,RTE004,31,35,OK
2025-03-29,B01,HOU001,23,34,LOW
2025-03-29,B01,DES002,20,25,OK
2025-03-29,B02,BEV004,8,19,OK
2025-03-29,B02,SNK004,26,28,LOW
2025-03-29,B02,HOU002,12,18,OK
2025-03-29,B02,SNK003,19,24,LOW
2025-03-29,B02,BEV003,21,25,OK
2025-03-29,B02,RTE004,24,35,OK
2025-03-29,B02,HOU001,22,27,OK
2025-03-29,B02,DES002,12,16,LOW
2025-03-29,B03,BEV004,20,24,LOW
2025-03-29,B03,SNK004,23,27,OK
2025-03-29,B03,HOU002,37,45,OK
2025-03-29,B03,SNK003,22,27,LOW
2025-03-29,B03,BEV003,5,10,LOW
2025-03-29,B03,RTE004,20,26,OK
2025-03-29,B03,HOU001,13,19,LOW
2025-03-29,B03,DES002,25,30,OK
2025-03-29,B04,BEV004,13,18,LOW
2025-03-29,B04,SNK004,7,18,LOW
2025-03-29,B04,HOU002,25,25,LOW
2025-03-29,B04,SNK003,21,30,OK
2025-03-29,B04,BEV003,17,20,LOW
2025-03-29,B04,RTE004,21,30,LOW
2025-03-29,B04,HOU001,20,26,LOW
2025-03-29,B04,DES002,21,23,OK
2025-03-29,B05,BEV004,19,23,OK
2025-03-29,B05,SNK004,20,27,OK
2025-03-29,B05,HOU002,1,2,LOW
2025-03-29,B05,SNK003,15,21,OK
2025-03-29,B05,BEV003,21,29,LOW
2025-03-29,B05,RTE004,16,15,LOW
2025-03-29,B05,HOU001,18,21,OK
2025-03-29,B05,DES002,22,28,OK
2025-03-29,B06,BEV004,7,14,OK
2025-03-29,B06,SNK004,21,27,OK
2025-03-29,B06,HOU002,20,22,OK
2025-03-29,B06,SNK003,17,26,LOW
2025-03-29,B06,BEV003,14,16,OK
2025-03-29,B06,RTE004,17,17,LOW
2025-03-29,B06,HOU001,28,32,OK
2025-03-29,B06,DES002,14,20,OK
2025-03-30,B01,DES002,15,23,OK
2025-03-30,B01,DES003,0,0,LOW
2025-03-30,B01,HOU003,15,23,OK
2025-03-30,B01,RTE003,3,3,OK
2025-03-30,B01,BEV001,16,21,OK
2025-03-30,B01,RTE002,7,7,OK
2025-03-30,B01,SNK004,23,30,OK
2025-03-30,B01,BEV003,16,20,OK
2025-03-30,B02,DES002,31,39,OK
2025-03-30,B02,DES003,13,16,LOW
2025-03-30,B02,HOU003,17,23,OK
2025-03-30,B02,RTE003,6,15,OK
2025-03-30,B02,BEV001,12,11,LOW
2025-03-30,B02,RTE002,28,31,OK
2025-03-30,B02,SNK004,18,19,OK
2025-03-30,B02,BEV003,19,22,LOW
2025-03-30,B03,DES002,4,7,OK
2025-03-30,B03,DES003,19,23,LOW
2025-03-30,B03,HOU003,37,43,OK
2025-03-30,B03,RTE003,7,13,LOW
2025-03-30,B03,BEV001,19,21,OK
2025-03-30,B03,RTE002,12,17,LOW
2025-03-30,B03,SNK004,16,18,LOW
2025-03-30,B03,BEV003,13,14,LOW
2025-03-30,B04,DES002,22,27,LOW
2025-03-30,B04,DES003,15,20,OK
2025-03-30,B04,HOU003,13,21,LOW
2025-03-30,B04,RTE003,18,25,LOW
2025-03-30,B04,BEV001,30,30,OK
2025-03-30,B04,RTE002,19,21,OK
2025-03-30,B04,SNK004,16,19,LOW
2025-03-30,B04,BEV003,6,5,LOW
2025-03-30,B05,DES002,27,31,LOW
2025-03-30,B05,DES003,27,35,LOW
2025-03-30,B05,HOU003,16,18,OK
2025-03-30,B05,RTE003,42,55,OK
2025-03-30,B05,BEV001,14,19,OK
2025-03-30,B05,RTE002,18,20,OK
2025-03-30,B05,SNK004,13,16,OK
2025-03-30,B05,BEV003,12,18,OK
2025-03-30,B06,DES002,20,28,OK
2025-03-30,B06,DES003,24,28,OK
2025-03-30,B06,HOU003,20,28,LOW
2025-03-30,B06,RTE003,20,22,OK
2025-03-30,B06,BEV001,23,30,OK
2025-03-30,B06,RTE002,10,17,OK
2025-03-30,B06,SNK004,14,16,OK
2025-03-30,B06,BEV003,38,44,OK
2025-03-31,B01,SNK003,19,23,LOW
2025-03-31,B01,BEV003,21,31,LOW
2025-03-31,B01,BEV002,14,17,OK
2025-03-31,B01,DES001,22,26,LOW
2025-03-31,B01,HOU003,21,23,LOW
2025-03-31,B01,SNK004,20,22,LOW
2025-03-31,B01,DES002,14,14,OK
2025-03-31,B01,HOU001,14,18,OK
2025-03-31,B02,SNK003,22,26,OK
2025-03-31,B02,BEV003,23,31,OK
2025-03-31,B02,BEV002,0,4,OK
2025-03-31,B02,DES001,19,24,LOW
2025-03-31,B02,HOU003,14,20,OK
2025-03-31,B02,SNK004,30,38,OK
2025-03-31,B02,DES002,13,21,OK
2025-03-31,B02,HOU001,10,15,OK
2025-03-31,B03,SNK003,30,34,OK
2025-03-31,B03,BEV003,24,31,LOW
2025-03-31,B03,BEV002,28,32,LOW
2025-03-31,B03,DES001,16,20,OK
2025-03-31,B03,HOU003,25,28,OK
2025-03-31,B03,SNK004,12,16,OK
2025-03-31,B03,DES002,23,31,OK
2025-03-31,B03,HOU001,12,16,LOW
2025-03-31,B04,SNK003,11,16,OK
2025-03-31,B04,BEV003,25,21,LOW
2025-03-31,B04,BEV002,15,16,OK
2025-03-31,B04,DES001,20,25,OK
2025-03-31,B04,HOU003,16,22,LOW
2025-03-31,B04,SNK004,22,29,OK
2025-03-31,B04,DES002,21,27,LOW
2025-03-31,B04,HOU001,11,21,OK
2025-03-31,B05,SNK003,28,31,OK
2025-03-31,B05,BEV003,16,23,OK
2025-03-31,B05,BEV002,11,19,LOW
2025-03-31,B05,DES001,20,29,LOW
2025-03-31,B05,HOU003,13,14,OK
2025-03-31,B05,SNK004,8,10,OK
2025-03-31,B05,DES002,14,9,OK
2025-03-31,B05,HOU001,21,33,OK
2025-03-31,B06,SNK003,0,7,LOW
2025-03-31,B06,BEV003,21,29,OK
2025-03-31,B06,BEV002,15,23,OK
2025-03-31,B06,DES001,21,26,LOW
2025-03-31,B06,HOU003,8,13,OK
2025-03-31,B06,SNK004,29,38,OK
2025-03-31,B06,DES002,23,23,OK
2025-03-31,B06,HOU001,16,28,LOW
